--
-- PostgreSQL database dump
--

-- Dumped from database version 12.6 (Ubuntu 12.6-0ubuntu0.20.04.1)
-- Dumped by pg_dump version 12.6 (Ubuntu 12.6-0ubuntu0.20.04.1)

SET statement_timeout = 0;
SET lock_timeout = 0;
SET idle_in_transaction_session_timeout = 0;
SET client_encoding = 'UTF8';
SET standard_conforming_strings = on;
SELECT pg_catalog.set_config('search_path', '', false);
SET check_function_bodies = false;
SET xmloption = content;
SET client_min_messages = warning;
SET row_security = off;

SET default_tablespace = '';

SET default_table_access_method = heap;

--
-- Name: auth_group; Type: TABLE; Schema: public; Owner: postgres
--

CREATE TABLE public.auth_group (
    id integer NOT NULL,
    name character varying(150) NOT NULL
);


ALTER TABLE public.auth_group OWNER TO postgres;

--
-- Name: auth_group_id_seq; Type: SEQUENCE; Schema: public; Owner: postgres
--

CREATE SEQUENCE public.auth_group_id_seq
    AS integer
    START WITH 1
    INCREMENT BY 1
    NO MINVALUE
    NO MAXVALUE
    CACHE 1;


ALTER TABLE public.auth_group_id_seq OWNER TO postgres;

--
-- Name: auth_group_id_seq; Type: SEQUENCE OWNED BY; Schema: public; Owner: postgres
--

ALTER SEQUENCE public.auth_group_id_seq OWNED BY public.auth_group.id;


--
-- Name: auth_group_permissions; Type: TABLE; Schema: public; Owner: postgres
--

CREATE TABLE public.auth_group_permissions (
    id integer NOT NULL,
    group_id integer NOT NULL,
    permission_id integer NOT NULL
);


ALTER TABLE public.auth_group_permissions OWNER TO postgres;

--
-- Name: auth_group_permissions_id_seq; Type: SEQUENCE; Schema: public; Owner: postgres
--

CREATE SEQUENCE public.auth_group_permissions_id_seq
    AS integer
    START WITH 1
    INCREMENT BY 1
    NO MINVALUE
    NO MAXVALUE
    CACHE 1;


ALTER TABLE public.auth_group_permissions_id_seq OWNER TO postgres;

--
-- Name: auth_group_permissions_id_seq; Type: SEQUENCE OWNED BY; Schema: public; Owner: postgres
--

ALTER SEQUENCE public.auth_group_permissions_id_seq OWNED BY public.auth_group_permissions.id;


--
-- Name: auth_permission; Type: TABLE; Schema: public; Owner: postgres
--

CREATE TABLE public.auth_permission (
    id integer NOT NULL,
    name character varying(255) NOT NULL,
    content_type_id integer NOT NULL,
    codename character varying(100) NOT NULL
);


ALTER TABLE public.auth_permission OWNER TO postgres;

--
-- Name: auth_permission_id_seq; Type: SEQUENCE; Schema: public; Owner: postgres
--

CREATE SEQUENCE public.auth_permission_id_seq
    AS integer
    START WITH 1
    INCREMENT BY 1
    NO MINVALUE
    NO MAXVALUE
    CACHE 1;


ALTER TABLE public.auth_permission_id_seq OWNER TO postgres;

--
-- Name: auth_permission_id_seq; Type: SEQUENCE OWNED BY; Schema: public; Owner: postgres
--

ALTER SEQUENCE public.auth_permission_id_seq OWNED BY public.auth_permission.id;


--
-- Name: auth_user; Type: TABLE; Schema: public; Owner: postgres
--

CREATE TABLE public.auth_user (
    id integer NOT NULL,
    password character varying(128) NOT NULL,
    last_login timestamp with time zone,
    is_superuser boolean NOT NULL,
    username character varying(150) NOT NULL,
    first_name character varying(150) NOT NULL,
    last_name character varying(150) NOT NULL,
    email character varying(254) NOT NULL,
    is_staff boolean NOT NULL,
    is_active boolean NOT NULL,
    date_joined timestamp with time zone NOT NULL
);


ALTER TABLE public.auth_user OWNER TO postgres;

--
-- Name: auth_user_groups; Type: TABLE; Schema: public; Owner: postgres
--

CREATE TABLE public.auth_user_groups (
    id integer NOT NULL,
    user_id integer NOT NULL,
    group_id integer NOT NULL
);


ALTER TABLE public.auth_user_groups OWNER TO postgres;

--
-- Name: auth_user_groups_id_seq; Type: SEQUENCE; Schema: public; Owner: postgres
--

CREATE SEQUENCE public.auth_user_groups_id_seq
    AS integer
    START WITH 1
    INCREMENT BY 1
    NO MINVALUE
    NO MAXVALUE
    CACHE 1;


ALTER TABLE public.auth_user_groups_id_seq OWNER TO postgres;

--
-- Name: auth_user_groups_id_seq; Type: SEQUENCE OWNED BY; Schema: public; Owner: postgres
--

ALTER SEQUENCE public.auth_user_groups_id_seq OWNED BY public.auth_user_groups.id;


--
-- Name: auth_user_id_seq; Type: SEQUENCE; Schema: public; Owner: postgres
--

CREATE SEQUENCE public.auth_user_id_seq
    AS integer
    START WITH 1
    INCREMENT BY 1
    NO MINVALUE
    NO MAXVALUE
    CACHE 1;


ALTER TABLE public.auth_user_id_seq OWNER TO postgres;

--
-- Name: auth_user_id_seq; Type: SEQUENCE OWNED BY; Schema: public; Owner: postgres
--

ALTER SEQUENCE public.auth_user_id_seq OWNED BY public.auth_user.id;


--
-- Name: auth_user_user_permissions; Type: TABLE; Schema: public; Owner: postgres
--

CREATE TABLE public.auth_user_user_permissions (
    id integer NOT NULL,
    user_id integer NOT NULL,
    permission_id integer NOT NULL
);


ALTER TABLE public.auth_user_user_permissions OWNER TO postgres;

--
-- Name: auth_user_user_permissions_id_seq; Type: SEQUENCE; Schema: public; Owner: postgres
--

CREATE SEQUENCE public.auth_user_user_permissions_id_seq
    AS integer
    START WITH 1
    INCREMENT BY 1
    NO MINVALUE
    NO MAXVALUE
    CACHE 1;


ALTER TABLE public.auth_user_user_permissions_id_seq OWNER TO postgres;

--
-- Name: auth_user_user_permissions_id_seq; Type: SEQUENCE OWNED BY; Schema: public; Owner: postgres
--

ALTER SEQUENCE public.auth_user_user_permissions_id_seq OWNED BY public.auth_user_user_permissions.id;


--
-- Name: django_admin_log; Type: TABLE; Schema: public; Owner: postgres
--

CREATE TABLE public.django_admin_log (
    id integer NOT NULL,
    action_time timestamp with time zone NOT NULL,
    object_id text,
    object_repr character varying(200) NOT NULL,
    action_flag smallint NOT NULL,
    change_message text NOT NULL,
    content_type_id integer,
    user_id integer NOT NULL,
    CONSTRAINT django_admin_log_action_flag_check CHECK ((action_flag >= 0))
);


ALTER TABLE public.django_admin_log OWNER TO postgres;

--
-- Name: django_admin_log_id_seq; Type: SEQUENCE; Schema: public; Owner: postgres
--

CREATE SEQUENCE public.django_admin_log_id_seq
    AS integer
    START WITH 1
    INCREMENT BY 1
    NO MINVALUE
    NO MAXVALUE
    CACHE 1;


ALTER TABLE public.django_admin_log_id_seq OWNER TO postgres;

--
-- Name: django_admin_log_id_seq; Type: SEQUENCE OWNED BY; Schema: public; Owner: postgres
--

ALTER SEQUENCE public.django_admin_log_id_seq OWNED BY public.django_admin_log.id;


--
-- Name: django_content_type; Type: TABLE; Schema: public; Owner: postgres
--

CREATE TABLE public.django_content_type (
    id integer NOT NULL,
    app_label character varying(100) NOT NULL,
    model character varying(100) NOT NULL
);


ALTER TABLE public.django_content_type OWNER TO postgres;

--
-- Name: django_content_type_id_seq; Type: SEQUENCE; Schema: public; Owner: postgres
--

CREATE SEQUENCE public.django_content_type_id_seq
    AS integer
    START WITH 1
    INCREMENT BY 1
    NO MINVALUE
    NO MAXVALUE
    CACHE 1;


ALTER TABLE public.django_content_type_id_seq OWNER TO postgres;

--
-- Name: django_content_type_id_seq; Type: SEQUENCE OWNED BY; Schema: public; Owner: postgres
--

ALTER SEQUENCE public.django_content_type_id_seq OWNED BY public.django_content_type.id;


--
-- Name: django_migrations; Type: TABLE; Schema: public; Owner: postgres
--

CREATE TABLE public.django_migrations (
    id integer NOT NULL,
    app character varying(255) NOT NULL,
    name character varying(255) NOT NULL,
    applied timestamp with time zone NOT NULL
);


ALTER TABLE public.django_migrations OWNER TO postgres;

--
-- Name: django_migrations_id_seq; Type: SEQUENCE; Schema: public; Owner: postgres
--

CREATE SEQUENCE public.django_migrations_id_seq
    AS integer
    START WITH 1
    INCREMENT BY 1
    NO MINVALUE
    NO MAXVALUE
    CACHE 1;


ALTER TABLE public.django_migrations_id_seq OWNER TO postgres;

--
-- Name: django_migrations_id_seq; Type: SEQUENCE OWNED BY; Schema: public; Owner: postgres
--

ALTER SEQUENCE public.django_migrations_id_seq OWNED BY public.django_migrations.id;


--
-- Name: django_session; Type: TABLE; Schema: public; Owner: postgres
--

CREATE TABLE public.django_session (
    session_key character varying(40) NOT NULL,
    session_data text NOT NULL,
    expire_date timestamp with time zone NOT NULL
);


ALTER TABLE public.django_session OWNER TO postgres;

--
-- Name: forceartsapi_category; Type: TABLE; Schema: public; Owner: postgres
--

CREATE TABLE public.forceartsapi_category (
    id integer NOT NULL,
    title character varying(255),
    description text,
    image character varying(100),
    rank integer
);


ALTER TABLE public.forceartsapi_category OWNER TO postgres;

--
-- Name: forceartsapi_category_id_seq; Type: SEQUENCE; Schema: public; Owner: postgres
--

CREATE SEQUENCE public.forceartsapi_category_id_seq
    AS integer
    START WITH 1
    INCREMENT BY 1
    NO MINVALUE
    NO MAXVALUE
    CACHE 1;


ALTER TABLE public.forceartsapi_category_id_seq OWNER TO postgres;

--
-- Name: forceartsapi_category_id_seq; Type: SEQUENCE OWNED BY; Schema: public; Owner: postgres
--

ALTER SEQUENCE public.forceartsapi_category_id_seq OWNED BY public.forceartsapi_category.id;


--
-- Name: forceartsapi_contactus; Type: TABLE; Schema: public; Owner: postgres
--

CREATE TABLE public.forceartsapi_contactus (
    id integer NOT NULL,
    full_name character varying(255) NOT NULL,
    email character varying(254) NOT NULL,
    message text NOT NULL
);


ALTER TABLE public.forceartsapi_contactus OWNER TO postgres;

--
-- Name: forceartsapi_contactus_id_seq; Type: SEQUENCE; Schema: public; Owner: postgres
--

CREATE SEQUENCE public.forceartsapi_contactus_id_seq
    AS integer
    START WITH 1
    INCREMENT BY 1
    NO MINVALUE
    NO MAXVALUE
    CACHE 1;


ALTER TABLE public.forceartsapi_contactus_id_seq OWNER TO postgres;

--
-- Name: forceartsapi_contactus_id_seq; Type: SEQUENCE OWNED BY; Schema: public; Owner: postgres
--

ALTER SEQUENCE public.forceartsapi_contactus_id_seq OWNED BY public.forceartsapi_contactus.id;


--
-- Name: forceartsapi_wallpaper; Type: TABLE; Schema: public; Owner: postgres
--

CREATE TABLE public.forceartsapi_wallpaper (
    id integer NOT NULL,
    image character varying(100),
    collection_id integer NOT NULL,
    upload_time timestamp with time zone,
    description text,
    views integer NOT NULL,
    visibility boolean NOT NULL,
    likes integer NOT NULL
);


ALTER TABLE public.forceartsapi_wallpaper OWNER TO postgres;

--
-- Name: forceartsapi_wallpaper_id_seq; Type: SEQUENCE; Schema: public; Owner: postgres
--

CREATE SEQUENCE public.forceartsapi_wallpaper_id_seq
    AS integer
    START WITH 1
    INCREMENT BY 1
    NO MINVALUE
    NO MAXVALUE
    CACHE 1;


ALTER TABLE public.forceartsapi_wallpaper_id_seq OWNER TO postgres;

--
-- Name: forceartsapi_wallpaper_id_seq; Type: SEQUENCE OWNED BY; Schema: public; Owner: postgres
--

ALTER SEQUENCE public.forceartsapi_wallpaper_id_seq OWNED BY public.forceartsapi_wallpaper.id;


--
-- Name: taggit_tag; Type: TABLE; Schema: public; Owner: postgres
--

CREATE TABLE public.taggit_tag (
    id integer NOT NULL,
    name character varying(100) NOT NULL,
    slug character varying(100) NOT NULL
);


ALTER TABLE public.taggit_tag OWNER TO postgres;

--
-- Name: taggit_tag_id_seq; Type: SEQUENCE; Schema: public; Owner: postgres
--

CREATE SEQUENCE public.taggit_tag_id_seq
    AS integer
    START WITH 1
    INCREMENT BY 1
    NO MINVALUE
    NO MAXVALUE
    CACHE 1;


ALTER TABLE public.taggit_tag_id_seq OWNER TO postgres;

--
-- Name: taggit_tag_id_seq; Type: SEQUENCE OWNED BY; Schema: public; Owner: postgres
--

ALTER SEQUENCE public.taggit_tag_id_seq OWNED BY public.taggit_tag.id;


--
-- Name: taggit_taggeditem; Type: TABLE; Schema: public; Owner: postgres
--

CREATE TABLE public.taggit_taggeditem (
    id integer NOT NULL,
    object_id integer NOT NULL,
    content_type_id integer NOT NULL,
    tag_id integer NOT NULL
);


ALTER TABLE public.taggit_taggeditem OWNER TO postgres;

--
-- Name: taggit_taggeditem_id_seq; Type: SEQUENCE; Schema: public; Owner: postgres
--

CREATE SEQUENCE public.taggit_taggeditem_id_seq
    AS integer
    START WITH 1
    INCREMENT BY 1
    NO MINVALUE
    NO MAXVALUE
    CACHE 1;


ALTER TABLE public.taggit_taggeditem_id_seq OWNER TO postgres;

--
-- Name: taggit_taggeditem_id_seq; Type: SEQUENCE OWNED BY; Schema: public; Owner: postgres
--

ALTER SEQUENCE public.taggit_taggeditem_id_seq OWNED BY public.taggit_taggeditem.id;


--
-- Name: auth_group id; Type: DEFAULT; Schema: public; Owner: postgres
--

ALTER TABLE ONLY public.auth_group ALTER COLUMN id SET DEFAULT nextval('public.auth_group_id_seq'::regclass);


--
-- Name: auth_group_permissions id; Type: DEFAULT; Schema: public; Owner: postgres
--

ALTER TABLE ONLY public.auth_group_permissions ALTER COLUMN id SET DEFAULT nextval('public.auth_group_permissions_id_seq'::regclass);


--
-- Name: auth_permission id; Type: DEFAULT; Schema: public; Owner: postgres
--

ALTER TABLE ONLY public.auth_permission ALTER COLUMN id SET DEFAULT nextval('public.auth_permission_id_seq'::regclass);


--
-- Name: auth_user id; Type: DEFAULT; Schema: public; Owner: postgres
--

ALTER TABLE ONLY public.auth_user ALTER COLUMN id SET DEFAULT nextval('public.auth_user_id_seq'::regclass);


--
-- Name: auth_user_groups id; Type: DEFAULT; Schema: public; Owner: postgres
--

ALTER TABLE ONLY public.auth_user_groups ALTER COLUMN id SET DEFAULT nextval('public.auth_user_groups_id_seq'::regclass);


--
-- Name: auth_user_user_permissions id; Type: DEFAULT; Schema: public; Owner: postgres
--

ALTER TABLE ONLY public.auth_user_user_permissions ALTER COLUMN id SET DEFAULT nextval('public.auth_user_user_permissions_id_seq'::regclass);


--
-- Name: django_admin_log id; Type: DEFAULT; Schema: public; Owner: postgres
--

ALTER TABLE ONLY public.django_admin_log ALTER COLUMN id SET DEFAULT nextval('public.django_admin_log_id_seq'::regclass);


--
-- Name: django_content_type id; Type: DEFAULT; Schema: public; Owner: postgres
--

ALTER TABLE ONLY public.django_content_type ALTER COLUMN id SET DEFAULT nextval('public.django_content_type_id_seq'::regclass);


--
-- Name: django_migrations id; Type: DEFAULT; Schema: public; Owner: postgres
--

ALTER TABLE ONLY public.django_migrations ALTER COLUMN id SET DEFAULT nextval('public.django_migrations_id_seq'::regclass);


--
-- Name: forceartsapi_category id; Type: DEFAULT; Schema: public; Owner: postgres
--

ALTER TABLE ONLY public.forceartsapi_category ALTER COLUMN id SET DEFAULT nextval('public.forceartsapi_category_id_seq'::regclass);


--
-- Name: forceartsapi_contactus id; Type: DEFAULT; Schema: public; Owner: postgres
--

ALTER TABLE ONLY public.forceartsapi_contactus ALTER COLUMN id SET DEFAULT nextval('public.forceartsapi_contactus_id_seq'::regclass);


--
-- Name: forceartsapi_wallpaper id; Type: DEFAULT; Schema: public; Owner: postgres
--

ALTER TABLE ONLY public.forceartsapi_wallpaper ALTER COLUMN id SET DEFAULT nextval('public.forceartsapi_wallpaper_id_seq'::regclass);


--
-- Name: taggit_tag id; Type: DEFAULT; Schema: public; Owner: postgres
--

ALTER TABLE ONLY public.taggit_tag ALTER COLUMN id SET DEFAULT nextval('public.taggit_tag_id_seq'::regclass);


--
-- Name: taggit_taggeditem id; Type: DEFAULT; Schema: public; Owner: postgres
--

ALTER TABLE ONLY public.taggit_taggeditem ALTER COLUMN id SET DEFAULT nextval('public.taggit_taggeditem_id_seq'::regclass);


--
-- Data for Name: auth_group; Type: TABLE DATA; Schema: public; Owner: postgres
--

COPY public.auth_group (id, name) FROM stdin;
\.


--
-- Data for Name: auth_group_permissions; Type: TABLE DATA; Schema: public; Owner: postgres
--

COPY public.auth_group_permissions (id, group_id, permission_id) FROM stdin;
\.


--
-- Data for Name: auth_permission; Type: TABLE DATA; Schema: public; Owner: postgres
--

COPY public.auth_permission (id, name, content_type_id, codename) FROM stdin;
1	Can add log entry	1	add_logentry
2	Can change log entry	1	change_logentry
3	Can delete log entry	1	delete_logentry
4	Can view log entry	1	view_logentry
5	Can add permission	2	add_permission
6	Can change permission	2	change_permission
7	Can delete permission	2	delete_permission
8	Can view permission	2	view_permission
9	Can add group	3	add_group
10	Can change group	3	change_group
11	Can delete group	3	delete_group
12	Can view group	3	view_group
13	Can add user	4	add_user
14	Can change user	4	change_user
15	Can delete user	4	delete_user
16	Can view user	4	view_user
17	Can add content type	5	add_contenttype
18	Can change content type	5	change_contenttype
19	Can delete content type	5	delete_contenttype
20	Can view content type	5	view_contenttype
21	Can add session	6	add_session
22	Can change session	6	change_session
23	Can delete session	6	delete_session
24	Can view session	6	view_session
25	Can add Category	7	add_category
26	Can change Category	7	change_category
27	Can delete Category	7	delete_category
28	Can view Category	7	view_category
29	Can add Wallpaper	8	add_wallpaper
30	Can change Wallpaper	8	change_wallpaper
31	Can delete Wallpaper	8	delete_wallpaper
32	Can view Wallpaper	8	view_wallpaper
33	Can add Contact-Us	9	add_contactus
34	Can change Contact-Us	9	change_contactus
35	Can delete Contact-Us	9	delete_contactus
36	Can view Contact-Us	9	view_contactus
37	Can add tag	10	add_tag
38	Can change tag	10	change_tag
39	Can delete tag	10	delete_tag
40	Can view tag	10	view_tag
41	Can add tagged item	11	add_taggeditem
42	Can change tagged item	11	change_taggeditem
43	Can delete tagged item	11	delete_taggeditem
44	Can view tagged item	11	view_taggeditem
\.


--
-- Data for Name: auth_user; Type: TABLE DATA; Schema: public; Owner: postgres
--

COPY public.auth_user (id, password, last_login, is_superuser, username, first_name, last_name, email, is_staff, is_active, date_joined) FROM stdin;
2	pbkdf2_sha256$216000$hiXFK2Iu9c9i$fAX33W/xYQN99NWikNC+T47dm8MwumBvUUK1piw+rb4=	2021-05-05 10:53:48+00	f	javokhir	Javokhir	Nazarov		f	t	2021-03-28 13:31:06+00
1	pbkdf2_sha256$216000$uVRgzQuFBOMY$HvWFMrU70s+5caElSakW4P6JHWBMqGtE9DWa6koQrVs=	2022-02-03 19:39:02.691072+00	t	shukhrat			shux121995@gmail.com	t	t	2021-03-25 09:35:43.662374+00
3	pbkdf2_sha256$216000$Ag9M6aSXUcYr$WPQuR63+67Yi23HV/5d2UG1lXMA6FMb34FWD1SpMYzs=	2022-02-24 09:51:28.588041+00	f	saidjamol	Saidjamol	Jiyankhodjaev		t	t	2021-06-20 04:00:05+00
\.


--
-- Data for Name: auth_user_groups; Type: TABLE DATA; Schema: public; Owner: postgres
--

COPY public.auth_user_groups (id, user_id, group_id) FROM stdin;
\.


--
-- Data for Name: auth_user_user_permissions; Type: TABLE DATA; Schema: public; Owner: postgres
--

COPY public.auth_user_user_permissions (id, user_id, permission_id) FROM stdin;
1	2	21
2	2	22
3	2	23
4	2	24
5	2	25
6	2	26
7	2	27
8	2	28
9	2	29
10	2	30
11	2	31
12	2	32
13	2	33
14	2	34
15	2	35
16	2	36
17	2	37
18	2	38
19	2	39
20	2	40
21	2	41
22	2	42
23	2	43
24	2	44
25	3	25
26	3	26
27	3	27
28	3	28
29	3	29
30	3	30
31	3	31
32	3	32
33	3	33
34	3	34
35	3	35
36	3	36
37	3	37
38	3	38
39	3	39
40	3	40
41	3	41
42	3	42
43	3	43
44	3	44
\.


--
-- Data for Name: django_admin_log; Type: TABLE DATA; Schema: public; Owner: postgres
--

COPY public.django_admin_log (id, action_time, object_id, object_repr, action_flag, change_message, content_type_id, user_id) FROM stdin;
1	2021-03-25 11:28:37.121959+00	1	darth vader	1	[{"added": {}}, {"added": {"name": "Wallpaper", "object": "Wallpaper object (1)"}}, {"added": {"name": "Wallpaper", "object": "Wallpaper object (2)"}}]	7	1
2	2021-03-28 13:09:05.057179+00	2	jar jar binks	1	[{"added": {}}]	7	1
3	2021-03-28 13:09:44.559159+00	3	thrawn	1	[{"added": {}}]	7	1
4	2021-03-28 13:10:08.367654+00	4	count dooku	1	[{"added": {}}]	7	1
5	2021-03-28 13:10:33.659619+00	5	commander rex	1	[{"added": {}}]	7	1
6	2021-03-28 13:11:14.350504+00	6	revan	1	[{"added": {}}]	7	1
7	2021-03-28 13:11:42.710195+00	7	anakin skywalker	1	[{"added": {}}]	7	1
8	2021-03-28 13:12:07.845165+00	8	ahsoka tano	1	[{"added": {}}]	7	1
9	2021-03-28 13:12:38.179316+00	9	boba fett	1	[{"added": {}}]	7	1
10	2021-03-28 13:13:05.505814+00	10	rey	1	[{"added": {}}]	7	1
11	2021-03-28 13:13:40.680054+00	11	bb-8	1	[{"added": {}}]	7	1
12	2021-03-28 13:14:03.41717+00	12	darth maul	1	[{"added": {}}]	7	1
13	2021-03-28 13:14:33.417857+00	13	jabba the hutt	1	[{"added": {}}]	7	1
14	2021-03-28 13:15:02.522613+00	14	mace windu	1	[{"added": {}}]	7	1
15	2021-03-28 13:15:37.015942+00	15	darth sidious	1	[{"added": {}}]	7	1
16	2021-03-28 13:16:02.658708+00	16	finn	1	[{"added": {}}]	7	1
17	2021-03-28 13:16:26.239774+00	17	admiral ackbar	1	[{"added": {}}]	7	1
18	2021-03-28 13:17:15.106469+00	18	qui-gon jinn	1	[{"added": {}}]	7	1
19	2021-03-28 13:17:39.076976+00	19	general grievous	1	[{"added": {}}]	7	1
20	2021-03-28 13:18:08.947387+00	20	jango-fett	1	[{"added": {}}]	7	1
21	2021-03-28 13:18:33.414593+00	21	c-3po	1	[{"added": {}}]	7	1
22	2021-03-28 13:18:55.290545+00	22	chewbacca	1	[{"added": {}}]	7	1
23	2021-03-28 13:19:19.591325+00	23	luke skywalker	1	[{"added": {}}]	7	1
24	2021-03-28 13:19:40.328773+00	24	han solo	1	[{"added": {}}]	7	1
25	2021-03-28 13:20:04.305819+00	25	obi-wan kenobi	1	[{"added": {}}]	7	1
26	2021-03-28 13:20:24.90905+00	26	princess leia	1	[{"added": {}}]	7	1
27	2021-03-28 13:20:52.012829+00	27	r2-d2	1	[{"added": {}}]	7	1
28	2021-03-28 13:21:12.217773+00	28	yoda	1	[{"added": {}}]	7	1
29	2021-03-28 13:21:33.255838+00	29	padme	1	[{"added": {}}]	7	1
30	2021-03-28 13:22:03.855833+00	30	kylo ren	1	[{"added": {}}]	7	1
31	2021-03-28 13:31:07.028265+00	2	javokhir	1	[{"added": {}}]	4	1
32	2021-03-28 13:32:28.212162+00	2	javokhir	2	[{"changed": {"fields": ["First name", "Last name", "Staff status", "User permissions", "Last login"]}}]	4	1
33	2021-03-28 13:40:24.756919+00	29	padme	2	[{"added": {"name": "Wallpaper", "object": "Wallpaper object (3)"}}, {"added": {"name": "Wallpaper", "object": "Wallpaper object (4)"}}]	7	2
34	2021-03-28 13:47:45.406888+00	5	Wallpaper object (5)	1	[{"added": {}}]	8	2
35	2021-03-29 06:11:01.659578+00	30	kylo ren	3		7	1
36	2021-03-29 06:11:01.662709+00	29	padme	3		7	1
37	2021-03-29 06:11:01.664276+00	28	yoda	3		7	1
38	2021-03-29 06:11:01.674331+00	27	r2-d2	3		7	1
39	2021-03-29 06:11:01.676342+00	26	princess leia	3		7	1
40	2021-03-29 06:11:01.678433+00	25	obi-wan kenobi	3		7	1
41	2021-03-29 06:11:01.679868+00	24	han solo	3		7	1
42	2021-03-29 06:11:01.680856+00	23	luke skywalker	3		7	1
43	2021-03-29 06:11:01.681865+00	22	chewbacca	3		7	1
44	2021-03-29 06:11:01.682842+00	21	c-3po	3		7	1
45	2021-03-29 06:11:01.683823+00	20	jango-fett	3		7	1
46	2021-03-29 06:11:01.684851+00	19	general grievous	3		7	1
47	2021-03-29 06:11:01.685851+00	18	qui-gon jinn	3		7	1
48	2021-03-29 06:11:01.686849+00	17	admiral ackbar	3		7	1
49	2021-03-29 06:11:01.687879+00	16	finn	3		7	1
50	2021-03-29 06:11:01.688943+00	15	darth sidious	3		7	1
51	2021-03-29 06:11:01.689924+00	14	mace windu	3		7	1
52	2021-03-29 06:11:01.690959+00	13	jabba the hutt	3		7	1
53	2021-03-29 06:11:01.691986+00	12	darth maul	3		7	1
54	2021-03-29 06:11:01.692956+00	11	bb-8	3		7	1
55	2021-03-29 06:11:01.693987+00	10	rey	3		7	1
56	2021-03-29 06:11:01.694985+00	9	boba fett	3		7	1
57	2021-03-29 06:11:01.695984+00	8	ahsoka tano	3		7	1
58	2021-03-29 06:11:01.696957+00	7	anakin skywalker	3		7	1
59	2021-03-29 06:11:01.697947+00	6	revan	3		7	1
60	2021-03-29 06:11:01.698905+00	5	commander rex	3		7	1
61	2021-03-29 06:11:01.699949+00	4	count dooku	3		7	1
62	2021-03-29 06:11:01.700961+00	3	thrawn	3		7	1
63	2021-03-29 06:11:01.701918+00	2	jar jar binks	3		7	1
64	2021-03-29 06:11:01.702965+00	1	darth vader	3		7	1
65	2021-03-29 06:11:18.150095+00	3	Amidala	3		10	1
66	2021-03-29 06:11:18.151708+00	4	ahsoka	3		10	1
67	2021-03-29 06:11:18.152619+00	1	darth	3		10	1
68	2021-03-29 06:11:18.153461+00	5	tano	3		10	1
69	2021-03-29 06:11:18.154382+00	2	vader	3		10	1
70	2021-03-29 06:33:17.031074+00	31	Others	1	[{"added": {}}, {"added": {"name": "Wallpaper", "object": "Wallpaper object (6)"}}]	7	2
71	2021-03-29 06:34:54.496309+00	32	Rey	1	[{"added": {}}, {"added": {"name": "Wallpaper", "object": "Wallpaper object (7)"}}]	7	2
72	2021-03-29 06:38:32.147311+00	33	Darth Vader	1	[{"added": {}}]	7	2
73	2021-03-29 06:39:07.616136+00	33	darth vader	2	[{"changed": {"fields": ["Description"]}}]	7	2
74	2021-03-29 06:45:07.121555+00	33	darth vader	2	[{"changed": {"fields": ["Description"]}}]	7	2
75	2021-03-29 06:46:48.124958+00	34	Obi-Wan Kenobi	1	[{"added": {}}]	7	2
76	2021-03-29 06:48:33.120965+00	35	Anakin Skywalker	1	[{"added": {}}]	7	2
77	2021-03-29 06:49:26.598017+00	36	R2-D2 and C-3PO	1	[{"added": {}}]	7	2
78	2021-03-29 06:51:02.247853+00	37	Yoda	1	[{"added": {}}]	7	2
79	2021-03-29 06:51:48.870028+00	38	Luke Skywalker	1	[{"added": {}}]	7	2
80	2021-03-29 06:52:15.699727+00	39	Princes Leia	1	[{"added": {}}]	7	2
81	2021-03-29 06:52:52.408066+00	40	Ahsoka Tano	1	[{"added": {}}]	7	2
82	2021-03-29 06:53:23.352631+00	41	Han Solo	1	[{"added": {}}]	7	2
83	2021-03-29 06:53:50.526167+00	42	Qui-Gon Jinn	1	[{"added": {}}]	7	2
84	2021-03-29 06:55:05.441846+00	43	Revan	1	[{"added": {}}]	7	2
85	2021-03-29 06:55:51.539007+00	44	Palpatine	1	[{"added": {}}]	7	2
86	2021-03-29 06:56:19.051568+00	45	Din Djarin	1	[{"added": {}}]	7	2
87	2021-03-29 06:56:49.640843+00	46	Grogu	1	[{"added": {}}]	7	2
88	2021-03-29 06:57:16.808514+00	47	Thrawn	1	[{"added": {}}]	7	2
89	2021-03-29 06:57:33.590678+00	48	Chewbacca	1	[{"added": {}}]	7	2
90	2021-03-29 06:57:54.602671+00	49	Mace Windu	1	[{"added": {}}]	7	2
91	2021-03-29 06:58:16.345357+00	50	Darth Maul	1	[{"added": {}}]	7	2
92	2021-03-29 06:58:41.527305+00	51	Lando Calrissian	1	[{"added": {}}]	7	2
93	2021-03-29 06:58:58.081157+00	52	Grand Moff Tarkin	1	[{"added": {}}]	7	2
94	2021-03-29 06:59:19.607412+00	53	Jango Fett	1	[{"added": {}}]	7	2
95	2021-03-29 06:59:56.969872+00	54	Boba Fett	1	[{"added": {}}]	7	2
96	2021-03-29 07:00:23.212196+00	55	Count Dooku	1	[{"added": {}}]	7	2
97	2021-03-29 07:00:42.497517+00	56	Plo Koon	1	[{"added": {}}]	7	2
98	2021-03-29 07:01:04.005286+00	57	Padme Amidala	1	[{"added": {}}]	7	2
99	2021-03-29 07:01:25.046786+00	58	Mara Jade	1	[{"added": {}}]	7	2
100	2021-03-29 07:01:43.558598+00	59	General Grievous	1	[{"added": {}}]	7	2
101	2021-03-29 07:02:12.209812+00	60	Kylo Ren	1	[{"added": {}}]	7	2
102	2021-04-03 14:30:41.432385+00	8	Wallpaper object (8)	1	[{"added": {}}]	8	2
103	2021-04-05 07:54:40.670842+00	8	Wallpaper object (8)	3		8	2
104	2021-04-05 07:54:40.681788+00	7	Wallpaper object (7)	3		8	2
105	2021-04-05 07:54:40.683137+00	6	Wallpaper object (6)	3		8	2
106	2021-04-05 07:59:23.224807+00	9	Wallpaper object (9)	1	[{"added": {}}]	8	2
107	2021-04-05 08:00:17.664399+00	10	Wallpaper object (10)	1	[{"added": {}}]	8	2
108	2021-04-05 08:02:40.89516+00	11	Wallpaper object (11)	1	[{"added": {}}]	8	2
109	2021-04-05 08:03:05.324432+00	12	Wallpaper object (12)	1	[{"added": {}}]	8	2
110	2021-04-05 08:03:20.976661+00	13	Wallpaper object (13)	1	[{"added": {}}]	8	2
111	2021-04-05 08:03:48.267501+00	14	Wallpaper object (14)	1	[{"added": {}}]	8	2
112	2021-04-05 08:04:03.84066+00	15	Wallpaper object (15)	1	[{"added": {}}]	8	2
113	2021-04-05 08:04:22.241464+00	16	Wallpaper object (16)	1	[{"added": {}}]	8	2
114	2021-04-05 08:07:52.78591+00	17	Wallpaper object (17)	1	[{"added": {}}]	8	2
115	2021-04-05 08:08:39.444457+00	18	Wallpaper object (18)	1	[{"added": {}}]	8	2
116	2021-04-05 08:08:49.245161+00	19	Wallpaper object (19)	1	[{"added": {}}]	8	2
117	2021-04-05 08:09:19.622614+00	20	Wallpaper object (20)	1	[{"added": {}}]	8	2
118	2021-04-05 08:09:38.905875+00	21	Wallpaper object (21)	1	[{"added": {}}]	8	2
119	2021-04-05 08:11:18.060316+00	22	Wallpaper object (22)	1	[{"added": {}}]	8	2
120	2021-04-05 08:11:39.07826+00	23	Wallpaper object (23)	1	[{"added": {}}]	8	2
121	2021-04-05 08:11:55.662304+00	24	Wallpaper object (24)	1	[{"added": {}}]	8	2
122	2021-04-05 08:13:57.25297+00	25	Wallpaper object (25)	1	[{"added": {}}]	8	2
123	2021-04-05 08:14:06.910779+00	26	Wallpaper object (26)	1	[{"added": {}}]	8	2
124	2021-04-05 08:19:19.43213+00	27	Wallpaper object (27)	1	[{"added": {}}]	8	2
125	2021-04-05 08:19:44.362102+00	28	Wallpaper object (28)	1	[{"added": {}}]	8	2
126	2021-04-05 08:22:23.023796+00	29	Wallpaper object (29)	1	[{"added": {}}]	8	2
127	2021-04-05 08:22:51.738856+00	30	Wallpaper object (30)	1	[{"added": {}}]	8	2
128	2021-04-05 08:23:16.463788+00	31	Wallpaper object (31)	1	[{"added": {}}]	8	2
129	2021-04-05 08:23:35.977576+00	32	Wallpaper object (32)	1	[{"added": {}}]	8	2
130	2021-04-05 08:24:13.817859+00	33	Wallpaper object (33)	1	[{"added": {}}]	8	2
131	2021-04-05 08:24:33.10387+00	34	Wallpaper object (34)	1	[{"added": {}}]	8	2
132	2021-04-05 08:24:45.318073+00	35	Wallpaper object (35)	1	[{"added": {}}]	8	2
133	2021-04-05 08:25:03.208762+00	36	Wallpaper object (36)	1	[{"added": {}}]	8	2
134	2021-04-05 08:27:57.524704+00	37	Wallpaper object (37)	1	[{"added": {}}]	8	2
135	2021-04-05 08:28:17.830166+00	38	Wallpaper object (38)	1	[{"added": {}}]	8	2
136	2021-04-05 08:28:42.427534+00	39	Wallpaper object (39)	1	[{"added": {}}]	8	2
137	2021-04-05 08:44:55.725154+00	40	Wallpaper object (40)	1	[{"added": {}}]	8	2
138	2021-04-05 08:45:16.814203+00	41	Wallpaper object (41)	1	[{"added": {}}]	8	2
139	2021-04-05 08:45:33.876994+00	42	Wallpaper object (42)	1	[{"added": {}}]	8	2
140	2021-04-05 08:46:01.767748+00	43	Wallpaper object (43)	1	[{"added": {}}]	8	2
141	2021-04-05 08:46:23.203274+00	44	Wallpaper object (44)	1	[{"added": {}}]	8	2
142	2021-04-05 08:46:44.743274+00	45	Wallpaper object (45)	1	[{"added": {}}]	8	2
143	2021-04-05 08:48:36.036341+00	46	Wallpaper object (46)	1	[{"added": {}}]	8	2
144	2021-04-05 08:49:08.443118+00	47	Wallpaper object (47)	1	[{"added": {}}]	8	2
145	2021-04-05 08:49:25.743872+00	48	Wallpaper object (48)	1	[{"added": {}}]	8	2
146	2021-04-05 08:55:19.732977+00	49	Wallpaper object (49)	1	[{"added": {}}]	8	2
147	2021-04-05 08:55:46.580884+00	50	Wallpaper object (50)	1	[{"added": {}}]	8	2
148	2021-04-05 09:06:49.023146+00	51	Wallpaper object (51)	1	[{"added": {}}]	8	2
149	2021-04-05 09:07:38.528512+00	52	Wallpaper object (52)	1	[{"added": {}}]	8	2
150	2021-04-05 09:08:01.927116+00	53	Wallpaper object (53)	1	[{"added": {}}]	8	2
151	2021-04-05 09:08:40.251234+00	54	Wallpaper object (54)	1	[{"added": {}}]	8	2
152	2021-04-05 09:08:53.115404+00	55	Wallpaper object (55)	1	[{"added": {}}]	8	2
153	2021-04-05 09:10:38.289927+00	56	Wallpaper object (56)	1	[{"added": {}}]	8	2
154	2021-04-05 09:11:35.4906+00	57	Wallpaper object (57)	1	[{"added": {}}]	8	2
155	2021-04-05 09:11:50.522312+00	58	Wallpaper object (58)	1	[{"added": {}}]	8	2
156	2021-04-05 09:12:13.584435+00	59	Wallpaper object (59)	1	[{"added": {}}]	8	2
157	2021-04-05 09:13:02.616104+00	60	Wallpaper object (60)	1	[{"added": {}}]	8	2
158	2021-04-05 09:13:23.08617+00	61	Wallpaper object (61)	1	[{"added": {}}]	8	2
159	2021-04-05 09:13:35.8177+00	62	Wallpaper object (62)	1	[{"added": {}}]	8	2
160	2021-04-05 09:13:57.410619+00	63	Wallpaper object (63)	1	[{"added": {}}]	8	2
161	2021-04-05 09:14:15.316337+00	64	Wallpaper object (64)	1	[{"added": {}}]	8	2
162	2021-04-06 00:47:19.106863+00	65	Wallpaper object (65)	1	[{"added": {}}]	8	2
163	2021-04-06 00:47:37.624962+00	66	Wallpaper object (66)	1	[{"added": {}}]	8	2
164	2021-04-06 00:47:51.392612+00	67	Wallpaper object (67)	1	[{"added": {}}]	8	2
165	2021-04-06 00:48:32.940196+00	68	Wallpaper object (68)	1	[{"added": {}}]	8	2
166	2021-04-06 00:49:02.485603+00	69	Wallpaper object (69)	1	[{"added": {}}]	8	2
167	2021-04-06 00:49:19.356355+00	70	Wallpaper object (70)	1	[{"added": {}}]	8	2
168	2021-04-06 00:49:38.055362+00	71	Wallpaper object (71)	1	[{"added": {}}]	8	2
169	2021-04-06 00:50:11.857998+00	72	Wallpaper object (72)	1	[{"added": {}}]	8	2
170	2021-04-06 00:50:51.739448+00	73	Wallpaper object (73)	1	[{"added": {}}]	8	2
171	2021-04-06 00:54:40.598929+00	74	Wallpaper object (74)	1	[{"added": {}}]	8	2
172	2021-04-06 00:55:00.403187+00	75	Wallpaper object (75)	1	[{"added": {}}]	8	2
173	2021-04-06 00:55:13.826876+00	76	Wallpaper object (76)	1	[{"added": {}}]	8	2
174	2021-04-06 00:58:44.795826+00	77	Wallpaper object (77)	1	[{"added": {}}]	8	2
175	2021-04-06 00:58:55.567567+00	78	Wallpaper object (78)	1	[{"added": {}}]	8	2
176	2021-04-06 00:59:05.538919+00	79	Wallpaper object (79)	1	[{"added": {}}]	8	2
177	2021-04-06 00:59:14.175942+00	80	Wallpaper object (80)	1	[{"added": {}}]	8	2
178	2021-04-06 00:59:26.060871+00	81	Wallpaper object (81)	1	[{"added": {}}]	8	2
179	2021-04-06 00:59:35.314581+00	82	Wallpaper object (82)	1	[{"added": {}}]	8	2
180	2021-04-06 00:59:54.501395+00	83	Wallpaper object (83)	1	[{"added": {}}]	8	2
181	2021-04-06 01:00:13.242563+00	84	Wallpaper object (84)	1	[{"added": {}}]	8	2
182	2021-04-06 01:03:05.642406+00	85	Wallpaper object (85)	1	[{"added": {}}]	8	2
183	2021-04-06 01:03:20.228008+00	86	Wallpaper object (86)	1	[{"added": {}}]	8	2
184	2021-04-06 01:03:35.735893+00	87	Wallpaper object (87)	1	[{"added": {}}]	8	2
185	2021-04-06 01:05:25.0319+00	88	Wallpaper object (88)	1	[{"added": {}}]	8	2
186	2021-04-06 01:05:58.077546+00	88	Wallpaper object (88)	2	[{"changed": {"fields": ["Tags"]}}]	8	2
187	2021-04-06 01:09:56.837139+00	89	Wallpaper object (89)	1	[{"added": {}}]	8	2
188	2021-04-06 01:10:17.811342+00	90	Wallpaper object (90)	1	[{"added": {}}]	8	2
189	2021-04-06 01:10:46.804018+00	91	Wallpaper object (91)	1	[{"added": {}}]	8	2
190	2021-04-06 01:11:02.642566+00	92	Wallpaper object (92)	1	[{"added": {}}]	8	2
191	2021-04-06 01:11:14.091535+00	93	Wallpaper object (93)	1	[{"added": {}}]	8	2
192	2021-04-06 01:11:40.168585+00	94	Wallpaper object (94)	1	[{"added": {}}]	8	2
193	2021-04-06 01:16:34.505556+00	95	Wallpaper object (95)	1	[{"added": {}}]	8	2
194	2021-04-06 01:16:47.536294+00	96	Wallpaper object (96)	1	[{"added": {}}]	8	2
195	2021-04-06 01:17:13.29207+00	97	Wallpaper object (97)	1	[{"added": {}}]	8	2
196	2021-04-06 01:17:33.053388+00	98	Wallpaper object (98)	1	[{"added": {}}]	8	2
197	2021-04-06 01:17:53.389433+00	99	Wallpaper object (99)	1	[{"added": {}}]	8	2
198	2021-04-06 01:21:31.317687+00	100	Wallpaper object (100)	1	[{"added": {}}]	8	2
199	2021-04-06 01:21:57.115244+00	101	Wallpaper object (101)	1	[{"added": {}}]	8	2
200	2021-04-06 01:22:19.080608+00	102	Wallpaper object (102)	1	[{"added": {}}]	8	2
201	2021-04-06 01:22:40.744041+00	103	Wallpaper object (103)	1	[{"added": {}}]	8	2
202	2021-04-06 01:22:53.302478+00	104	Wallpaper object (104)	1	[{"added": {}}]	8	2
203	2021-04-06 01:27:16.08347+00	105	Wallpaper object (105)	1	[{"added": {}}]	8	2
204	2021-04-06 01:27:42.367845+00	106	Wallpaper object (106)	1	[{"added": {}}]	8	2
205	2021-04-06 01:28:26.565557+00	107	Wallpaper object (107)	1	[{"added": {}}]	8	2
206	2021-04-06 01:28:40.489443+00	108	Wallpaper object (108)	1	[{"added": {}}]	8	2
207	2021-04-06 01:29:13.358554+00	109	Wallpaper object (109)	1	[{"added": {}}]	8	2
208	2021-04-06 01:29:23.125471+00	110	Wallpaper object (110)	1	[{"added": {}}]	8	2
209	2021-04-06 01:29:44.517796+00	111	Wallpaper object (111)	1	[{"added": {}}]	8	2
210	2021-04-06 01:30:14.779713+00	112	Wallpaper object (112)	1	[{"added": {}}]	8	2
211	2021-04-06 01:34:17.721226+00	113	Wallpaper object (113)	1	[{"added": {}}]	8	2
212	2021-04-06 01:34:34.863515+00	114	Wallpaper object (114)	1	[{"added": {}}]	8	2
213	2021-04-06 01:34:44.12136+00	115	Wallpaper object (115)	1	[{"added": {}}]	8	2
214	2021-04-06 01:35:02.908342+00	116	Wallpaper object (116)	1	[{"added": {}}]	8	2
215	2021-04-06 01:35:16.059381+00	117	Wallpaper object (117)	1	[{"added": {}}]	8	2
216	2021-04-06 01:38:35.044006+00	118	Wallpaper object (118)	1	[{"added": {}}]	8	2
217	2021-04-06 01:39:02.251124+00	119	Wallpaper object (119)	1	[{"added": {}}]	8	2
218	2021-04-06 01:39:16.574611+00	120	Wallpaper object (120)	1	[{"added": {}}]	8	2
219	2021-04-06 01:39:30.312051+00	121	Wallpaper object (121)	1	[{"added": {}}]	8	2
220	2021-04-06 01:39:37.867239+00	122	Wallpaper object (122)	1	[{"added": {}}]	8	2
221	2021-04-06 01:39:47.457601+00	123	Wallpaper object (123)	1	[{"added": {}}]	8	2
222	2021-04-06 01:43:38.674894+00	124	Wallpaper object (124)	1	[{"added": {}}]	8	2
223	2021-04-06 01:43:55.940608+00	125	Wallpaper object (125)	1	[{"added": {}}]	8	2
224	2021-04-06 01:44:12.472849+00	126	Wallpaper object (126)	1	[{"added": {}}]	8	2
225	2021-04-06 01:44:26.990267+00	127	Wallpaper object (127)	1	[{"added": {}}]	8	2
226	2021-04-06 01:44:41.544997+00	128	Wallpaper object (128)	1	[{"added": {}}]	8	2
227	2021-04-06 01:44:56.875192+00	129	Wallpaper object (129)	1	[{"added": {}}]	8	2
228	2021-04-06 01:45:34.960133+00	130	Wallpaper object (130)	1	[{"added": {}}]	8	2
229	2021-04-06 01:45:50.398605+00	131	Wallpaper object (131)	1	[{"added": {}}]	8	2
230	2021-04-06 01:46:14.186497+00	132	Wallpaper object (132)	1	[{"added": {}}]	8	2
231	2021-04-06 01:50:37.277301+00	133	Wallpaper object (133)	1	[{"added": {}}]	8	2
232	2021-04-06 01:50:52.403208+00	134	Wallpaper object (134)	1	[{"added": {}}]	8	2
233	2021-04-06 01:51:10.956586+00	135	Wallpaper object (135)	1	[{"added": {}}]	8	2
234	2021-04-06 01:51:22.868546+00	136	Wallpaper object (136)	1	[{"added": {}}]	8	2
235	2021-04-06 01:52:00.145518+00	137	Wallpaper object (137)	1	[{"added": {}}]	8	2
236	2021-04-06 01:52:24.100092+00	138	Wallpaper object (138)	1	[{"added": {}}]	8	2
237	2021-04-06 01:52:59.22451+00	139	Wallpaper object (139)	1	[{"added": {}}]	8	2
238	2021-04-06 01:53:22.679786+00	140	Wallpaper object (140)	1	[{"added": {}}]	8	2
239	2021-04-06 01:53:38.762141+00	141	Wallpaper object (141)	1	[{"added": {}}]	8	2
240	2021-04-06 01:54:04.304104+00	142	Wallpaper object (142)	1	[{"added": {}}]	8	2
241	2021-04-06 01:58:53.062261+00	39	princess leia	2	[{"changed": {"fields": ["Title"]}}]	7	2
242	2021-04-06 01:59:37.130212+00	143	Wallpaper object (143)	1	[{"added": {}}]	8	2
243	2021-04-06 01:59:51.696062+00	144	Wallpaper object (144)	1	[{"added": {}}]	8	2
244	2021-04-06 02:00:17.07793+00	145	Wallpaper object (145)	1	[{"added": {}}]	8	2
245	2021-04-06 02:00:42.985651+00	146	Wallpaper object (146)	1	[{"added": {}}]	8	2
246	2021-04-06 02:00:52.617582+00	147	Wallpaper object (147)	1	[{"added": {}}]	8	2
247	2021-04-06 02:01:12.016503+00	148	Wallpaper object (148)	1	[{"added": {}}]	8	2
248	2021-04-06 02:01:27.242271+00	149	Wallpaper object (149)	1	[{"added": {}}]	8	2
249	2021-04-06 02:01:39.258922+00	150	Wallpaper object (150)	1	[{"added": {}}]	8	2
250	2021-04-06 02:05:43.554714+00	151	Wallpaper object (151)	1	[{"added": {}}]	8	2
251	2021-04-06 02:06:00.343329+00	152	Wallpaper object (152)	1	[{"added": {}}]	8	2
252	2021-04-06 02:06:13.834661+00	153	Wallpaper object (153)	1	[{"added": {}}]	8	2
253	2021-04-06 02:06:28.023471+00	154	Wallpaper object (154)	1	[{"added": {}}]	8	2
254	2021-04-06 02:06:38.576109+00	155	Wallpaper object (155)	1	[{"added": {}}]	8	2
255	2021-04-06 02:06:54.959194+00	156	Wallpaper object (156)	1	[{"added": {}}]	8	2
256	2021-04-06 02:11:32.817938+00	157	Wallpaper object (157)	1	[{"added": {}}]	8	2
257	2021-04-06 02:11:46.352069+00	158	Wallpaper object (158)	1	[{"added": {}}]	8	2
258	2021-04-06 02:11:53.584387+00	159	Wallpaper object (159)	1	[{"added": {}}]	8	2
259	2021-04-06 02:12:10.507709+00	160	Wallpaper object (160)	1	[{"added": {}}]	8	2
260	2021-04-06 02:12:21.913116+00	161	Wallpaper object (161)	1	[{"added": {}}]	8	2
261	2021-04-06 02:12:31.892302+00	162	Wallpaper object (162)	1	[{"added": {}}]	8	2
262	2021-04-06 02:12:46.168911+00	163	Wallpaper object (163)	1	[{"added": {}}]	8	2
263	2021-04-06 02:12:59.128558+00	164	Wallpaper object (164)	1	[{"added": {}}]	8	2
264	2021-04-06 02:13:17.389131+00	165	Wallpaper object (165)	1	[{"added": {}}]	8	2
265	2021-04-06 02:13:26.245861+00	166	Wallpaper object (166)	1	[{"added": {}}]	8	2
266	2021-04-06 02:33:41.28132+00	167	Wallpaper object (167)	1	[{"added": {}}]	8	2
267	2021-04-06 02:33:55.724445+00	168	Wallpaper object (168)	1	[{"added": {}}]	8	2
268	2021-04-06 02:34:12.004156+00	169	Wallpaper object (169)	1	[{"added": {}}]	8	2
269	2021-04-06 02:34:28.016235+00	170	Wallpaper object (170)	1	[{"added": {}}]	8	2
270	2021-04-06 02:34:49.76695+00	171	Wallpaper object (171)	1	[{"added": {}}]	8	2
271	2021-04-06 02:35:03.292099+00	172	Wallpaper object (172)	1	[{"added": {}}]	8	2
272	2021-04-06 02:35:19.103044+00	173	Wallpaper object (173)	1	[{"added": {}}]	8	2
273	2021-04-06 02:35:30.072847+00	174	Wallpaper object (174)	1	[{"added": {}}]	8	2
274	2021-04-06 02:36:10.735766+00	174	Wallpaper object (174)	3		8	2
275	2021-04-06 02:42:55.908368+00	175	Wallpaper object (175)	1	[{"added": {}}]	8	2
276	2021-04-06 02:43:09.839192+00	176	Wallpaper object (176)	1	[{"added": {}}]	8	2
277	2021-04-06 02:43:23.058957+00	177	Wallpaper object (177)	1	[{"added": {}}]	8	2
278	2021-04-06 02:43:33.591022+00	178	Wallpaper object (178)	1	[{"added": {}}]	8	2
279	2021-04-06 02:43:45.743173+00	179	Wallpaper object (179)	1	[{"added": {}}]	8	2
280	2021-04-06 02:43:59.73354+00	180	Wallpaper object (180)	1	[{"added": {}}]	8	2
281	2021-04-06 02:44:19.02253+00	181	Wallpaper object (181)	1	[{"added": {}}]	8	2
282	2021-04-06 02:44:29.555489+00	182	Wallpaper object (182)	1	[{"added": {}}]	8	2
283	2021-04-06 02:49:46.852142+00	183	Wallpaper object (183)	1	[{"added": {}}]	8	2
284	2021-04-06 02:50:00.635441+00	184	Wallpaper object (184)	1	[{"added": {}}]	8	2
285	2021-04-06 02:50:11.936515+00	185	Wallpaper object (185)	1	[{"added": {}}]	8	2
286	2021-04-06 02:50:25.598891+00	186	Wallpaper object (186)	1	[{"added": {}}]	8	2
287	2021-04-06 02:50:37.389151+00	187	Wallpaper object (187)	1	[{"added": {}}]	8	2
288	2021-04-06 02:50:51.027617+00	188	Wallpaper object (188)	1	[{"added": {}}]	8	2
289	2021-04-06 02:51:00.549019+00	189	Wallpaper object (189)	1	[{"added": {}}]	8	2
290	2021-04-06 02:51:23.840481+00	190	Wallpaper object (190)	1	[{"added": {}}]	8	2
291	2021-04-06 02:51:50.822548+00	191	Wallpaper object (191)	1	[{"added": {}}]	8	2
292	2021-04-06 02:52:22.485722+00	192	Wallpaper object (192)	1	[{"added": {}}]	8	2
293	2021-04-06 02:52:45.938718+00	193	Wallpaper object (193)	1	[{"added": {}}]	8	2
294	2021-04-06 02:56:08.434849+00	194	Wallpaper object (194)	1	[{"added": {}}]	8	2
295	2021-04-06 02:56:21.316982+00	195	Wallpaper object (195)	1	[{"added": {}}]	8	2
296	2021-04-06 02:56:35.374137+00	196	Wallpaper object (196)	1	[{"added": {}}]	8	2
297	2021-04-06 02:56:52.413022+00	197	Wallpaper object (197)	1	[{"added": {}}]	8	2
298	2021-04-06 02:57:12.674996+00	198	Wallpaper object (198)	1	[{"added": {}}]	8	2
299	2021-04-06 02:57:20.441655+00	199	Wallpaper object (199)	1	[{"added": {}}]	8	2
300	2021-04-06 02:57:43.586189+00	200	Wallpaper object (200)	1	[{"added": {}}]	8	2
301	2021-04-06 11:18:54.325012+00	2	This is a test message from Uzbekistan	3		9	1
302	2021-04-06 11:18:54.326845+00	1	Utkur	3		9	1
303	2021-04-07 00:34:23.162005+00	201	Wallpaper object (201)	1	[{"added": {}}]	8	2
304	2021-04-07 00:35:44.663989+00	202	Wallpaper object (202)	1	[{"added": {}}]	8	2
305	2021-04-07 00:37:02.770609+00	203	Wallpaper object (203)	1	[{"added": {}}]	8	2
306	2021-04-07 00:38:10.424437+00	204	Wallpaper object (204)	1	[{"added": {}}]	8	2
307	2021-04-07 00:39:05.577247+00	205	Wallpaper object (205)	1	[{"added": {}}]	8	2
308	2021-04-07 00:39:52.998598+00	206	Wallpaper object (206)	1	[{"added": {}}]	8	2
309	2021-04-07 00:40:41.341484+00	207	Wallpaper object (207)	1	[{"added": {}}]	8	2
310	2021-04-07 00:42:38.787283+00	205	Wallpaper object (205)	3		8	2
311	2021-04-07 00:43:25.230845+00	208	Wallpaper object (208)	1	[{"added": {}}]	8	2
312	2021-04-10 10:37:02.434856+00	209	Wallpaper object (209)	1	[{"added": {}}]	8	2
313	2021-04-10 10:37:22.865467+00	210	Wallpaper object (210)	1	[{"added": {}}]	8	2
314	2021-04-10 10:37:42.581311+00	211	Wallpaper object (211)	1	[{"added": {}}]	8	2
315	2021-04-10 10:38:00.853912+00	212	Wallpaper object (212)	1	[{"added": {}}]	8	2
316	2021-04-10 10:38:17.672054+00	213	Wallpaper object (213)	1	[{"added": {}}]	8	2
317	2021-04-10 10:38:36.578449+00	214	Wallpaper object (214)	1	[{"added": {}}]	8	2
318	2021-04-11 06:21:01.630797+00	215	Wallpaper object (215)	1	[{"added": {}}]	8	2
319	2021-04-11 06:26:03.56417+00	216	Wallpaper object (216)	1	[{"added": {}}]	8	2
320	2021-04-12 01:03:36.328582+00	217	Wallpaper object (217)	1	[{"added": {}}]	8	2
321	2021-04-12 01:04:06.774268+00	218	Wallpaper object (218)	1	[{"added": {}}]	8	2
322	2021-04-12 01:07:17.807929+00	219	Wallpaper object (219)	1	[{"added": {}}]	8	2
323	2021-04-14 01:48:30.542414+00	220	Wallpaper object (220)	1	[{"added": {}}]	8	2
324	2021-04-14 01:48:43.912158+00	221	Wallpaper object (221)	1	[{"added": {}}]	8	2
325	2021-04-14 01:49:01.54017+00	222	Wallpaper object (222)	1	[{"added": {}}]	8	2
326	2021-04-14 02:39:25.967063+00	223	Wallpaper object (223)	1	[{"added": {}}]	8	2
327	2021-04-17 11:49:27.401508+00	31	others	2	[{"added": {"name": "Wallpaper", "object": "Wallpaper object (224)"}}, {"added": {"name": "Wallpaper", "object": "Wallpaper object (225)"}}, {"added": {"name": "Wallpaper", "object": "Wallpaper object (226)"}}, {"added": {"name": "Wallpaper", "object": "Wallpaper object (227)"}}]	7	1
328	2021-04-18 03:43:28.358258+00	228	Wallpaper object (228)	1	[{"added": {}}]	8	2
329	2021-04-19 06:40:41.448852+00	229	Wallpaper object (229)	1	[{"added": {}}]	8	2
330	2021-04-20 12:51:32.093091+00	230	Wallpaper object (230)	1	[{"added": {}}]	8	2
331	2021-04-20 12:52:48.471443+00	231	Wallpaper object (231)	1	[{"added": {}}]	8	2
332	2021-04-21 09:05:57.733239+00	232	Wallpaper object (232)	1	[{"added": {}}]	8	2
333	2021-04-21 09:06:40.9926+00	233	Wallpaper object (233)	1	[{"added": {}}]	8	2
334	2021-04-25 10:46:34.895671+00	234	Wallpaper object (234)	1	[{"added": {}}]	8	2
335	2021-04-26 02:11:57.513822+00	235	Wallpaper object (235)	1	[{"added": {}}]	8	2
336	2021-04-26 02:12:12.603869+00	236	Wallpaper object (236)	1	[{"added": {}}]	8	2
516	2021-08-05 19:04:16.189129+00	110	revan	3		8	1
337	2021-04-29 01:37:42.968415+00	237	Wallpaper object (237)	1	[{"added": {}}]	8	2
338	2021-04-29 01:39:18.641973+00	238	Wallpaper object (238)	1	[{"added": {}}]	8	2
339	2021-05-01 15:11:34.84899+00	239	Wallpaper object (239)	1	[{"added": {}}]	8	2
340	2021-05-02 15:14:40.208678+00	240	Wallpaper object (240)	1	[{"added": {}}]	8	2
341	2021-05-04 07:13:48.375147+00	241	Wallpaper object (241)	1	[{"added": {}}]	8	2
342	2021-05-05 10:54:13.08067+00	242	Wallpaper object (242)	1	[{"added": {}}]	8	2
343	2021-05-13 20:08:11.432886+00	243	Wallpaper object (243)	1	[{"added": {}}]	8	1
344	2021-05-15 10:04:53.786977+00	244	Wallpaper object (244)	1	[{"added": {}}]	8	2
345	2021-06-06 03:19:28.602102+00	245	Wallpaper object (245)	1	[{"added": {}}]	8	1
346	2021-06-12 08:24:19.161021+00	246	Wallpaper object (246)	1	[{"added": {}}]	8	1
347	2021-06-18 09:42:36.05451+00	33	darth vader	2	[{"changed": {"fields": ["Description"]}}]	7	1
348	2021-06-20 04:00:05.775054+00	3	saidjamol	1	[{"added": {}}]	4	1
349	2021-06-20 04:00:20.692453+00	3	saidjamol	2	[{"changed": {"fields": ["First name", "Last name", "Staff status"]}}]	4	1
350	2021-06-20 09:30:31.764147+00	2	javokhir	2	[{"changed": {"fields": ["Staff status"]}}]	4	1
351	2021-06-20 09:31:41.012237+00	3	saidjamol	2	[{"changed": {"fields": ["User permissions"]}}]	4	1
352	2021-06-20 15:17:01.183399+00	247	Wallpaper object (247)	1	[{"added": {}}]	8	1
353	2021-06-21 20:31:43.600049+00	248	Wallpaper object (248)	1	[{"added": {}}]	8	3
354	2021-06-22 03:51:53.89104+00	2	javokhir	2	[{"changed": {"fields": ["Staff status"]}}]	4	1
355	2021-06-23 06:29:16.119128+00	249	Wallpaper object (249)	1	[{"added": {}}]	8	1
356	2021-06-24 05:51:40.329536+00	250	Wallpaper object (250)	1	[{"added": {}}]	8	1
357	2021-06-24 08:30:03.757105+00	251	Wallpaper object (251)	1	[{"added": {}}]	8	1
358	2021-06-25 07:24:08.845981+00	252	Wallpaper object (252)	1	[{"added": {}}]	8	1
359	2021-06-25 09:55:01.852531+00	253	Wallpaper object (253)	1	[{"added": {}}]	8	1
360	2021-06-25 09:55:39.194731+00	254	Wallpaper object (254)	1	[{"added": {}}]	8	1
361	2021-06-25 09:56:12.871269+00	255	Wallpaper object (255)	1	[{"added": {}}]	8	1
362	2021-06-25 09:56:40.387622+00	256	Wallpaper object (256)	1	[{"added": {}}]	8	1
363	2021-06-25 09:57:15.357463+00	257	Wallpaper object (257)	1	[{"added": {}}]	8	1
364	2021-06-27 05:07:10.094238+00	258	Wallpaper object (258)	1	[{"added": {}}]	8	1
365	2021-06-27 16:33:29.65395+00	259	Wallpaper object (259)	1	[{"added": {}}]	8	1
366	2021-06-28 08:51:59.454993+00	260	Wallpaper object (260)	1	[{"added": {}}]	8	1
367	2021-06-29 03:50:52.32064+00	261	Wallpaper object (261)	1	[{"added": {}}]	8	1
368	2021-06-30 05:32:47.730462+00	253	darth vader	2	[{"changed": {"fields": ["Visibility"]}}]	8	1
369	2021-06-30 05:33:03.877346+00	232	others	2	[{"changed": {"fields": ["Visibility"]}}]	8	1
370	2021-06-30 05:33:19.625353+00	215	padme amidala	2	[{"changed": {"fields": ["Visibility"]}}]	8	1
371	2021-06-30 05:33:50.087385+00	160	ahsoka tano	2	[{"changed": {"fields": ["Visibility"]}}]	8	1
372	2021-06-30 05:34:33.541554+00	159	ahsoka tano	2	[{"changed": {"fields": ["Visibility"]}}]	8	1
373	2021-06-30 05:34:38.829346+00	158	ahsoka tano	2	[{"changed": {"fields": ["Visibility"]}}]	8	1
374	2021-06-30 05:34:51.078835+00	148	princess leia	2	[{"changed": {"fields": ["Visibility"]}}]	8	1
375	2021-06-30 05:37:29.574436+00	23	rey	2	[{"changed": {"fields": ["Visibility"]}}]	8	1
376	2021-06-30 05:37:46.379188+00	26	rey	2	[{"changed": {"fields": ["Visibility"]}}]	8	1
377	2021-06-30 05:38:01.334047+00	22	rey	2	[{"changed": {"fields": ["Visibility"]}}]	8	1
378	2021-06-30 05:38:23.936404+00	19	rey	2	[{"changed": {"fields": ["Visibility"]}}]	8	1
379	2021-06-30 05:38:33.993372+00	18	rey	2	[{"changed": {"fields": ["Visibility"]}}]	8	1
380	2021-06-30 05:39:12.784877+00	250	others	2	[{"changed": {"fields": ["Visibility"]}}]	8	1
381	2021-06-30 05:40:23.793492+00	223	ahsoka tano	2	[{"changed": {"fields": ["Visibility"]}}]	8	1
382	2021-06-30 05:45:51.192757+00	262	others	1	[{"added": {}}]	8	1
383	2021-06-30 12:36:34.744263+00	263	others	1	[{"added": {}}]	8	1
384	2021-07-01 04:36:59.826593+00	264	han solo	1	[{"added": {}}]	8	1
385	2021-07-01 04:37:40.61994+00	264	han solo	2	[{"changed": {"fields": ["Visibility"]}}]	8	1
386	2021-07-01 04:39:33.589779+00	265	obi-wan kenobi	1	[{"added": {}}]	8	1
387	2021-07-02 04:40:54.223558+00	266	luke skywalker	1	[{"added": {}}]	8	1
388	2021-07-02 04:41:49.030004+00	267	r2-d2 and c-3po	1	[{"added": {}}]	8	1
389	2021-07-02 14:39:06.900357+00	268	yoda	1	[{"added": {}}]	8	1
390	2021-07-02 14:39:36.425729+00	269	yoda	1	[{"added": {}}]	8	1
391	2021-07-03 04:37:59.053501+00	270	others	1	[{"added": {}}]	8	1
392	2021-07-03 04:38:33.091058+00	271	others	1	[{"added": {}}]	8	1
393	2021-07-03 04:39:19.677479+00	272	others	1	[{"added": {}}]	8	1
394	2021-07-03 10:33:20.881465+00	273	others	1	[{"added": {}}]	8	3
395	2021-07-03 10:35:33.518652+00	273	others	2	[{"changed": {"fields": ["Tags"]}}]	8	3
396	2021-07-03 10:39:05.89215+00	274	others	1	[{"added": {}}]	8	3
397	2021-07-03 10:40:12.671461+00	273	others	2	[{"changed": {"fields": ["Tags"]}}]	8	3
398	2021-07-03 10:41:46.955185+00	275	others	1	[{"added": {}}]	8	3
399	2021-07-03 10:44:44.446353+00	276	darth vader	1	[{"added": {}}]	8	3
400	2021-07-03 10:46:16.91129+00	277	darth vader	1	[{"added": {}}]	8	3
401	2021-07-03 10:48:57.738195+00	278	others	1	[{"added": {}}]	8	3
402	2021-07-03 10:54:03.215525+00	279	others	1	[{"added": {}}]	8	3
403	2021-07-03 10:55:55.133818+00	280	darth vader	1	[{"added": {}}]	8	3
404	2021-07-03 10:59:47.92797+00	281	others	1	[{"added": {}}]	8	3
405	2021-07-03 11:01:47.017963+00	282	darth vader	1	[{"added": {}}]	8	3
406	2021-07-03 11:03:27.301913+00	283	others	1	[{"added": {}}]	8	3
407	2021-07-03 11:07:14.984734+00	284	din djarin	1	[{"added": {}}]	8	3
408	2021-07-03 11:09:30.165824+00	285	others	1	[{"added": {}}]	8	3
409	2021-07-03 11:13:42.682186+00	286	din djarin	1	[{"added": {}}]	8	3
410	2021-07-03 11:17:06.801859+00	287	others	1	[{"added": {}}]	8	3
411	2021-07-03 11:18:47.356222+00	288	others	1	[{"added": {}}]	8	3
412	2021-07-03 11:21:36.225571+00	289	others	1	[{"added": {}}]	8	3
413	2021-07-03 11:23:39.648037+00	290	din djarin	1	[{"added": {}}]	8	3
414	2021-07-04 13:40:05.821819+00	291	others	1	[{"added": {}}]	8	3
415	2021-07-04 13:48:12.49434+00	292	others	1	[{"added": {}}]	8	3
416	2021-07-04 13:52:33.383914+00	293	others	1	[{"added": {}}]	8	3
417	2021-07-04 13:57:11.111522+00	294	others	1	[{"added": {}}]	8	3
418	2021-07-04 13:58:47.583246+00	295	luke skywalker	1	[{"added": {}}]	8	3
419	2021-07-04 13:59:08.934258+00	295	luke skywalker	2	[{"changed": {"fields": ["Image"]}}]	8	3
420	2021-07-04 14:00:46.324391+00	296	others	1	[{"added": {}}]	8	3
421	2021-07-04 14:03:46.038522+00	297	others	1	[{"added": {}}]	8	3
422	2021-07-06 10:25:18.063511+00	298	han solo	1	[{"added": {}}]	8	1
423	2021-07-08 01:50:55.27568+00	108	revan	2	[{"changed": {"fields": ["Visibility"]}}]	8	1
424	2021-07-08 01:56:57.988424+00	299	qui-gon jinn	1	[{"added": {}}]	8	1
425	2021-07-08 01:58:11.827559+00	300	others	1	[{"added": {}}]	8	1
426	2021-07-09 06:17:16.226204+00	301	darth maul	1	[{"added": {}}]	8	1
427	2021-07-10 01:09:11.3667+00	302	revan	1	[{"added": {}}]	8	1
428	2021-07-10 01:14:01.680529+00	303	padme amidala	1	[{"added": {}}]	8	1
429	2021-07-11 07:54:00.92707+00	304	r2-d2 and c-3po	1	[{"added": {}}]	8	1
430	2021-07-11 07:54:53.865374+00	305	others	1	[{"added": {}}]	8	1
431	2021-07-12 06:41:52.9379+00	306	others	1	[{"added": {}}]	8	1
432	2021-07-12 06:42:36.666829+00	307	others	1	[{"added": {}}]	8	1
433	2021-07-13 10:09:05.179092+00	308	kylo ren	1	[{"added": {}}]	8	1
434	2021-07-13 10:09:42.894921+00	309	kylo ren	1	[{"added": {}}]	8	1
435	2021-07-13 10:10:20.288856+00	310	boba fett	1	[{"added": {}}]	8	1
436	2021-07-13 10:11:07.161953+00	311	rey	1	[{"added": {}}]	8	1
437	2021-07-14 08:37:35.940018+00	312	mara jade	1	[{"added": {}}]	8	1
438	2021-07-14 08:38:07.724393+00	313	mara jade	1	[{"added": {}}]	8	1
439	2021-07-14 08:57:00.231504+00	314	others	1	[{"added": {}}]	8	1
440	2021-07-15 05:17:19.536061+00	315	others	1	[{"added": {}}]	8	1
441	2021-07-15 05:18:28.399103+00	316	others	1	[{"added": {}}]	8	1
442	2021-07-16 05:18:21.45381+00	317	darth vader	1	[{"added": {}}]	8	1
443	2021-07-16 05:20:07.32615+00	318	others	1	[{"added": {}}]	8	1
444	2021-07-16 05:22:21.765674+00	319	boba fett	1	[{"added": {}}]	8	1
445	2021-07-17 06:18:36.515068+00	320	revan	1	[{"added": {}}]	8	1
446	2021-07-17 06:20:03.423228+00	321	others	1	[{"added": {}}]	8	1
447	2021-07-17 06:21:05.867406+00	322	others	1	[{"added": {}}]	8	1
448	2021-07-17 06:22:13.246002+00	110	revan	2	[{"changed": {"fields": ["Visibility"]}}]	8	1
449	2021-07-18 04:25:54.682691+00	323	yoda	1	[{"added": {}}]	8	1
450	2021-07-18 04:26:49.154454+00	324	rey	1	[{"added": {}}]	8	1
451	2021-07-18 04:27:38.339526+00	325	others	1	[{"added": {}}]	8	1
452	2021-07-18 04:28:14.701525+00	325	others	2	[{"changed": {"fields": ["Tags"]}}]	8	1
453	2021-07-19 05:20:12.485779+00	326	others	1	[{"added": {}}]	8	1
454	2021-07-19 05:21:03.804021+00	327	others	1	[{"added": {}}]	8	1
455	2021-07-19 05:22:57.902629+00	328	others	1	[{"added": {}}]	8	1
456	2021-07-20 01:50:33.935062+00	329	boba fett	1	[{"added": {}}]	8	1
457	2021-07-20 01:51:33.17603+00	330	darth vader	1	[{"added": {}}]	8	1
458	2021-07-20 01:52:30.572459+00	331	boba fett	1	[{"added": {}}]	8	1
459	2021-07-21 06:17:01.375377+00	332	others	1	[{"added": {}}]	8	1
460	2021-07-21 06:18:11.771714+00	333	chewbacca	1	[{"added": {}}]	8	1
461	2021-07-21 06:19:03.576563+00	334	others	1	[{"added": {}}]	8	1
462	2021-07-22 01:16:55.550222+00	335	others	1	[{"added": {}}]	8	1
463	2021-07-22 01:17:53.445592+00	336	others	1	[{"added": {}}]	8	1
464	2021-07-22 01:18:38.593048+00	337	kylo ren	1	[{"added": {}}]	8	1
465	2021-07-23 12:08:02.997787+00	338	darth vader	1	[{"added": {}}]	8	1
466	2021-07-23 12:08:54.329384+00	339	others	1	[{"added": {}}]	8	1
467	2021-07-23 12:09:59.127902+00	340	others	1	[{"added": {}}]	8	1
468	2021-07-23 12:10:51.941054+00	341	others	1	[{"added": {}}]	8	1
469	2021-07-24 05:12:13.356677+00	342	kylo ren	1	[{"added": {}}]	8	1
470	2021-07-24 05:12:48.6677+00	343	darth maul	1	[{"added": {}}]	8	1
471	2021-07-24 05:14:21.571434+00	344	others	1	[{"added": {}}]	8	1
472	2021-07-25 05:52:07.027398+00	345	others	1	[{"added": {}}]	8	1
473	2021-07-25 05:53:00.551686+00	346	others	1	[{"added": {}}]	8	1
474	2021-07-25 05:53:47.479974+00	347	boba fett	1	[{"added": {}}]	8	1
475	2021-07-26 02:24:47.896472+00	348	darth vader	1	[{"added": {}}]	8	1
476	2021-07-26 02:25:20.365761+00	349	darth vader	1	[{"added": {}}]	8	1
477	2021-07-26 02:26:10.407842+00	350	others	1	[{"added": {}}]	8	1
478	2021-07-26 02:27:16.716686+00	351	others	1	[{"added": {}}]	8	1
479	2021-07-27 04:35:08.880689+00	352	others	1	[{"added": {}}]	8	1
480	2021-07-27 04:36:02.441391+00	353	kylo ren	1	[{"added": {}}]	8	1
481	2021-07-27 04:36:55.897579+00	354	others	1	[{"added": {}}]	8	1
482	2021-07-28 01:03:21.750765+00	355	others	1	[{"added": {}}]	8	1
483	2021-07-28 01:05:19.282584+00	356	others	1	[{"added": {}}]	8	1
484	2021-07-28 01:06:08.082579+00	357	others	1	[{"added": {}}]	8	1
485	2021-07-29 02:30:17.926894+00	358	others	1	[{"added": {}}]	8	1
486	2021-07-29 02:31:27.801427+00	359	others	1	[{"added": {}}]	8	1
487	2021-07-29 02:32:13.879923+00	360	darth vader	1	[{"added": {}}]	8	1
488	2021-07-30 05:08:19.993801+00	361	others	1	[{"added": {}}]	8	1
489	2021-07-30 05:08:58.874894+00	362	others	1	[{"added": {}}]	8	1
490	2021-07-30 05:10:06.212114+00	363	others	1	[{"added": {}}]	8	1
491	2021-07-31 07:43:57.190585+00	364	kylo ren	1	[{"added": {}}]	8	1
492	2021-07-31 07:44:33.278751+00	365	others	1	[{"added": {}}]	8	1
493	2021-08-01 01:09:03.787539+00	366	others	1	[{"added": {}}]	8	1
494	2021-08-01 01:09:29.130773+00	367	others	1	[{"added": {}}]	8	1
495	2021-08-02 10:20:07.038131+00	368	others	1	[{"added": {}}]	8	1
496	2021-08-02 10:20:29.441481+00	369	others	1	[{"added": {}}]	8	1
497	2021-08-02 11:08:01.612328+00	370	rey	1	[{"added": {}}]	8	1
498	2021-08-03 05:05:16.705267+00	371	others	1	[{"added": {}}]	8	1
499	2021-08-03 05:05:48.490162+00	372	others	1	[{"added": {}}]	8	1
500	2021-08-04 04:33:02.10425+00	373	ahsoka tano	1	[{"added": {}}]	8	1
501	2021-08-04 04:34:06.264823+00	374	ahsoka tano	1	[{"added": {}}]	8	1
502	2021-08-05 04:19:37.299148+00	375	jango fett	1	[{"added": {}}]	8	1
503	2021-08-05 15:11:20.02798+00	376	others	1	[{"added": {}}]	8	1
504	2021-08-05 15:27:26.122568+00	376	others	2	[{"changed": {"fields": ["Visibility"]}}]	8	1
505	2021-08-05 18:29:09.743419+00	377	thrawn	1	[{"added": {}}]	8	1
506	2021-08-05 19:03:09.491245+00	376	others	3		8	1
507	2021-08-05 19:04:16.177831+00	264	han solo	3		8	1
508	2021-08-05 19:04:16.180148+00	253	darth vader	3		8	1
509	2021-08-05 19:04:16.181478+00	250	others	3		8	1
510	2021-08-05 19:04:16.182718+00	232	others	3		8	1
511	2021-08-05 19:04:16.183966+00	223	ahsoka tano	3		8	1
512	2021-08-05 19:04:16.185118+00	215	padme amidala	3		8	1
513	2021-08-05 19:04:16.186285+00	160	ahsoka tano	3		8	1
514	2021-08-05 19:04:16.187334+00	159	ahsoka tano	3		8	1
515	2021-08-05 19:04:16.18829+00	158	ahsoka tano	3		8	1
517	2021-08-05 19:04:16.189978+00	108	revan	3		8	1
518	2021-08-05 19:04:16.191146+00	26	rey	3		8	1
519	2021-08-05 19:04:16.191905+00	23	rey	3		8	1
520	2021-08-05 19:04:16.193772+00	22	rey	3		8	1
521	2021-08-05 19:04:16.194619+00	19	rey	3		8	1
522	2021-08-05 19:04:16.196036+00	18	rey	3		8	1
523	2021-08-05 19:04:24.264177+00	148	princess leia	3		8	1
524	2021-08-06 05:20:51.637314+00	378	mace windu	1	[{"added": {}}]	8	1
525	2021-08-06 05:21:53.201374+00	379	others	1	[{"added": {}}]	8	1
526	2021-08-07 06:01:55.225097+00	380	others	1	[{"added": {}}]	8	1
527	2021-08-07 06:02:42.714722+00	381	others	1	[{"added": {}}]	8	1
528	2021-08-07 06:03:42.349877+00	382	others	1	[{"added": {}}]	8	1
529	2021-08-07 12:54:35.710167+00	383	rey	1	[{"added": {}}]	8	3
530	2021-08-07 12:55:57.19064+00	384	rey	1	[{"added": {}}]	8	3
531	2021-08-07 12:57:20.947062+00	385	rey	1	[{"added": {}}]	8	3
532	2021-08-07 13:06:02.258483+00	386	kylo ren	1	[{"added": {}}]	8	3
533	2021-08-07 13:14:28.842103+00	387	others	1	[{"added": {}}]	8	3
534	2021-08-08 07:57:59.785153+00	388	ahsoka tano	1	[{"added": {}}]	8	1
535	2021-08-08 07:58:47.34291+00	389	others	1	[{"added": {}}]	8	1
536	2021-08-08 11:16:54.330586+00	390	others	1	[{"added": {}}]	8	3
537	2021-08-08 11:18:46.010987+00	390	others	2	[{"changed": {"fields": ["Image"]}}]	8	3
538	2021-08-08 11:21:30.094787+00	391	others	1	[{"added": {}}]	8	3
539	2021-08-08 11:23:22.46185+00	392	others	1	[{"added": {}}]	8	3
540	2021-08-08 11:28:04.837107+00	393	others	1	[{"added": {}}]	8	3
541	2021-08-08 11:30:10.934164+00	394	others	1	[{"added": {}}]	8	3
542	2021-08-08 11:32:04.603444+00	395	others	1	[{"added": {}}]	8	3
543	2021-08-08 11:33:41.3504+00	396	others	1	[{"added": {}}]	8	3
544	2021-08-08 11:36:02.684811+00	397	others	1	[{"added": {}}]	8	3
545	2021-08-08 11:38:12.684725+00	398	others	1	[{"added": {}}]	8	3
546	2021-08-08 11:38:30.747631+00	398	others	2	[{"changed": {"fields": ["Description"]}}]	8	3
547	2021-08-08 11:39:43.691113+00	399	others	1	[{"added": {}}]	8	3
548	2021-08-08 11:41:33.173255+00	400	others	1	[{"added": {}}]	8	3
549	2021-08-08 11:43:27.704749+00	401	others	1	[{"added": {}}]	8	3
550	2021-08-08 11:45:03.583943+00	402	others	1	[{"added": {}}]	8	3
551	2021-08-08 11:46:26.751342+00	403	others	1	[{"added": {}}]	8	3
552	2021-08-08 11:47:39.798509+00	404	others	1	[{"added": {}}]	8	3
553	2021-08-08 19:30:43.502774+00	405	kylo ren	1	[{"added": {}}]	8	1
554	2021-08-08 19:31:41.562969+00	406	boba fett	1	[{"added": {}}]	8	1
555	2021-08-09 18:33:21.569376+00	407	general grievous	1	[{"added": {}}]	8	1
556	2021-08-09 18:34:11.145173+00	408	others	1	[{"added": {}}]	8	1
557	2021-08-09 20:52:38.661974+00	409	others	1	[{"added": {}}]	8	3
558	2021-08-09 20:55:48.219874+00	410	others	1	[{"added": {}}]	8	3
559	2021-08-09 21:05:33.092433+00	411	others	1	[{"added": {}}]	8	3
560	2021-08-10 15:41:17.00763+00	411	others	2	[{"changed": {"fields": ["Tags"]}}]	8	1
561	2021-08-11 15:19:23.007487+00	412	others	1	[{"added": {}}]	8	3
562	2021-08-11 15:25:02.26752+00	413	others	1	[{"added": {}}]	8	3
563	2021-08-11 15:35:00.345816+00	414	darth vader	1	[{"added": {}}]	8	3
564	2021-08-11 15:39:16.801715+00	415	others	1	[{"added": {}}]	8	3
565	2021-08-12 13:50:38.635316+00	416	ahsoka tano	1	[{"added": {}}]	8	1
566	2021-08-13 05:33:51.427054+00	417	padme amidala	1	[{"added": {}}]	8	1
567	2021-08-13 16:01:39.507012+00	418	darth vader	1	[{"added": {}}]	8	3
568	2021-08-14 05:56:49.912861+00	419	others	1	[{"added": {}}]	8	1
569	2021-08-15 05:13:43.26333+00	420	darth maul	1	[{"added": {}}]	8	1
570	2021-08-15 16:55:12.482234+00	421	others	1	[{"added": {}}]	8	3
571	2021-08-15 16:56:03.640782+00	422	others	1	[{"added": {}}]	8	3
572	2021-08-15 17:00:17.438612+00	423	others	1	[{"added": {}}]	8	3
573	2021-08-15 17:01:51.255714+00	424	others	1	[{"added": {}}]	8	3
574	2021-08-15 17:20:50.38395+00	425	others	1	[{"added": {}}]	8	3
575	2021-08-15 17:59:43.139517+00	426	others	1	[{"added": {}}]	8	3
576	2021-08-16 19:04:14.401352+00	427	darth vader	1	[{"added": {}}]	8	1
577	2021-08-17 11:06:26.263873+00	428	others	1	[{"added": {}}]	8	1
578	2021-08-18 08:47:05.15163+00	429	mara jade	1	[{"added": {}}]	8	1
579	2021-08-19 09:45:35.047711+00	430	others	1	[{"added": {}}]	8	1
580	2021-08-20 08:46:01.608354+00	431	general grievous	1	[{"added": {}}]	8	1
581	2021-08-21 05:15:30.318809+00	432	thrawn	1	[{"added": {}}]	8	1
582	2021-08-22 07:36:02.64552+00	433	others	1	[{"added": {}}]	8	3
583	2021-08-22 07:38:44.805905+00	434	others	1	[{"added": {}}]	8	3
584	2021-08-22 07:40:42.262702+00	435	others	1	[{"added": {}}]	8	3
585	2021-08-22 07:52:59.038279+00	436	others	1	[{"added": {}}]	8	3
586	2021-08-22 07:53:51.218357+00	437	rey	1	[{"added": {}}]	8	3
587	2021-08-22 07:58:54.974718+00	438	r2-d2 and c-3po	1	[{"added": {}}]	8	3
588	2021-08-22 15:05:03.327843+00	439	others	1	[{"added": {}}]	8	3
589	2021-08-22 15:07:19.52796+00	440	others	1	[{"added": {}}]	8	3
590	2021-08-23 15:05:46.550929+00	441	ahsoka tano	1	[{"added": {}}]	8	1
591	2021-08-24 04:02:35.561335+00	442	padme amidala	1	[{"added": {}}]	8	1
592	2021-08-25 05:55:44.629772+00	443	others	1	[{"added": {}}]	8	1
593	2021-08-26 11:02:39.280453+00	444	jango fett	1	[{"added": {}}]	8	1
594	2021-08-27 09:13:15.77934+00	445	kylo ren	1	[{"added": {}}]	8	1
595	2021-08-27 17:13:34.705748+00	31	others	2	[{"changed": {"fields": ["Rank"]}}]	7	1
596	2021-08-27 17:19:58.260372+00	61	captain phasma	1	[{"added": {}}]	7	1
597	2021-08-27 17:24:07.714773+00	61	captain phasma	2	[{"changed": {"fields": ["Image"]}}]	7	1
598	2021-08-27 17:29:18.913835+00	355	captain phasma	2	[{"changed": {"fields": ["Collection"]}}]	8	1
599	2021-08-27 17:30:05.934347+00	315	others	2	[]	8	1
600	2021-08-28 07:09:26.972482+00	446	captain phasma	1	[{"added": {}}]	8	3
601	2021-08-28 07:16:26.479418+00	447	captain phasma	1	[{"added": {}}]	8	3
602	2021-08-28 07:34:30.933854+00	448	captain phasma	1	[{"added": {}}]	8	3
603	2021-08-28 07:35:49.730842+00	449	captain phasma	1	[{"added": {}}]	8	3
604	2021-08-29 08:12:03.403677+00	450	darth maul	1	[{"added": {}}]	8	1
605	2021-08-29 13:46:58.380086+00	451	others	1	[{"added": {}}]	8	3
606	2021-08-29 13:48:58.579267+00	452	boba fett	1	[{"added": {}}]	8	3
607	2021-08-29 18:03:37.972131+00	453	chewbacca	1	[{"added": {}}]	8	3
608	2021-08-29 18:07:37.746353+00	453	chewbacca	2	[{"changed": {"fields": ["Image"]}}]	8	3
609	2021-08-30 07:52:31.160889+00	454	ahsoka tano	1	[{"added": {}}]	8	1
610	2021-08-31 05:50:40.341456+00	455	general grievous	1	[{"added": {}}]	8	1
611	2021-09-01 05:16:23.843065+00	456	padme amidala	1	[{"added": {}}]	8	1
612	2021-09-02 03:58:28.722941+00	457	revan	1	[{"added": {}}]	8	1
613	2021-09-02 18:16:42.384657+00	458	boba fett	1	[{"added": {}}]	8	3
614	2021-09-02 18:20:17.103222+00	459	others	1	[{"added": {}}]	8	3
615	2021-09-02 21:04:15.157356+00	460	princess leia	1	[{"added": {}}]	8	1
616	2021-09-03 06:53:29.148393+00	461	palpatine	1	[{"added": {}}]	8	1
617	2021-09-03 06:53:44.714411+00	461	palpatine	2	[{"changed": {"fields": ["Tags"]}}]	8	1
618	2021-09-04 05:25:19.638404+00	462	din djarin	1	[{"added": {}}]	8	1
619	2021-09-05 07:03:04.896021+00	463	others	1	[{"added": {}}]	8	3
620	2021-09-06 08:50:31.544721+00	464	revan	1	[{"added": {}}]	8	1
621	2021-09-07 06:04:07.580886+00	465	mara jade	1	[{"added": {}}]	8	1
622	2021-09-08 06:03:51.114427+00	466	darth maul	1	[{"added": {}}]	8	1
623	2021-09-09 08:46:24.852296+00	467	others	1	[{"added": {}}]	8	1
624	2021-09-09 08:47:31.627538+00	468	others	1	[{"added": {}}]	8	1
625	2021-09-10 06:40:27.666284+00	469	kylo ren	1	[{"added": {}}]	8	1
626	2021-09-10 16:08:57.802251+00	470	others	1	[{"added": {}}]	8	3
627	2021-09-10 16:10:16.212103+00	470	others	2	[{"changed": {"fields": ["Tags"]}}]	8	3
628	2021-09-10 16:13:33.764436+00	471	grogu	1	[{"added": {}}]	8	3
629	2021-09-10 16:16:19.271923+00	472	luke skywalker	1	[{"added": {}}]	8	3
630	2021-09-11 07:19:42.641106+00	473	others	1	[{"added": {}}]	8	3
631	2021-09-11 07:28:16.958908+00	474	others	1	[{"added": {}}]	8	3
632	2021-09-12 10:14:28.369399+00	475	others	1	[{"added": {}}]	8	1
633	2021-09-13 16:47:11.999654+00	476	boba fett	1	[{"added": {}}]	8	1
634	2021-09-14 12:54:29.865319+00	477	captain phasma	1	[{"added": {}}]	8	1
635	2021-09-15 09:07:39.928957+00	478	rey	1	[{"added": {}}]	8	1
636	2021-09-15 09:08:06.3154+00	479	rey	1	[{"added": {}}]	8	1
637	2021-09-16 06:56:33.538955+00	480	yoda	1	[{"added": {}}]	8	1
638	2021-09-17 06:34:03.656373+00	481	others	1	[{"added": {}}]	8	1
639	2021-09-18 11:06:53.38287+00	482	ahsoka tano	1	[{"added": {}}]	8	1
640	2021-09-19 07:25:26.160392+00	483	anakin skywalker	1	[{"added": {}}]	8	3
641	2021-09-19 07:35:53.443755+00	484	anakin skywalker	1	[{"added": {}}]	8	3
642	2021-09-20 05:10:18.284676+00	485	others	1	[{"added": {}}]	8	1
643	2021-09-21 05:01:46.938136+00	486	darth maul	1	[{"added": {}}]	8	1
644	2021-09-22 04:39:06.661965+00	487	padme amidala	1	[{"added": {}}]	8	1
645	2021-09-23 04:09:56.911161+00	488	jango fett	1	[{"added": {}}]	8	1
646	2021-09-24 04:33:45.093029+00	489	revan	1	[{"added": {}}]	8	1
647	2021-09-24 19:08:01.671494+00	490	others	1	[{"added": {}}]	8	3
648	2021-09-24 19:23:10.429044+00	491	others	1	[{"added": {}}]	8	3
649	2021-09-24 19:33:05.350823+00	492	others	1	[{"added": {}}]	8	3
650	2021-09-24 19:35:42.998855+00	493	others	1	[{"added": {}}]	8	3
651	2021-09-24 19:38:50.239099+00	494	others	1	[{"added": {}}]	8	3
652	2021-09-24 19:50:33.11729+00	495	others	1	[{"added": {}}]	8	3
653	2021-09-24 19:56:42.112866+00	496	obi-wan kenobi	1	[{"added": {}}]	8	3
654	2021-09-26 06:21:04.133668+00	497	grogu	1	[{"added": {}}]	8	3
655	2021-09-26 06:24:27.903496+00	498	others	1	[{"added": {}}]	8	3
656	2021-09-26 06:27:25.257663+00	499	din djarin	1	[{"added": {}}]	8	3
657	2021-09-26 06:29:58.120611+00	500	din djarin	1	[{"added": {}}]	8	3
658	2021-09-26 06:34:25.909261+00	501	grogu	1	[{"added": {}}]	8	3
659	2021-09-26 06:36:10.600327+00	502	grogu	1	[{"added": {}}]	8	3
660	2021-09-26 06:38:37.305019+00	503	din djarin	1	[{"added": {}}]	8	3
661	2021-09-26 06:44:25.075614+00	504	din djarin	1	[{"added": {}}]	8	3
662	2021-09-26 06:54:54.934617+00	505	din djarin	1	[{"added": {}}]	8	3
663	2021-09-26 07:16:24.32724+00	499	din djarin	2	[{"changed": {"fields": ["Image"]}}]	8	3
664	2021-09-26 07:32:13.543357+00	506	others	1	[{"added": {}}]	8	3
665	2021-09-27 04:51:09.095368+00	507	others	1	[{"added": {}}]	8	1
666	2021-09-27 09:16:31.336773+00	409	others	3		8	1
667	2021-09-27 15:50:25.83204+00	508	others	1	[{"added": {}}]	8	1
668	2021-09-27 15:51:54.259225+00	509	others	1	[{"added": {}}]	8	1
669	2021-09-28 05:25:11.057597+00	510	ahsoka tano	1	[{"added": {}}]	8	1
670	2021-09-28 17:02:15.192197+00	511	others	1	[{"added": {}}]	8	3
671	2021-09-28 17:08:23.650777+00	512	others	1	[{"added": {}}]	8	3
672	2021-09-30 09:10:12.218921+00	513	jango fett	1	[{"added": {}}]	8	1
673	2021-09-30 18:21:56.153931+00	514	others	1	[{"added": {}}]	8	3
674	2021-10-01 13:52:51.397208+00	515	others	1	[{"added": {}}]	8	3
675	2021-10-01 13:58:58.757036+00	516	obi-wan kenobi	1	[{"added": {}}]	8	3
676	2021-10-01 14:07:51.297965+00	517	others	1	[{"added": {}}]	8	3
677	2021-10-01 14:11:57.431951+00	518	others	1	[{"added": {}}]	8	3
678	2021-10-07 16:03:13.319585+00	519	jango fett	1	[{"added": {}}]	8	1
679	2021-10-07 17:44:09.903997+00	520	revan	1	[{"added": {}}]	8	3
680	2021-10-09 07:51:18.94693+00	521	ahsoka tano	1	[{"added": {}}]	8	1
681	2021-10-10 08:22:11.658716+00	522	darth maul	1	[{"added": {}}]	8	1
682	2021-10-13 06:53:15.016568+00	523	princess leia	1	[{"added": {}}]	8	1
683	2021-10-13 06:53:54.008014+00	524	princess leia	1	[{"added": {}}]	8	1
684	2021-10-14 05:27:17.392471+00	525	others	1	[{"added": {}}]	8	1
685	2021-10-14 17:22:41.05944+00	526	rey	1	[{"added": {}}]	8	1
686	2021-10-16 05:07:32.863085+00	527	others	1	[{"added": {}}]	8	1
687	2021-10-16 05:08:01.900712+00	527	others	2	[{"changed": {"fields": ["Tags"]}}]	8	1
688	2021-10-16 09:35:28.394171+00	528	general grievous	1	[{"added": {}}]	8	1
689	2021-10-16 17:42:59.421902+00	529	others	1	[{"added": {}}]	8	3
690	2021-10-16 17:47:18.698978+00	530	captain phasma	1	[{"added": {}}]	8	3
691	2021-10-16 18:06:18.20769+00	531	others	1	[{"added": {}}]	8	3
692	2021-10-16 18:30:47.526645+00	532	others	1	[{"added": {}}]	8	3
693	2021-10-16 18:33:02.192547+00	533	captain phasma	1	[{"added": {}}]	8	3
694	2021-10-17 07:56:47.188431+00	534	r2-d2 and c-3po	1	[{"added": {}}]	8	1
695	2021-10-17 16:59:17.226009+00	535	others	1	[{"added": {}}]	8	3
696	2021-10-18 06:11:51.350782+00	536	others	1	[{"added": {}}]	8	1
697	2021-10-18 18:12:00.194825+00	537	others	1	[{"added": {}}]	8	1
698	2021-10-19 06:02:23.031939+00	538	rey	1	[{"added": {}}]	8	1
699	2021-10-19 06:06:38.401072+00	539	others	1	[{"added": {}}]	8	1
700	2021-10-20 06:29:32.583218+00	42	mara jade	3		8	1
701	2021-10-20 06:35:37.478844+00	540	boba fett	1	[{"added": {}}]	8	1
702	2021-10-20 19:17:44.176992+00	541	others	1	[{"added": {}}]	8	1
703	2021-10-21 08:29:06.520502+00	542	others	1	[{"added": {}}]	8	1
704	2021-10-22 06:16:38.108734+00	543	plo koon	1	[{"added": {}}]	8	1
705	2021-10-22 19:18:10.389853+00	544	others	1	[{"added": {}}]	8	1
706	2021-10-23 09:13:51.038763+00	545	general grievous	1	[{"added": {}}]	8	1
707	2021-10-23 15:21:54.927407+00	546	others	1	[{"added": {}}]	8	1
708	2021-10-23 15:22:32.191069+00	547	others	1	[{"added": {}}]	8	1
709	2021-10-24 07:55:33.694309+00	548	thrawn	1	[{"added": {}}]	8	1
710	2021-10-24 11:56:42.250054+00	549	others	1	[{"added": {}}]	8	1
711	2021-10-24 17:56:03.458585+00	549	others	3		8	3
712	2021-10-25 19:07:30.347529+00	550	rey	1	[{"added": {}}]	8	1
713	2021-10-26 05:17:27.208452+00	551	darth vader	1	[{"added": {}}]	8	1
714	2021-10-27 14:15:03.28987+00	552	kylo ren	1	[{"added": {}}]	8	1
715	2021-10-28 15:37:51.960826+00	553	ahsoka tano	1	[{"added": {}}]	8	1
716	2021-10-29 19:04:13.56284+00	554	others	1	[{"added": {}}]	8	1
717	2021-10-30 12:25:40.725669+00	555	others	1	[{"added": {}}]	8	3
718	2021-10-30 12:30:09.744785+00	556	others	1	[{"added": {}}]	8	3
719	2021-10-30 12:34:57.612346+00	557	others	1	[{"added": {}}]	8	3
720	2021-10-30 14:51:51.382547+00	341	others	3		8	1
721	2021-11-01 21:24:24.35824+00	558	boba fett	1	[{"added": {}}]	8	1
722	2021-11-02 19:07:04.289843+00	559	thrawn	1	[{"added": {}}]	8	1
723	2021-11-03 10:13:16.823591+00	560	others	1	[{"added": {}}]	8	1
724	2021-11-04 16:22:01.009535+00	561	others	1	[{"added": {}}]	8	1
725	2021-11-05 12:03:17.77828+00	562	others	1	[{"added": {}}]	8	1
726	2021-11-05 21:37:36.997003+00	563	revan	1	[{"added": {}}]	8	1
727	2021-11-06 09:45:18.799023+00	564	captain phasma	1	[{"added": {}}]	8	1
728	2021-11-06 09:46:05.959071+00	565	captain phasma	1	[{"added": {}}]	8	1
729	2021-11-06 09:47:14.549812+00	566	captain phasma	1	[{"added": {}}]	8	1
730	2021-11-06 09:48:03.151932+00	567	captain phasma	1	[{"added": {}}]	8	1
731	2021-11-06 09:48:43.42311+00	568	captain phasma	1	[{"added": {}}]	8	1
732	2021-11-06 09:49:20.046895+00	569	captain phasma	1	[{"added": {}}]	8	1
733	2021-11-06 09:50:46.285678+00	570	captain phasma	1	[{"added": {}}]	8	1
734	2021-11-06 15:48:43.70713+00	571	others	1	[{"added": {}}]	8	3
735	2021-11-06 16:16:27.089991+00	572	others	1	[{"added": {}}]	8	3
736	2021-11-07 08:37:14.40691+00	573	kylo ren	1	[{"added": {}}]	8	1
737	2021-11-07 14:13:30.538003+00	574	others	1	[{"added": {}}]	8	3
738	2021-11-07 14:25:25.759201+00	575	obi-wan kenobi	1	[{"added": {}}]	8	3
739	2021-11-07 14:32:26.46695+00	576	obi-wan kenobi	1	[{"added": {}}]	8	3
740	2021-11-08 06:45:51.17919+00	577	others	1	[{"added": {}}]	8	1
741	2021-11-09 12:39:15.589735+00	578	others	1	[{"added": {}}]	8	1
742	2021-11-10 07:27:58.295041+00	579	others	1	[{"added": {}}]	8	1
743	2021-11-11 07:00:48.153675+00	580	others	1	[{"added": {}}]	8	1
744	2021-11-12 06:56:13.417914+00	581	princess leia	1	[{"added": {}}]	8	1
745	2021-11-13 06:16:32.661183+00	582	others	1	[{"added": {}}]	8	3
746	2021-11-13 06:22:00.111825+00	583	others	1	[{"added": {}}]	8	3
747	2021-11-13 06:24:41.306154+00	584	others	1	[{"added": {}}]	8	3
748	2021-11-13 06:27:29.033749+00	585	others	1	[{"added": {}}]	8	3
749	2021-11-13 06:36:08.683937+00	586	others	1	[{"added": {}}]	8	3
750	2021-11-13 11:29:52.235619+00	587	boba fett	1	[{"added": {}}]	8	3
751	2021-11-13 18:31:24.230983+00	2	javokhir	2	[{"changed": {"fields": ["Staff status"]}}]	4	1
752	2021-11-13 20:08:42.308762+00	588	others	1	[{"added": {}}]	8	3
753	2021-11-13 20:14:14.905344+00	589	others	1	[{"added": {}}]	8	3
754	2021-11-14 06:58:41.005481+00	590	others	1	[{"added": {}}]	8	3
755	2021-11-14 07:08:07.142943+00	591	others	1	[{"added": {}}]	8	3
756	2021-11-14 07:13:19.370367+00	592	obi-wan kenobi	1	[{"added": {}}]	8	3
757	2021-11-15 16:39:27.848268+00	593	kylo ren	1	[{"added": {}}]	8	1
758	2021-11-15 18:45:31.349351+00	594	others	1	[{"added": {}}]	8	3
759	2021-11-15 18:50:46.975262+00	595	others	1	[{"added": {}}]	8	3
760	2021-11-15 18:52:07.204992+00	596	din djarin	1	[{"added": {}}]	8	3
761	2021-11-15 18:55:55.033047+00	597	others	1	[{"added": {}}]	8	3
762	2021-11-15 18:58:55.116104+00	598	others	1	[{"added": {}}]	8	3
763	2021-11-15 19:01:01.600993+00	599	darth vader	1	[{"added": {}}]	8	3
764	2021-11-15 19:03:22.109539+00	600	others	1	[{"added": {}}]	8	3
765	2021-11-15 19:04:59.651041+00	601	others	1	[{"added": {}}]	8	3
766	2021-11-15 19:05:48.563854+00	601	others	2	[{"changed": {"fields": ["Tags"]}}]	8	3
767	2021-11-15 19:08:26.99948+00	602	others	1	[{"added": {}}]	8	3
768	2021-11-15 19:10:36.173639+00	603	others	1	[{"added": {}}]	8	3
769	2021-11-15 19:13:01.657165+00	604	others	1	[{"added": {}}]	8	3
770	2021-11-15 19:14:37.623942+00	605	boba fett	1	[{"added": {}}]	8	3
771	2021-11-15 19:16:26.124237+00	606	others	1	[{"added": {}}]	8	3
772	2021-11-15 19:19:13.824156+00	607	others	1	[{"added": {}}]	8	3
773	2021-11-15 19:21:22.400466+00	608	boba fett	1	[{"added": {}}]	8	3
774	2021-11-15 19:23:23.900782+00	609	others	1	[{"added": {}}]	8	3
775	2021-11-15 19:26:25.099854+00	610	others	1	[{"added": {}}]	8	3
776	2021-11-17 04:42:42.107798+00	611	others	1	[{"added": {}}]	8	1
777	2021-11-18 06:55:03.510137+00	612	others	1	[{"added": {}}]	8	1
778	2021-11-18 15:49:15.676501+00	612	others	2	[]	8	1
779	2021-11-19 16:54:32.625709+00	613	kylo ren	1	[{"added": {}}]	8	1
780	2021-11-20 07:20:04.51278+00	614	others	1	[{"added": {}}]	8	3
781	2021-11-20 07:30:02.574716+00	615	others	1	[{"added": {}}]	8	3
782	2021-11-20 07:55:49.150307+00	616	others	1	[{"added": {}}]	8	3
783	2021-11-20 08:00:55.930713+00	617	others	1	[{"added": {}}]	8	3
784	2021-11-21 19:32:50.07427+00	618	others	1	[{"added": {}}]	8	1
785	2021-11-22 19:58:41.864628+00	619	boba fett	1	[{"added": {}}]	8	3
786	2021-11-22 20:01:47.300343+00	620	others	1	[{"added": {}}]	8	3
787	2021-11-22 20:04:16.686782+00	621	others	1	[{"added": {}}]	8	3
788	2021-11-22 20:07:10.217634+00	622	others	1	[{"added": {}}]	8	3
789	2021-11-22 20:09:24.24912+00	623	others	1	[{"added": {}}]	8	3
790	2021-11-22 20:10:57.948478+00	624	darth maul	1	[{"added": {}}]	8	3
791	2021-11-23 14:13:52.881345+00	625	grogu	1	[{"added": {}}]	8	3
792	2021-11-23 14:15:01.432258+00	626	others	1	[{"added": {}}]	8	3
793	2021-11-23 14:16:14.793487+00	627	boba fett	1	[{"added": {}}]	8	3
794	2021-11-23 14:17:29.874723+00	628	boba fett	1	[{"added": {}}]	8	3
795	2021-11-23 14:18:49.117576+00	629	darth maul	1	[{"added": {}}]	8	3
796	2021-11-23 14:20:57.606236+00	630	luke skywalker	1	[{"added": {}}]	8	3
797	2021-11-23 14:22:25.5076+00	631	revan	1	[{"added": {}}]	8	3
798	2021-11-23 14:24:03.60435+00	632	others	1	[{"added": {}}]	8	3
799	2021-11-23 14:26:56.895827+00	633	others	1	[{"added": {}}]	8	3
800	2021-11-23 14:28:04.310527+00	634	others	1	[{"added": {}}]	8	3
801	2021-11-23 14:28:56.12365+00	635	darth vader	1	[{"added": {}}]	8	3
802	2021-11-24 18:48:13.794919+00	636	others	1	[{"added": {}}]	8	3
803	2021-11-24 18:56:54.659435+00	637	revan	1	[{"added": {}}]	8	3
804	2021-11-24 18:59:31.769778+00	638	others	1	[{"added": {}}]	8	3
805	2021-11-24 19:01:49.541357+00	639	others	1	[{"added": {}}]	8	3
806	2021-11-24 19:11:02.105102+00	640	others	1	[{"added": {}}]	8	3
807	2021-11-24 19:14:53.856165+00	641	others	1	[{"added": {}}]	8	3
808	2021-11-24 19:16:55.046018+00	642	others	1	[{"added": {}}]	8	3
809	2021-11-24 19:18:58.075026+00	643	others	1	[{"added": {}}]	8	3
810	2021-11-27 15:34:54.502918+00	644	others	1	[{"added": {}}]	8	1
811	2021-11-27 19:13:17.096005+00	645	ahsoka tano	1	[{"added": {}}]	8	3
812	2021-11-28 10:04:43.259585+00	620	others	2	[{"changed": {"fields": ["Tags"]}}]	8	3
813	2021-11-28 10:05:26.988108+00	463	others	2	[{"changed": {"fields": ["Tags"]}}]	8	3
814	2021-11-28 10:05:56.345998+00	233	others	2	[{"changed": {"fields": ["Tags"]}}]	8	3
815	2021-11-28 10:06:52.037525+00	430	others	2	[{"changed": {"fields": ["Tags"]}}]	8	3
816	2021-11-28 10:07:17.87097+00	230	others	2	[{"changed": {"fields": ["Tags"]}}]	8	3
817	2021-11-28 10:09:38.107442+00	646	others	1	[{"added": {}}]	8	3
818	2021-11-28 10:17:49.061314+00	647	others	1	[{"added": {}}]	8	3
819	2021-11-28 10:18:47.11159+00	648	others	1	[{"added": {}}]	8	3
820	2021-11-28 10:25:02.646985+00	649	others	1	[{"added": {}}]	8	3
821	2021-11-28 10:26:50.337579+00	231	others	2	[{"changed": {"fields": ["Tags"]}}]	8	3
822	2021-11-28 10:27:04.432108+00	233	others	2	[{"changed": {"fields": ["Tags"]}}]	8	3
823	2021-11-28 10:28:15.230963+00	650	others	1	[{"added": {}}]	8	3
824	2021-11-28 10:38:20.596832+00	651	others	1	[{"added": {}}]	8	3
825	2021-11-28 11:00:41.855319+00	651	others	2	[{"changed": {"fields": ["Tags"]}}]	8	3
826	2021-11-28 11:00:56.732018+00	650	others	2	[{"changed": {"fields": ["Tags"]}}]	8	3
827	2021-11-28 11:01:06.652394+00	649	others	2	[{"changed": {"fields": ["Tags"]}}]	8	3
828	2021-11-28 11:01:20.637001+00	648	others	2	[{"changed": {"fields": ["Tags"]}}]	8	3
829	2021-11-28 11:01:38.08803+00	647	others	2	[{"changed": {"fields": ["Tags"]}}]	8	3
830	2021-11-28 11:01:52.117244+00	646	others	2	[{"changed": {"fields": ["Tags"]}}]	8	3
831	2021-11-28 11:02:15.087354+00	620	others	2	[{"changed": {"fields": ["Tags"]}}]	8	3
832	2021-11-28 11:02:24.348322+00	463	others	2	[{"changed": {"fields": ["Tags"]}}]	8	3
833	2021-11-28 11:02:59.90715+00	209	others	2	[{"changed": {"fields": ["Tags"]}}]	8	3
834	2021-11-28 11:03:09.023175+00	210	others	2	[{"changed": {"fields": ["Tags"]}}]	8	3
835	2021-11-28 11:03:25.48426+00	211	others	2	[{"changed": {"fields": ["Tags"]}}]	8	3
836	2021-11-28 11:03:35.136128+00	212	others	2	[{"changed": {"fields": ["Tags"]}}]	8	3
837	2021-11-28 11:03:44.664184+00	213	others	2	[{"changed": {"fields": ["Tags"]}}]	8	3
838	2021-11-28 11:03:55.024895+00	214	others	2	[{"changed": {"fields": ["Tags"]}}]	8	3
839	2021-11-28 11:04:09.648979+00	230	others	2	[{"changed": {"fields": ["Tags"]}}]	8	3
840	2021-11-28 11:04:23.139292+00	231	others	2	[{"changed": {"fields": ["Tags"]}}]	8	3
841	2021-11-28 11:04:43.532216+00	233	others	2	[{"changed": {"fields": ["Tags"]}}]	8	3
842	2021-11-28 11:04:54.757447+00	430	others	2	[{"changed": {"fields": ["Tags"]}}]	8	3
843	2021-11-30 13:48:18.265466+00	652	boba fett	1	[{"added": {}}]	8	1
844	2021-12-01 14:02:26.778669+00	653	revan	1	[{"added": {}}]	8	3
845	2021-12-01 14:12:18.353324+00	654	others	1	[{"added": {}}]	8	3
846	2021-12-01 14:14:19.789579+00	655	others	1	[{"added": {}}]	8	3
847	2021-12-01 14:15:56.704988+00	656	others	1	[{"added": {}}]	8	3
848	2021-12-01 14:17:44.692208+00	657	others	1	[{"added": {}}]	8	3
849	2021-12-04 09:28:16.95486+00	658	kylo ren	1	[{"added": {}}]	8	1
850	2021-12-04 16:06:25.184567+00	659	others	1	[{"added": {}}]	8	3
851	2021-12-04 16:07:55.682149+00	660	others	1	[{"added": {}}]	8	3
852	2021-12-04 16:08:57.302865+00	661	r2-d2 and c-3po	1	[{"added": {}}]	8	3
853	2021-12-04 16:10:25.422802+00	662	others	1	[{"added": {}}]	8	3
854	2021-12-04 16:11:36.183249+00	663	others	1	[{"added": {}}]	8	3
855	2021-12-04 16:12:46.5028+00	664	r2-d2 and c-3po	1	[{"added": {}}]	8	3
856	2021-12-04 16:19:56.602118+00	665	others	1	[{"added": {}}]	8	3
857	2021-12-04 16:21:40.712834+00	666	others	1	[{"added": {}}]	8	3
858	2021-12-04 16:22:05.411107+00	666	others	2	[{"changed": {"fields": ["Description"]}}]	8	3
859	2021-12-04 16:25:07.938206+00	667	darth vader	1	[{"added": {}}]	8	3
860	2021-12-04 16:27:28.072355+00	668	grogu	1	[{"added": {}}]	8	3
861	2021-12-04 17:22:45.595277+00	669	others	1	[{"added": {}}]	8	3
862	2021-12-05 16:39:49.623103+00	670	others	1	[{"added": {}}]	8	3
863	2021-12-05 16:42:45.731826+00	671	others	1	[{"added": {}}]	8	3
864	2021-12-05 16:45:10.881888+00	672	luke skywalker	1	[{"added": {}}]	8	3
865	2021-12-05 16:47:01.09231+00	673	others	1	[{"added": {}}]	8	3
866	2021-12-05 16:50:05.811686+00	674	others	1	[{"added": {}}]	8	3
867	2021-12-05 16:52:54.322608+00	675	others	1	[{"added": {}}]	8	3
868	2021-12-05 16:57:01.619216+00	676	others	1	[{"added": {}}]	8	3
869	2021-12-05 16:59:30.127903+00	677	rey	1	[{"added": {}}]	8	3
870	2021-12-05 17:03:13.599303+00	678	others	1	[{"added": {}}]	8	3
871	2021-12-05 17:25:11.639664+00	679	darth vader	1	[{"added": {}}]	8	3
872	2021-12-06 19:11:26.885338+00	680	general grievous	1	[{"added": {}}]	8	3
873	2021-12-06 19:14:23.938771+00	681	others	1	[{"added": {}}]	8	3
874	2021-12-06 19:16:25.312363+00	682	others	1	[{"added": {}}]	8	3
875	2021-12-06 19:19:44.216721+00	683	others	1	[{"added": {}}]	8	3
876	2021-12-06 19:23:52.083758+00	684	others	1	[{"added": {}}]	8	3
877	2021-12-06 19:32:40.371395+00	685	others	1	[{"added": {}}]	8	3
878	2021-12-06 19:37:32.118225+00	686	darth vader	1	[{"added": {}}]	8	3
879	2021-12-06 19:39:15.075286+00	687	boba fett	1	[{"added": {}}]	8	3
880	2021-12-06 19:40:51.489233+00	688	others	1	[{"added": {}}]	8	3
881	2021-12-06 19:46:32.037824+00	689	others	1	[{"added": {}}]	8	3
882	2021-12-06 19:50:35.633118+00	690	general grievous	1	[{"added": {}}]	8	3
883	2021-12-06 19:51:34.651247+00	691	darth maul	1	[{"added": {}}]	8	3
884	2021-12-06 19:56:33.292393+00	692	others	1	[{"added": {}}]	8	3
885	2021-12-06 19:57:56.232965+00	693	others	1	[{"added": {}}]	8	3
886	2021-12-06 20:01:15.258918+00	694	kylo ren	1	[{"added": {}}]	8	3
887	2021-12-08 16:30:43.028705+00	695	others	1	[{"added": {}}]	8	3
888	2021-12-09 19:47:58.263266+00	696	others	1	[{"added": {}}]	8	3
889	2021-12-09 19:58:40.898479+00	697	others	1	[{"added": {}}]	8	3
890	2021-12-09 20:02:57.450725+00	698	others	1	[{"added": {}}]	8	3
891	2021-12-10 07:02:25.210089+00	698	others	2	[{"changed": {"fields": ["Visibility"]}}]	8	3
892	2021-12-10 10:04:02.742757+00	689	others	2	[{"changed": {"fields": ["Visibility"]}}]	8	1
893	2021-12-10 10:04:42.993227+00	606	others	2	[{"changed": {"fields": ["Visibility"]}}]	8	1
894	2021-12-10 19:11:27.853983+00	699	others	1	[{"added": {}}]	8	3
895	2021-12-10 19:14:49.376636+00	700	general grievous	1	[{"added": {}}]	8	3
896	2021-12-10 19:20:48.112142+00	700	general grievous	2	[{"changed": {"fields": ["Image"]}}]	8	3
897	2021-12-10 19:22:43.339868+00	701	revan	1	[{"added": {}}]	8	3
898	2021-12-10 19:33:56.915661+00	702	others	1	[{"added": {}}]	8	3
899	2021-12-10 19:55:11.189636+00	703	others	1	[{"added": {}}]	8	3
900	2021-12-10 19:59:25.84729+00	704	others	1	[{"added": {}}]	8	3
901	2021-12-10 20:02:17.273207+00	705	darth vader	1	[{"added": {}}]	8	3
902	2021-12-10 20:09:14.741046+00	706	others	1	[{"added": {}}]	8	3
903	2021-12-11 12:25:04.071471+00	707	others	1	[{"added": {}}]	8	3
904	2021-12-11 12:45:57.185907+00	708	others	1	[{"added": {}}]	8	3
905	2021-12-11 12:53:50.142734+00	709	others	1	[{"added": {}}]	8	3
906	2021-12-11 16:08:21.682311+00	710	others	1	[{"added": {}}]	8	3
907	2021-12-11 16:25:58.509689+00	711	others	1	[{"added": {}}]	8	3
908	2021-12-11 16:28:33.968149+00	712	others	1	[{"added": {}}]	8	3
909	2021-12-11 16:30:07.450441+00	713	others	1	[{"added": {}}]	8	3
910	2021-12-11 16:47:48.488233+00	714	din djarin	1	[{"added": {}}]	8	3
911	2021-12-11 16:51:56.437177+00	715	revan	1	[{"added": {}}]	8	3
912	2021-12-12 19:18:00.784548+00	716	others	1	[{"added": {}}]	8	3
913	2021-12-13 19:56:40.819314+00	717	others	1	[{"added": {}}]	8	3
914	2021-12-13 20:08:09.639337+00	718	others	1	[{"added": {}}]	8	3
915	2021-12-13 20:09:09.197784+00	697	others	2	[{"changed": {"fields": ["Description"]}}]	8	3
916	2021-12-13 20:09:45.817815+00	696	others	2	[{"changed": {"fields": ["Description"]}}]	8	3
917	2021-12-13 20:11:41.620215+00	718	others	2	[{"changed": {"fields": ["Description"]}}]	8	3
918	2021-12-13 20:19:25.725238+00	719	others	1	[{"added": {}}]	8	3
919	2021-12-13 20:23:34.021964+00	720	obi-wan kenobi	1	[{"added": {}}]	8	3
920	2021-12-13 20:32:43.930236+00	721	darth vader	1	[{"added": {}}]	8	3
921	2021-12-13 20:37:39.321425+00	722	darth vader	1	[{"added": {}}]	8	3
922	2021-12-13 20:40:23.039337+00	723	luke skywalker	1	[{"added": {}}]	8	3
923	2021-12-15 10:59:35.096776+00	724	darth maul	1	[{"added": {}}]	8	1
924	2021-12-16 09:54:07.481124+00	725	others	1	[{"added": {}}]	8	1
925	2021-12-19 22:02:09.43184+00	726	others	1	[{"added": {}}]	8	1
926	2021-12-20 23:06:37.636142+00	727	others	1	[{"added": {}}]	8	1
927	2021-12-24 20:53:41.865527+00	728	darth vader	1	[{"added": {}}]	8	1
928	2021-12-27 17:48:50.503907+00	729	princess leia	1	[{"added": {}}]	8	1
929	2021-12-28 21:08:31.208974+00	730	captain phasma	1	[{"added": {}}]	8	1
930	2022-01-01 10:07:08.513081+00	731	kylo ren	1	[{"added": {}}]	8	1
931	2022-01-04 14:37:39.078373+00	732	others	1	[{"added": {}}]	8	1
932	2022-01-08 18:32:35.369906+00	733	r2-d2 and c-3po	1	[{"added": {}}]	8	1
933	2022-01-11 07:37:58.715462+00	734	boba fett	1	[{"added": {}}]	8	3
934	2022-01-11 07:42:05.913683+00	735	boba fett	1	[{"added": {}}]	8	3
935	2022-01-11 07:44:23.183391+00	736	boba fett	1	[{"added": {}}]	8	3
936	2022-01-11 07:46:02.841373+00	737	boba fett	1	[{"added": {}}]	8	3
937	2022-01-11 07:48:55.180073+00	738	boba fett	1	[{"added": {}}]	8	3
938	2022-01-11 08:06:25.807977+00	739	others	1	[{"added": {}}]	8	3
939	2022-01-11 08:08:28.494186+00	740	others	1	[{"added": {}}]	8	3
940	2022-01-12 12:46:10.181952+00	741	others	1	[{"added": {}}]	8	3
941	2022-01-12 12:47:55.092873+00	742	others	1	[{"added": {}}]	8	3
942	2022-01-12 12:59:15.509307+00	743	others	1	[{"added": {}}]	8	3
943	2022-01-12 13:03:56.484847+00	744	luke skywalker	1	[{"added": {}}]	8	3
944	2022-01-15 14:43:14.041438+00	745	others	1	[{"added": {}}]	8	3
945	2022-01-15 14:45:45.03052+00	746	others	1	[{"added": {}}]	8	3
946	2022-01-15 14:54:51.630419+00	747	others	1	[{"added": {}}]	8	3
947	2022-01-15 14:57:01.658044+00	748	others	1	[{"added": {}}]	8	3
948	2022-01-15 15:37:11.907247+00	749	others	1	[{"added": {}}]	8	3
949	2022-01-15 18:14:42.026047+00	750	others	1	[{"added": {}}]	8	3
950	2022-01-15 18:31:43.472491+00	698	others	2	[{"changed": {"fields": ["Visibility"]}}]	8	3
951	2022-01-15 18:31:51.773203+00	689	others	2	[{"changed": {"fields": ["Visibility"]}}]	8	3
952	2022-01-15 18:32:02.840848+00	606	others	2	[{"changed": {"fields": ["Visibility"]}}]	8	3
953	2022-01-15 18:51:28.909301+00	247	din djarin	2	[{"changed": {"fields": ["Collection", "Tags"]}}]	8	3
954	2022-01-16 06:41:06.489456+00	751	others	1	[{"added": {}}]	8	3
955	2022-01-16 07:04:26.079627+00	752	others	1	[{"added": {}}]	8	3
956	2022-01-16 07:12:53.982145+00	753	others	1	[{"added": {}}]	8	3
957	2022-01-16 07:24:56.557981+00	754	others	1	[{"added": {}}]	8	3
958	2022-01-16 07:30:32.42054+00	755	others	1	[{"added": {}}]	8	3
959	2022-01-16 07:33:21.054577+00	756	others	1	[{"added": {}}]	8	3
960	2022-01-16 07:39:13.161157+00	757	others	1	[{"added": {}}]	8	3
961	2022-01-17 07:22:33.248641+00	758	others	1	[{"added": {}}]	8	3
962	2022-01-17 07:26:39.646672+00	759	others	1	[{"added": {}}]	8	3
963	2022-01-17 07:31:03.970027+00	760	others	1	[{"added": {}}]	8	3
964	2022-01-17 07:49:51.31641+00	761	others	1	[{"added": {}}]	8	3
965	2022-01-17 07:54:52.990688+00	762	others	1	[{"added": {}}]	8	3
966	2022-01-17 08:07:40.320948+00	763	yoda	1	[{"added": {}}]	8	3
967	2022-01-17 08:10:09.070673+00	764	others	1	[{"added": {}}]	8	3
968	2022-01-17 08:13:08.88627+00	765	others	1	[{"added": {}}]	8	3
969	2022-01-17 08:19:12.285281+00	766	others	1	[{"added": {}}]	8	3
970	2022-01-17 08:27:10.082182+00	767	others	1	[{"added": {}}]	8	3
971	2022-01-17 08:31:52.465784+00	768	others	1	[{"added": {}}]	8	3
972	2022-01-17 08:35:15.98411+00	769	others	1	[{"added": {}}]	8	3
973	2022-01-17 13:21:41.100706+00	770	others	1	[{"added": {}}]	8	3
974	2022-01-17 13:27:02.83182+00	771	others	1	[{"added": {}}]	8	3
975	2022-01-17 16:48:44.726499+00	772	others	1	[{"added": {}}]	8	3
976	2022-01-17 16:52:35.090819+00	773	others	1	[{"added": {}}]	8	3
977	2022-01-17 16:56:48.646021+00	774	others	1	[{"added": {}}]	8	3
978	2022-01-18 04:52:11.014547+00	775	others	1	[{"added": {}}]	8	3
979	2022-01-18 04:54:23.136744+00	776	others	1	[{"added": {}}]	8	3
980	2022-01-18 07:06:15.984987+00	777	others	1	[{"added": {}}]	8	3
981	2022-01-18 07:08:32.850802+00	778	others	1	[{"added": {}}]	8	3
982	2022-01-18 09:50:35.885699+00	779	others	1	[{"added": {}}]	8	3
983	2022-01-18 13:00:00.149564+00	780	others	1	[{"added": {}}]	8	3
984	2022-01-18 13:02:05.152578+00	781	others	1	[{"added": {}}]	8	3
985	2022-01-18 13:07:10.679666+00	782	others	1	[{"added": {}}]	8	3
986	2022-01-18 19:12:43.848618+00	783	others	1	[{"added": {}}]	8	3
987	2022-01-18 19:16:17.649983+00	784	boba fett	1	[{"added": {}}]	8	3
988	2022-01-18 19:18:30.107867+00	785	others	1	[{"added": {}}]	8	3
989	2022-01-18 19:20:29.973744+00	786	others	1	[{"added": {}}]	8	3
990	2022-01-21 20:23:50.430579+00	787	others	1	[{"added": {}}]	8	3
991	2022-01-21 20:28:02.735697+00	788	others	1	[{"added": {}}]	8	3
992	2022-01-21 20:30:19.033307+00	789	others	1	[{"added": {}}]	8	3
993	2022-01-21 20:40:08.83404+00	790	han solo	1	[{"added": {}}]	8	3
994	2022-01-22 13:45:52.941203+00	791	obi-wan kenobi	1	[{"added": {}}]	8	3
995	2022-01-22 13:48:02.805151+00	792	others	1	[{"added": {}}]	8	3
996	2022-01-22 13:51:14.386388+00	793	boba fett	1	[{"added": {}}]	8	3
997	2022-01-22 13:57:32.251373+00	794	others	1	[{"added": {}}]	8	3
998	2022-01-22 14:05:57.646019+00	795	others	1	[{"added": {}}]	8	3
999	2022-01-22 18:29:40.411062+00	796	others	1	[{"added": {}}]	8	3
1000	2022-01-22 18:37:26.065156+00	797	others	1	[{"added": {}}]	8	3
1001	2022-01-23 07:53:42.447965+00	798	others	1	[{"added": {}}]	8	3
1002	2022-01-23 07:58:12.835698+00	799	r2-d2 and c-3po	1	[{"added": {}}]	8	3
1003	2022-01-23 08:05:15.37476+00	800	others	1	[{"added": {}}]	8	3
1004	2022-01-23 08:11:37.139837+00	801	obi-wan kenobi	1	[{"added": {}}]	8	3
1005	2022-01-23 08:14:07.87025+00	802	others	1	[{"added": {}}]	8	3
1006	2022-01-23 08:20:37.664398+00	803	others	1	[{"added": {}}]	8	3
1007	2022-01-23 16:21:16.76273+00	804	others	1	[{"added": {}}]	8	3
1008	2022-01-23 16:23:16.27513+00	805	boba fett	1	[{"added": {}}]	8	3
1009	2022-01-23 16:24:39.894434+00	806	captain phasma	1	[{"added": {}}]	8	3
1010	2022-01-28 19:26:06.254188+00	807	mace windu	1	[{"added": {}}]	8	3
1011	2022-01-28 19:34:37.365062+00	808	others	1	[{"added": {}}]	8	3
1012	2022-01-28 19:48:19.56106+00	809	anakin skywalker	1	[{"added": {}}]	8	3
1013	2022-01-28 19:57:58.674435+00	810	obi-wan kenobi	1	[{"added": {}}]	8	3
1014	2022-01-28 19:59:48.503377+00	811	obi-wan kenobi	1	[{"added": {}}]	8	3
1015	2022-01-28 20:08:35.013539+00	812	others	1	[{"added": {}}]	8	3
1016	2022-01-28 20:11:57.548916+00	813	others	1	[{"added": {}}]	8	3
1017	2022-01-28 20:15:16.335898+00	814	others	1	[{"added": {}}]	8	3
1018	2022-02-03 19:40:17.437605+00	815	revan	1	[{"added": {}}]	8	1
1019	2022-02-04 20:32:24.911882+00	816	darth maul	1	[{"added": {}}]	8	3
1020	2022-02-04 20:34:00.706607+00	817	darth maul	1	[{"added": {}}]	8	3
1021	2022-02-04 20:56:08.778401+00	818	luke skywalker	1	[{"added": {}}]	8	3
1022	2022-02-04 21:11:19.644702+00	819	others	1	[{"added": {}}]	8	3
1023	2022-02-04 21:18:11.420332+00	820	others	1	[{"added": {}}]	8	3
1024	2022-02-05 06:00:43.533009+00	821	others	1	[{"added": {}}]	8	3
1025	2022-02-05 06:10:04.610635+00	822	others	1	[{"added": {}}]	8	3
1026	2022-02-05 07:23:05.474369+00	823	grogu	1	[{"added": {}}]	8	3
1027	2022-02-05 17:45:19.644905+00	824	luke skywalker	1	[{"added": {}}]	8	3
1028	2022-02-05 17:49:10.898568+00	825	luke skywalker	1	[{"added": {}}]	8	3
1029	2022-02-05 18:06:05.319413+00	826	others	1	[{"added": {}}]	8	3
1030	2022-02-05 18:13:42.611842+00	827	others	1	[{"added": {}}]	8	3
1031	2022-02-06 21:03:45.195113+00	828	boba fett	1	[{"added": {}}]	8	3
1032	2022-02-06 21:15:58.178153+00	829	others	1	[{"added": {}}]	8	3
1033	2022-02-19 15:33:01.363644+00	830	others	1	[{"added": {}}]	8	3
1034	2022-02-20 07:13:44.54036+00	831	others	1	[{"added": {}}]	8	3
1035	2022-02-20 07:18:10.600799+00	832	others	1	[{"added": {}}]	8	3
1036	2022-02-20 07:26:53.617538+00	833	others	1	[{"added": {}}]	8	3
1037	2022-02-20 07:30:39.580681+00	834	others	1	[{"added": {}}]	8	3
1038	2022-02-20 07:33:42.161462+00	835	others	1	[{"added": {}}]	8	3
1039	2022-02-20 08:01:40.061468+00	836	others	1	[{"added": {}}]	8	3
\.


--
-- Data for Name: django_content_type; Type: TABLE DATA; Schema: public; Owner: postgres
--

COPY public.django_content_type (id, app_label, model) FROM stdin;
1	admin	logentry
2	auth	permission
3	auth	group
4	auth	user
5	contenttypes	contenttype
6	sessions	session
7	forceartsapi	category
8	forceartsapi	wallpaper
9	forceartsapi	contactus
10	taggit	tag
11	taggit	taggeditem
\.


--
-- Data for Name: django_migrations; Type: TABLE DATA; Schema: public; Owner: postgres
--

COPY public.django_migrations (id, app, name, applied) FROM stdin;
1	contenttypes	0001_initial	2021-03-25 09:35:11.871348+00
2	auth	0001_initial	2021-03-25 09:35:11.902932+00
3	admin	0001_initial	2021-03-25 09:35:11.943204+00
4	admin	0002_logentry_remove_auto_add	2021-03-25 09:35:11.957602+00
5	admin	0003_logentry_add_action_flag_choices	2021-03-25 09:35:11.966951+00
6	contenttypes	0002_remove_content_type_name	2021-03-25 09:35:11.987802+00
7	auth	0002_alter_permission_name_max_length	2021-03-25 09:35:11.997635+00
8	auth	0003_alter_user_email_max_length	2021-03-25 09:35:12.008188+00
9	auth	0004_alter_user_username_opts	2021-03-25 09:35:12.017545+00
10	auth	0005_alter_user_last_login_null	2021-03-25 09:35:12.027285+00
11	auth	0006_require_contenttypes_0002	2021-03-25 09:35:12.029165+00
12	auth	0007_alter_validators_add_error_messages	2021-03-25 09:35:12.040081+00
13	auth	0008_alter_user_username_max_length	2021-03-25 09:35:12.053135+00
14	auth	0009_alter_user_last_name_max_length	2021-03-25 09:35:12.065073+00
15	auth	0010_alter_group_name_max_length	2021-03-25 09:35:12.076215+00
16	auth	0011_update_proxy_permissions	2021-03-25 09:35:12.085766+00
17	auth	0012_alter_user_first_name_max_length	2021-03-25 09:35:12.096619+00
18	taggit	0001_initial	2021-03-25 09:35:12.119801+00
19	taggit	0002_auto_20150616_2121	2021-03-25 09:35:12.135194+00
20	taggit	0003_taggeditem_add_unique_index	2021-03-25 09:35:12.143276+00
21	forceartsapi	0001_initial	2021-03-25 09:35:12.148919+00
22	forceartsapi	0002_wallpaper	2021-03-25 09:35:12.155907+00
23	forceartsapi	0003_auto_20201223_1525	2021-03-25 09:35:12.1621+00
24	forceartsapi	0004_wallpaper_upload_time	2021-03-25 09:35:12.167682+00
25	forceartsapi	0005_wallpaper_tags	2021-03-25 09:35:12.181579+00
26	forceartsapi	0006_auto_20210106_1949	2021-03-25 09:35:12.20024+00
27	forceartsapi	0007_auto_20210106_1956	2021-03-25 09:35:12.207476+00
28	forceartsapi	0008_contactus	2021-03-25 09:35:12.214482+00
29	forceartsapi	0009_auto_20210320_1839	2021-03-25 09:35:12.220335+00
30	sessions	0001_initial	2021-03-25 09:35:12.226409+00
31	forceartsapi	0010_wallpaper_description	2021-04-01 11:36:20.259396+00
32	forceartsapi	0011_wallpaper_views	2021-04-18 15:44:53.767061+00
33	forceartsapi	0012_wallpaper_visibility	2021-06-30 05:32:01.556805+00
34	forceartsapi	0013_auto_20210827_2006	2021-08-27 17:10:55.245336+00
35	forceartsapi	0014_wallpaper_likes	2021-11-21 20:49:09.28463+00
\.


--
-- Data for Name: django_session; Type: TABLE DATA; Schema: public; Owner: postgres
--

COPY public.django_session (session_key, session_data, expire_date) FROM stdin;
4iuss2c064gafmedjyjvboq3h6yw3tpk	.eJxVjDsOAjEMBe-SGkVKVrE3lPScIbJjhyygRNpPhbg7rLQFtG9m3ssk2taatkXnNIk5G2dOvxtTfmjbgdyp3brNva3zxHZX7EEXe-2iz8vh_h1UWuq3psKeAUXGOJYwoC9FyZEgFEUHWVUGiJSjBoreQ84AQQKyRGSNbN4fGZI5Sg:1lPMfU:ekr4M5tT1-oLU3Y9Aa9YdQa5IDWwPftN6L3uTMSDBKs	2021-04-08 09:52:44.430935+00
94mygq1oh479m0zzhhnyat2vvyaan14q	.eJxVjDsOAjEMBe-SGkVKVrE3lPScIbJjhyygRNpPhbg7rLQFtG9m3ssk2taatkXnNIk5G2dOvxtTfmjbgdyp3brNva3zxHZX7EEXe-2iz8vh_h1UWuq3psKeAUXGOJYwoC9FyZEgFEUHWVUGiJSjBoreQ84AQQKyRGSNbN4fGZI5Sg:1lPNgb:hXuTI3vgUedoUiV9FsX4d7xfU75SGW2mLuWfq4YTcV0	2021-04-08 10:57:57.59552+00
7is96hx5pfpqcwhohzcf5oxb7c2uptzb	.eJxVjDsOAjEMBe-SGkVKVrE3lPScIbJjhyygRNpPhbg7rLQFtG9m3ssk2taatkXnNIk5G2dOvxtTfmjbgdyp3brNva3zxHZX7EEXe-2iz8vh_h1UWuq3psKeAUXGOJYwoC9FyZEgFEUHWVUGiJSjBoreQ84AQQKyRGSNbN4fGZI5Sg:1lPOIk:GmIw3eGG6My7H_HfFLB-kFV8BDtbkvQcw4gsYv04hG0	2021-04-08 11:37:22.747903+00
sde5qapujcid34g329q5miwhgmr5bbl9	.eJxVjDsOAjEMBe-SGkVKVrE3lPScIbJjhyygRNpPhbg7rLQFtG9m3ssk2taatkXnNIk5G2dOvxtTfmjbgdyp3brNva3zxHZX7EEXe-2iz8vh_h1UWuq3psKeAUXGOJYwoC9FyZEgFEUHWVUGiJSjBoreQ84AQQKyRGSNbN4fGZI5Sg:1lQV83:Cy5jOwDxw6TndIUc9W5yVrGjTeBntPBhQbW_xguYaUM	2021-04-11 13:06:55.726135+00
rhk144ftx39569qukxwusk83ng1uzfop	.eJxVjMEOgjAQRP-lZ9MUKKX16J1vaHa7u4KaNqFwMv67kHDQzG3em3mrCNs6xa3yEmdSV9Wqy2-HkJ6cD0APyPeiU8nrMqM-FH3SqsdC_Lqd7t_BBHXa16EJbuBexDMSmFawoQTWEsMei854tE0nxkgvOFDo2LnehjYE70k69fkCEYo4qg:1lQVaK:a20yn_4D_vrkhB5GTQgsR1f2J2OgPsEUPQuin8POQrw	2021-04-11 13:36:08.428979+00
dk4hpbpf1l3cm8rkzpdkjdetjfnj6ca4	.eJxVjDsOAjEMBe-SGkVKVrE3lPScIbJjhyygRNpPhbg7rLQFtG9m3ssk2taatkXnNIk5G2dOvxtTfmjbgdyp3brNva3zxHZX7EEXe-2iz8vh_h1UWuq3psKeAUXGOJYwoC9FyZEgFEUHWVUGiJSjBoreQ84AQQKyRGSNbN4fGZI5Sg:1lQkr9:o5d-1_Xf75JhLpnd1OuApQZSgrUyELPgssNKg3cbCaM	2021-04-12 05:54:31.899696+00
paqyk8z9wz1iu19c8n24vytrknorbkpr	.eJxVjDsOwjAQBe_iGlnxev2jpOcM1vqHA8iW4qRC3B0ipYD2zcx7MU_bWv028uLnxM4M2Ol3CxQfue0g3andOo-9rcsc-K7wgw5-7Sk_L4f7d1Bp1G9twBYK1gA4KdCBcHnSSQinBFGZAipC0NGGrKkUNEbqJEXEQgoMkmXvD8G2N0I:1lTjmD:jIZ70psYjWY-H0x5OXCKqGiks9S1pn1oImI2rwRGGNQ	2021-04-20 11:21:45.305269+00
j6aj2jpd6o3jb2j6pnwqr9mpzmtk072x	.eJxVjDsOwjAQBe_iGlnxev2jpOcM1vqHA8iW4qRC3B0ipYD2zcx7MU_bWv028uLnxM4M2Ol3CxQfue0g3andOo-9rcsc-K7wgw5-7Sk_L4f7d1Bp1G9twBYK1gA4KdCBcHnSSQinBFGZAipC0NGGrKkUNEbqJEXEQgoMkmXvD8G2N0I:1lTw8F:P0byGDCU5CZQCMF-lTgqLLRMaONYE_T_xsTTs4U7NFc	2021-04-21 00:33:19.341697+00
3z0d17ltvil0tfra5u2s5lxks9xbxyz4	.eJxVjDsOAjEMBe-SGkVKVrE3lPScIbJjhyygRNpPhbg7rLQFtG9m3ssk2taatkXnNIk5G2dOvxtTfmjbgdyp3brNva3zxHZX7EEXe-2iz8vh_h1UWuq3psKeAUXGOJYwoC9FyZEgFEUHWVUGiJSjBoreQ84AQQKyRGSNbN4fGZI5Sg:1lWhy6:bcI3Nl5Jh916SQokGtlQi1_aye_RvTYcZk4MbBELkLc	2021-04-28 16:02:18.28555+00
m4svuyfpyoec00yxyevcuqdhdw4zea2f	.eJxVjDsOAjEMBe-SGkVKVrE3lPScIbJjhyygRNpPhbg7rLQFtG9m3ssk2taatkXnNIk5G2dOvxtTfmjbgdyp3brNva3zxHZX7EEXe-2iz8vh_h1UWuq3psKeAUXGOJYwoC9FyZEgFEUHWVUGiJSjBoreQ84AQQKyRGSNbN4fGZI5Sg:1lYMNQ:LzMo01KCYnuI-M0edhgPW_wkI6fTzDRGAaQeJF889ls	2021-05-03 05:23:16.735663+00
2zgz095hp9v52z148sga92b4jk0e5rd4	.eJxVjDsOwjAQBe_iGlnxev2jpOcM1vqHA8iW4qRC3B0ipYD2zcx7MU_bWv028uLnxM4M2Ol3CxQfue0g3andOo-9rcsc-K7wgw5-7Sk_L4f7d1Bp1G9twBYK1gA4KdCBcHnSSQinBFGZAipC0NGGrKkUNEbqJEXEQgoMkmXvD8G2N0I:1lYpqM:hly8F-mhzE8ubZn9GdxHlw8t4guyQeUUQysP0WS1rd0	2021-05-04 12:51:06.790417+00
ug7og98u243nokyiv5qvrj9w6n3h5vti	.eJxVjDsOwjAQBe_iGlnxev2jpOcM1vqHA8iW4qRC3B0ipYD2zcx7MU_bWv028uLnxM4M2Ol3CxQfue0g3andOo-9rcsc-K7wgw5-7Sk_L4f7d1Bp1G9twBYK1gA4KdCBcHnSSQinBFGZAipC0NGGrKkUNEbqJEXEQgoMkmXvD8G2N0I:1lZ8nj:GSd-2fxEranXm54WKF9IVTrDNGLwisroTkru_aywr9I	2021-05-05 09:05:39.458053+00
va1zsvmrhweeovsgen188lciz5xs8sdx	.eJxVjDsOAjEMBe-SGkVKVrE3lPScIbJjhyygRNpPhbg7rLQFtG9m3ssk2taatkXnNIk5G2dOvxtTfmjbgdyp3brNva3zxHZX7EEXe-2iz8vh_h1UWuq3psKeAUXGOJYwoC9FyZEgFEUHWVUGiJSjBoreQ84AQQKyRGSNbN4fGZI5Sg:1lcqFf:6utmLLvn5AcJY-rUo9-UAoaHeDcIyIXfZT1qbx8qRD0	2021-05-15 14:05:47.032677+00
wfswqj93podfjrmkzxk1v37dlgkozirj	.eJxVjDsOAjEMBe-SGkVKVrE3lPScIbJjhyygRNpPhbg7rLQFtG9m3ssk2taatkXnNIk5G2dOvxtTfmjbgdyp3brNva3zxHZX7EEXe-2iz8vh_h1UWuq3psKeAUXGOJYwoC9FyZEgFEUHWVUGiJSjBoreQ84AQQKyRGSNbN4fGZI5Sg:1leA6w:OAQpy6iWsBxPenM0XNAZhKOZJ8ofcKsd36zSIJXNoLs	2021-05-19 05:30:14.639059+00
j3kys88tewsk4ho6zh9oexwfv14toceq	.eJxVjDsOwjAQBe_iGlnxev2jpOcM1vqHA8iW4qRC3B0ipYD2zcx7MU_bWv028uLnxM4M2Ol3CxQfue0g3andOo-9rcsc-K7wgw5-7Sk_L4f7d1Bp1G9twBYK1gA4KdCBcHnSSQinBFGZAipC0NGGrKkUNEbqJEXEQgoMkmXvD8G2N0I:1leFA4:gkhtXOlrCnbxdW-n5Bp5TO99ZF7bAIzNpeENLlP1w20	2021-05-19 10:53:48.234802+00
hqzmg6ghq3vl5tyhlyep8jx1wuzobdrg	.eJxVjDsOAjEMBe-SGkVKVrE3lPScIbJjhyygRNpPhbg7rLQFtG9m3ssk2taatkXnNIk5G2dOvxtTfmjbgdyp3brNva3zxHZX7EEXe-2iz8vh_h1UWuq3psKeAUXGOJYwoC9FyZEgFEUHWVUGiJSjBoreQ84AQQKyRGSNbN4fGZI5Sg:1lmxbt:I_AIMS-RlfGj2r1i4XIBONj_qnvmLuYcrc2ko0wLc-g	2021-06-12 11:58:33.424309+00
9v82s1boc0tazfj8ts306zzldrehpwrs	.eJxVjDsOAjEMBe-SGkVKVrE3lPScIbJjhyygRNpPhbg7rLQFtG9m3ssk2taatkXnNIk5G2dOvxtTfmjbgdyp3brNva3zxHZX7EEXe-2iz8vh_h1UWuq3psKeAUXGOJYwoC9FyZEgFEUHWVUGiJSjBoreQ84AQQKyRGSNbN4fGZI5Sg:1lo2Sv:JRfGU_BgmMzAEjIyUfplfdJ3TYn0wyp9pxpWWlZUqyM	2021-06-15 11:21:45.833135+00
hbo6y2mjkg6ncpbf5232u9lsf9ayb2xw	.eJxVjDsOAjEMBe-SGkVKVrE3lPScIbJjhyygRNpPhbg7rLQFtG9m3ssk2taatkXnNIk5G2dOvxtTfmjbgdyp3brNva3zxHZX7EEXe-2iz8vh_h1UWuq3psKeAUXGOJYwoC9FyZEgFEUHWVUGiJSjBoreQ84AQQKyRGSNbN4fGZI5Sg:1luB0z:fC0ynjJsJTNIjYmJOaQOk9reGfKCMjP1V6KpqpMFWyY	2021-07-02 09:42:17.057958+00
52t2ltsktyyfxdzure9beojvjzs2do36	.eJxVjEEOwiAQRe_C2hCmBQSX7nsGMgyDVA0kpV0Z765NutDtf-_9lwi4rSVsnZcwJ3ERozj9bhHpwXUH6Y711iS1ui5zlLsiD9rl1BI_r4f7d1Cwl2_Nhhgwg4uOvIc8WkWDJ60hWvQUByIwPJ4ZEyjDyTibSTNY5by2xon3B_xBOAw:1luto4:kEslMPJW0rukePZRRfdjxKYAHHUvFA53q3fy9SwiZYY	2021-07-04 09:31:56.665848+00
gv20mbsjs6gd0gikq2ie2n28vgwlhjyt	.eJxVjEEOwiAQRe_C2hCmBQSX7nsGMgyDVA0kpV0Z765NutDtf-_9lwi4rSVsnZcwJ3ERozj9bhHpwXUH6Y711iS1ui5zlLsiD9rl1BI_r4f7d1Cwl2_Nhhgwg4uOvIc8WkWDJ60hWvQUByIwPJ4ZEyjDyTibSTNY5by2xon3B_xBOAw:1lvQQx:zgP7dAK5P04Z0FzsvF5swtLvmQChBym9t6rBLm4KCpo	2021-07-05 20:22:15.135601+00
xjasyvzb1bbi5izj0uwax2cvkbfc2i15	.eJxVjDsOAjEMBe-SGkVKVrE3lPScIbJjhyygRNpPhbg7rLQFtG9m3ssk2taatkXnNIk5G2dOvxtTfmjbgdyp3brNva3zxHZX7EEXe-2iz8vh_h1UWuq3psKeAUXGOJYwoC9FyZEgFEUHWVUGiJSjBoreQ84AQQKyRGSNbN4fGZI5Sg:1lvXQO:vXl9j-CYd2yZkJRjmrAAT6mz7A_ugFfk8QawHccA9aY	2021-07-06 03:50:08.790426+00
58s04kym4ay4umbp452pw5x0nlxu80il	.eJxVjEEOwiAQRe_C2hCmBQSX7nsGMgyDVA0kpV0Z765NutDtf-_9lwi4rSVsnZcwJ3ERozj9bhHpwXUH6Y711iS1ui5zlLsiD9rl1BI_r4f7d1Cwl2_Nhhgwg4uOvIc8WkWDJ60hWvQUByIwPJ4ZEyjDyTibSTNY5by2xon3B_xBOAw:1lwh0q:jXgO0ucaPW8iYvQLMQtn83ViHw8Tiyhe_F7oKHtUNyU	2021-07-09 08:16:32.95664+00
23qufgy54l7npmuvee3ipcdj09lvni2h	.eJxVjDsOAjEMBe-SGkVKVrE3lPScIbJjhyygRNpPhbg7rLQFtG9m3ssk2taatkXnNIk5G2dOvxtTfmjbgdyp3brNva3zxHZX7EEXe-2iz8vh_h1UWuq3psKeAUXGOJYwoC9FyZEgFEUHWVUGiJSjBoreQ84AQQKyRGSNbN4fGZI5Sg:1lzKJE:bSqI7zyBaAYOB6RjhDE9l7lPVE_6lH4TvD2WLBsszfI	2021-07-16 14:38:24.166272+00
6uixjuz4p039uvceiu69stcpem2pv3fn	.eJxVjDsOAjEMBe-SGkVKVrE3lPScIbJjhyygRNpPhbg7rLQFtG9m3ssk2taatkXnNIk5G2dOvxtTfmjbgdyp3brNva3zxHZX7EEXe-2iz8vh_h1UWuq3psKeAUXGOJYwoC9FyZEgFEUHWVUGiJSjBoreQ84AQQKyRGSNbN4fGZI5Sg:1m0iBf:iqk6c-w4C9TCUNfoPKk1a6F-by3eCGWelAaFrHzDzpo	2021-07-20 10:20:19.569153+00
n7d395kdquudar6z4t50aa5mv96uibmz	.eJxVjDsOAjEMBe-SGkVKVrE3lPScIbJjhyygRNpPhbg7rLQFtG9m3ssk2taatkXnNIk5G2dOvxtTfmjbgdyp3brNva3zxHZX7EEXe-2iz8vh_h1UWuq3psKeAUXGOJYwoC9FyZEgFEUHWVUGiJSjBoreQ84AQQKyRGSNbN4fGZI5Sg:1m4yM9:dXt3x7NsXhTis3p_Ltug0BLvB4Z1sF_UJSsyOeI19tQ	2021-08-01 04:24:45.042513+00
kdxxtgmxikgyg763809ypy0qqvge2ddc	.eJxVjEEOwiAQRe_C2hCmBQSX7nsGMgyDVA0kpV0Z765NutDtf-_9lwi4rSVsnZcwJ3ERozj9bhHpwXUH6Y711iS1ui5zlLsiD9rl1BI_r4f7d1Cwl2_Nhhgwg4uOvIc8WkWDJ60hWvQUByIwPJ4ZEyjDyTibSTNY5by2xon3B_xBOAw:1m5sKL:86mhgtiUFoKP_A_I_Gtk-UTZcparCMxcvdmaRVW9DtI	2021-08-03 16:10:37.153894+00
mwoonj8smfpjzio3szl45fb8b7hxjbt1	.eJxVjDsOAjEMBe-SGkVKVrE3lPScIbJjhyygRNpPhbg7rLQFtG9m3ssk2taatkXnNIk5G2dOvxtTfmjbgdyp3brNva3zxHZX7EEXe-2iz8vh_h1UWuq3psKeAUXGOJYwoC9FyZEgFEUHWVUGiJSjBoreQ84AQQKyRGSNbN4fGZI5Sg:1mxRx5:PSxATTyw0GtJydpYUYhpc6TioXmLqBfNcyMCBM75QBc	2021-12-29 10:56:03.75022+00
z7twaawmfovd1ih43ja1mh0w9s189nwa	.eJxVjEEOwiAQRe_C2hCmBQSX7nsGMgyDVA0kpV0Z765NutDtf-_9lwi4rSVsnZcwJ3ERozj9bhHpwXUH6Y711iS1ui5zlLsiD9rl1BI_r4f7d1Cwl2_Nhhgwg4uOvIc8WkWDJ60hWvQUByIwPJ4ZEyjDyTibSTNY5by2xon3B_xBOAw:1m78UT:WF5VO-Go8IuJT2QnwTFpbly6O2INtZZPhMmys5W7jSI	2021-08-07 03:38:17.256585+00
om3vzyvvy8xubayv9kfmdbmsp05kdily	.eJxVjDsOAjEMBe-SGkVKVrE3lPScIbJjhyygRNpPhbg7rLQFtG9m3ssk2taatkXnNIk5G2dOvxtTfmjbgdyp3brNva3zxHZX7EEXe-2iz8vh_h1UWuq3psKeAUXGOJYwoC9FyZEgFEUHWVUGiJSjBoreQ84AQQKyRGSNbN4fGZI5Sg:1mAV1u:pGzhWqoUTyaq_Iibo8iToJN8gbeYjy_zCELXvMfCuYs	2021-08-16 10:18:42.570782+00
zkm41kiwu3bli34ylp01cgt496svkw37	.eJxVjEEOwiAQRe_C2hCmBQSX7nsGMgyDVA0kpV0Z765NutDtf-_9lwi4rSVsnZcwJ3ERozj9bhHpwXUH6Y711iS1ui5zlLsiD9rl1BI_r4f7d1Cwl2_Nhhgwg4uOvIc8WkWDJ60hWvQUByIwPJ4ZEyjDyTibSTNY5by2xon3B_xBOAw:1mCLgN:sCZ4Lsb9HKu05lCgQqQm9rPSIVckMuyTL3YH60ywcm8	2021-08-21 12:44:07.478057+00
skhe9uwpa5eibzyh4rzg2ye2ayo7tbze	.eJxVjEEOwiAQRe_C2hCmBQSX7nsGMgyDVA0kpV0Z765NutDtf-_9lwi4rSVsnZcwJ3ERozj9bhHpwXUH6Y711iS1ui5zlLsiD9rl1BI_r4f7d1Cwl2_Nhhgwg4uOvIc8WkWDJ60hWvQUByIwPJ4ZEyjDyTibSTNY5by2xon3B_xBOAw:1mCjXR:TlwS-2uxLcn0rCrqpJUNXCyzd3ZwwXprf0YSRh3GNek	2021-08-22 14:12:29.421206+00
x6w24u06mxrnc5nidfqv2naj13x3w0bt	.eJxVjDsOAjEMBe-SGkVKVrE3lPScIbJjhyygRNpPhbg7rLQFtG9m3ssk2taatkXnNIk5G2dOvxtTfmjbgdyp3brNva3zxHZX7EEXe-2iz8vh_h1UWuq3psKeAUXGOJYwoC9FyZEgFEUHWVUGiJSjBoreQ84AQQKyRGSNbN4fGZI5Sg:1mFhtA:NFpNNwKI7cAcEOJ2_iYCydGzGMeqs3AsUlQ4mf2Fles	2021-08-30 19:03:12.411389+00
htej3w88whuoneu4e04t1musfbtyrh2f	.eJxVjEEOwiAQRe_C2hCmBQSX7nsGMgyDVA0kpV0Z765NutDtf-_9lwi4rSVsnZcwJ3ERozj9bhHpwXUH6Y711iS1ui5zlLsiD9rl1BI_r4f7d1Cwl2_Nhhgwg4uOvIc8WkWDJ60hWvQUByIwPJ4ZEyjDyTibSTNY5by2xon3B_xBOAw:1mHhw3:fgk7ws8edhaQ_1LtYfcArIRJOHhTtmZppup5IOsflYg	2021-09-05 07:30:27.227814+00
u1qla8d8jriawkdrph2on8ong1pso26u	.eJxVjEEOwiAQRe_C2hCmBQSX7nsGMgyDVA0kpV0Z765NutDtf-_9lwi4rSVsnZcwJ3ERozj9bhHpwXUH6Y711iS1ui5zlLsiD9rl1BI_r4f7d1Cwl2_Nhhgwg4uOvIc8WkWDJ60hWvQUByIwPJ4ZEyjDyTibSTNY5by2xon3B_xBOAw:1mHrgb:lzGO62CwQY5qLZMcvHjUlReoNe2KEtsMfelkpXoppAM	2021-09-05 17:55:09.350699+00
qqsaxwfzyinantabelubm34mjaqkyq2a	.eJxVjDsOAjEMBe-SGkVKVrE3lPScIbJjhyygRNpPhbg7rLQFtG9m3ssk2taatkXnNIk5G2dOvxtTfmjbgdyp3brNva3zxHZX7EEXe-2iz8vh_h1UWuq3psKeAUXGOJYwoC9FyZEgFEUHWVUGiJSjBoreQ84AQQKyRGSNbN4fGZI5Sg:1mKwef:HGqjKu5pf34j3Zneq3as3imf0IB3oDxw_SU0tigCfB8	2021-09-14 05:49:53.03106+00
378q0r7sy4nq8sf8yhqadfj7fyo1ud3m	.eJxVjEEOwiAQRe_C2hCmBQSX7nsGMgyDVA0kpV0Z765NutDtf-_9lwi4rSVsnZcwJ3ERozj9bhHpwXUH6Y711iS1ui5zlLsiD9rl1BI_r4f7d1Cwl2_Nhhgwg4uOvIc8WkWDJ60hWvQUByIwPJ4ZEyjDyTibSTNY5by2xon3B_xBOAw:1mMtU5:vwvk5zEDJYfWpagQu4xJErGVN_esf5S9dXXxmJ8QXo0	2021-09-19 14:51:01.003746+00
x3m5fm3jb67l4bp70pk5e7137bki301j	.eJxVjEEOwiAQRe_C2hCmBQSX7nsGMgyDVA0kpV0Z765NutDtf-_9lwi4rSVsnZcwJ3ERozj9bhHpwXUH6Y711iS1ui5zlLsiD9rl1BI_r4f7d1Cwl2_Nhhgwg4uOvIc8WkWDJ60hWvQUByIwPJ4ZEyjDyTibSTNY5by2xon3B_xBOAw:1mNDlZ:4xm5ITC5-iE10OPTbwQ3U37JBdazOaLBfPsxKk_Olg8	2021-09-20 12:30:25.144374+00
0ozdyls2j5opad15mv6n9f6ql8ui3c8r	.eJxVjDsOAjEMBe-SGkVKVrE3lPScIbJjhyygRNpPhbg7rLQFtG9m3ssk2taatkXnNIk5G2dOvxtTfmjbgdyp3brNva3zxHZX7EEXe-2iz8vh_h1UWuq3psKeAUXGOJYwoC9FyZEgFEUHWVUGiJSjBoreQ84AQQKyRGSNbN4fGZI5Sg:1mQ7wf:bue5v5W-rTGcx87Z3K5Wx9L8xpfkn1q8-VcYBmi3MWk	2021-09-28 12:53:53.470275+00
58v66dbu6v8jou841hktnec70u4p791g	.eJxVjEEOwiAQRe_C2hCmBQSX7nsGMgyDVA0kpV0Z765NutDtf-_9lwi4rSVsnZcwJ3ERozj9bhHpwXUH6Y711iS1ui5zlLsiD9rl1BI_r4f7d1Cwl2_Nhhgwg4uOvIc8WkWDJ60hWvQUByIwPJ4ZEyjDyTibSTNY5by2xon3B_xBOAw:1mSLJl:n8Yjajai1kGFEhrvyAUbBxcpimzFLkDxivaOSvQUSXo	2021-10-04 15:34:53.416704+00
1eal1qqak6wos4zk413zca56liepmjs5	.eJxVjEEOwiAQRe_C2hCmBQSX7nsGMgyDVA0kpV0Z765NutDtf-_9lwi4rSVsnZcwJ3ERozj9bhHpwXUH6Y711iS1ui5zlLsiD9rl1BI_r4f7d1Cwl2_Nhhgwg4uOvIc8WkWDJ60hWvQUByIwPJ4ZEyjDyTibSTNY5by2xon3B_xBOAw:1mU2d9:-ifiOW0Ea52e1A8sAjejbPK0rLDiNR-ahvoVzfYwypY	2021-10-09 08:01:55.951051+00
u30sztc3wfapra5je9s83d10gqpzg9cz	.eJxVjDsOAjEMBe-SGkVKVrE3lPScIbJjhyygRNpPhbg7rLQFtG9m3ssk2taatkXnNIk5G2dOvxtTfmjbgdyp3brNva3zxHZX7EEXe-2iz8vh_h1UWuq3psKeAUXGOJYwoC9FyZEgFEUHWVUGiJSjBoreQ84AQQKyRGSNbN4fGZI5Sg:1mVs4C:ucv6mPAcHa3lkiXxf7Wud2wLFhPX3AS5z9jrn-bFNBE	2021-10-14 09:09:24.530398+00
ibvcch52vrgfsjvr337arrg0h06fah58	.eJxVjEEOwiAQRe_C2hCmBQSX7nsGMgyDVA0kpV0Z765NutDtf-_9lwi4rSVsnZcwJ3ERozj9bhHpwXUH6Y711iS1ui5zlLsiD9rl1BI_r4f7d1Cwl2_Nhhgwg4uOvIc8WkWDJ60hWvQUByIwPJ4ZEyjDyTibSTNY5by2xon3B_xBOAw:1mXfi4:-FmSDj1iX_c9aKAsL9VH630IAnWiRTRh5qPc1QQZPSY	2021-10-19 08:22:00.264219+00
8o9jew4pun7gqe472z2ok8l5v094pvno	.eJxVjDsOAjEMBe-SGkVKVrE3lPScIbJjhyygRNpPhbg7rLQFtG9m3ssk2taatkXnNIk5G2dOvxtTfmjbgdyp3brNva3zxHZX7EEXe-2iz8vh_h1UWuq3psKeAUXGOJYwoC9FyZEgFEUHWVUGiJSjBoreQ84AQQKyRGSNbN4fGZI5Sg:1mb4Ql:aj1ooM7m_CSP6C0pCJq-l7yqzjPXJ38aswZ2iMyDc0c	2021-10-28 17:22:11.106191+00
980bavhjk6wx4n6pcx9fyqtm8914xjuz	.eJxVjEEOwiAQRe_C2hCmBQSX7nsGMgyDVA0kpV0Z765NutDtf-_9lwi4rSVsnZcwJ3ERozj9bhHpwXUH6Y711iS1ui5zlLsiD9rl1BI_r4f7d1Cwl2_Nhhgwg4uOvIc8WkWDJ60hWvQUByIwPJ4ZEyjDyTibSTNY5by2xon3B_xBOAw:1mc0kL:cAdLX1zOhgb0HZz61xsliV1pKsucdPTblqXCl23VzLc	2021-10-31 07:38:17.855456+00
u3y09b1bbuvndv07jj7hrw32srulotws	.eJxVjEEOwiAQRe_C2hCmBQSX7nsGMgyDVA0kpV0Z765NutDtf-_9lwi4rSVsnZcwJ3ERozj9bhHpwXUH6Y711iS1ui5zlLsiD9rl1BI_r4f7d1Cwl2_Nhhgwg4uOvIc8WkWDJ60hWvQUByIwPJ4ZEyjDyTibSTNY5by2xon3B_xBOAw:1mg5D4:s5-5lY9TAHxQylIsgDQFPvoNksuZj_NwHEFQ-pWtS98	2021-11-11 13:12:46.074636+00
x6rk8n516ldpfaw1c5moiepcnrisunvk	.eJxVjDsOAjEMBe-SGkVKVrE3lPScIbJjhyygRNpPhbg7rLQFtG9m3ssk2taatkXnNIk5G2dOvxtTfmjbgdyp3brNva3zxHZX7EEXe-2iz8vh_h1UWuq3psKeAUXGOJYwoC9FyZEgFEUHWVUGiJSjBoreQ84AQQKyRGSNbN4fGZI5Sg:1mgXA2:n69pwEZeDbi3oK8xLn9jqSEcPJGq3g_3OhtdmTBmenE	2021-11-12 19:03:30.0562+00
2vp0e0tsmnj91lacddkbwuimqi8qnl1b	.eJxVjEEOwiAQRe_C2hCmBQSX7nsGMgyDVA0kpV0Z765NutDtf-_9lwi4rSVsnZcwJ3ERozj9bhHpwXUH6Y711iS1ui5zlLsiD9rl1BI_r4f7d1Cwl2_Nhhgwg4uOvIc8WkWDJ60hWvQUByIwPJ4ZEyjDyTibSTNY5by2xon3B_xBOAw:1mjiYO:EKbcIAF82s8u8BSfCNwmPVuKazhZIJ543jieDGlsSYk	2021-11-21 13:49:48.283585+00
24hqs1u3x09jne1j7vethb66l8jct1ge	.eJxVjEEOwiAQRe_C2hCmBQSX7nsGMgyDVA0kpV0Z765NutDtf-_9lwi4rSVsnZcwJ3ERozj9bhHpwXUH6Y711iS1ui5zlLsiD9rl1BI_r4f7d1Cwl2_Nhhgwg4uOvIc8WkWDJ60hWvQUByIwPJ4ZEyjDyTibSTNY5by2xon3B_xBOAw:1mlpJs:ZwxJ4inO_q7844GDA5smCfRKjZ0iWPC25PZ2lALN0wo	2021-11-27 09:27:32.614319+00
86w74tts5v8odoilng3cj3nt8r8gfng7	.eJxVjDsOAjEMBe-SGkVKVrE3lPScIbJjhyygRNpPhbg7rLQFtG9m3ssk2taatkXnNIk5G2dOvxtTfmjbgdyp3brNva3zxHZX7EEXe-2iz8vh_h1UWuq3psKeAUXGOJYwoC9FyZEgFEUHWVUGiJSjBoreQ84AQQKyRGSNbN4fGZI5Sg:1mlxnz:D7Ag5gqMKRF5N3jf5AAk5mqLvcfI76yj3i1J0VXSmJE	2021-11-27 18:31:11.740874+00
2yotpqmy5mnlgyay1n13uzpumfa7f1dw	.eJxVjEEOwiAQRe_C2hCmBQSX7nsGMgyDVA0kpV0Z765NutDtf-_9lwi4rSVsnZcwJ3ERozj9bhHpwXUH6Y711iS1ui5zlLsiD9rl1BI_r4f7d1Cwl2_Nhhgwg4uOvIc8WkWDJ60hWvQUByIwPJ4ZEyjDyTibSTNY5by2xon3B_xBOAw:1mpFNm:h9WEjCTbwPTpwREEs-vVVkMh_nmNGbrknKFv0VUOGtw	2021-12-06 19:53:42.12352+00
n3bb2jzefk1sj3qoq9komadylaujdpg8	.eJxVjEEOwiAQRe_C2hCmBQSX7nsGMgyDVA0kpV0Z765NutDtf-_9lwi4rSVsnZcwJ3ERozj9bhHpwXUH6Y711iS1ui5zlLsiD9rl1BI_r4f7d1Cwl2_Nhhgwg4uOvIc8WkWDJ60hWvQUByIwPJ4ZEyjDyTibSTNY5by2xon3B_xBOAw:1mr1Tx:nL5LQdzyBxURX-WDXZAY34-R6zLlYN2J4dvQpBrEKMM	2021-12-11 17:27:25.794555+00
ytmtdcnlvoppeducvvzrk8z9rpipleff	.eJxVjDsOAjEMBe-SGkVKVrE3lPScIbJjhyygRNpPhbg7rLQFtG9m3ssk2taatkXnNIk5G2dOvxtTfmjbgdyp3brNva3zxHZX7EEXe-2iz8vh_h1UWuq3psKeAUXGOJYwoC9FyZEgFEUHWVUGiJSjBoreQ84AQQKyRGSNbN4fGZI5Sg:1ms3Tx:C1SX5oyySt3mKchn_hoieoDXrVJOK4Fb3DSL5UPd5NA	2021-12-14 13:47:41.888293+00
kt1i8t0x7kbzslsd6qnkereezegpt38i	.eJxVjEEOwiAQRe_C2hCmBQSX7nsGMgyDVA0kpV0Z765NutDtf-_9lwi4rSVsnZcwJ3ERozj9bhHpwXUH6Y711iS1ui5zlLsiD9rl1BI_r4f7d1Cwl2_Nhhgwg4uOvIc8WkWDJ60hWvQUByIwPJ4ZEyjDyTibSTNY5by2xon3B_xBOAw:1muK4C:q1d2qya1tETfsO73JITmw0d4rYJ2tM3m4kIhJVSkq_0	2021-12-20 19:54:28.135481+00
yznm4a98nrugnd8d8kngzz5f4q5wc6d2	.eJxVjEEOwiAQRe_C2hCmBQSX7nsGMgyDVA0kpV0Z765NutDtf-_9lwi4rSVsnZcwJ3ERozj9bhHpwXUH6Y711iS1ui5zlLsiD9rl1BI_r4f7d1Cwl2_Nhhgwg4uOvIc8WkWDJ60hWvQUByIwPJ4ZEyjDyTibSTNY5by2xon3B_xBOAw:1mzcvg:EBCKUa2Wj4CAfjzqgtCVrXfdwYiV-zhWQQ_2wYr1X4Y	2022-01-04 11:03:36.897219+00
nauqtqw1er56j80iz8xvpdqpeznkdsl5	.eJxVjEEOwiAQRe_C2hCmBQSX7nsGMgyDVA0kpV0Z765NutDtf-_9lwi4rSVsnZcwJ3ERozj9bhHpwXUH6Y711iS1ui5zlLsiD9rl1BI_r4f7d1Cwl2_Nhhgwg4uOvIc8WkWDJ60hWvQUByIwPJ4ZEyjDyTibSTNY5by2xon3B_xBOAw:1muK4G:TPp2TV-RynQgSegADeBuB9Ug0yLf2T81orYq1XAjOPU	2021-12-20 19:54:32.54469+00
20rhfvh0m71a8lcapdwrx6osu8j1u0hq	.eJxVjDsOAjEMBe-SGkVKVrE3lPScIbJjhyygRNpPhbg7rLQFtG9m3ssk2taatkXnNIk5G2dOvxtTfmjbgdyp3brNva3zxHZX7EEXe-2iz8vh_h1UWuq3psKeAUXGOJYwoC9FyZEgFEUHWVUGiJSjBoreQ84AQQKyRGSNbN4fGZI5Sg:1n3bHK:JKfLhVjqqx1iUesMT-1ZFZLQ1FKrF3wRUsyjd2PJ70g	2022-01-15 10:06:22.954513+00
mm64ian180xqytvzwcore3lvf94v9ez7	.eJxVjEEOwiAQRe_C2hCmBQSX7nsGMgyDVA0kpV0Z765NutDtf-_9lwi4rSVsnZcwJ3ERozj9bhHpwXUH6Y711iS1ui5zlLsiD9rl1BI_r4f7d1Cwl2_Nhhgwg4uOvIc8WkWDJ60hWvQUByIwPJ4ZEyjDyTibSTNY5by2xon3B_xBOAw:1mw8wC:tiu-lSKSxDT1U6BAdnnJH7CYxG74__d9pTdQoiQ3738	2021-12-25 20:25:44.466887+00
pajt5g8k53fsakv9qe2tvazxeb8hx4uq	.eJxVjEEOwiAQRe_C2hCmBQSX7nsGMgyDVA0kpV0Z765NutDtf-_9lwi4rSVsnZcwJ3ERozj9bhHpwXUH6Y711iS1ui5zlLsiD9rl1BI_r4f7d1Cwl2_Nhhgwg4uOvIc8WkWDJ60hWvQUByIwPJ4ZEyjDyTibSTNY5by2xon3B_xBOAw:1n7BfF:j98hbS5WXmDi93SYQKLkVMtYEm0aOiffmAnpUbWU9gU	2022-01-25 07:33:53.285599+00
77308qc12hgytles2k4gesevohznv3uf	.eJxVjEEOwiAQRe_C2hCmBQSX7nsGMgyDVA0kpV0Z765NutDtf-_9lwi4rSVsnZcwJ3ERozj9bhHpwXUH6Y711iS1ui5zlLsiD9rl1BI_r4f7d1Cwl2_Nhhgwg4uOvIc8WkWDJ60hWvQUByIwPJ4ZEyjDyTibSTNY5by2xon3B_xBOAw:1n7ImJ:ykr1zjhGAeFAM8qgRaoNI4z2CAhx79itWSPjgwAJkBc	2022-01-25 15:09:39.16742+00
t1qawukzs836jrpph2v261cy0ao2i6dm	.eJxVjEEOwiAQRe_C2hCmBQSX7nsGMgyDVA0kpV0Z765NutDtf-_9lwi4rSVsnZcwJ3ERozj9bhHpwXUH6Y711iS1ui5zlLsiD9rl1BI_r4f7d1Cwl2_Nhhgwg4uOvIc8WkWDJ60hWvQUByIwPJ4ZEyjDyTibSTNY5by2xon3B_xBOAw:1nCPz2:vYsNNxpQ80H-VsMQcrV926WlpEiHWu8mDY0KV_O4yko	2022-02-08 17:51:56.756071+00
ok0kz6qld6ugcb2bsiz2mg3cdi660vvx	.eJxVjEEOwiAQRe_C2hCmBQSX7nsGMgyDVA0kpV0Z765NutDtf-_9lwi4rSVsnZcwJ3ERozj9bhHpwXUH6Y711iS1ui5zlLsiD9rl1BI_r4f7d1Cwl2_Nhhgwg4uOvIc8WkWDJ60hWvQUByIwPJ4ZEyjDyTibSTNY5by2xon3B_xBOAw:1nDhXp:2NYZvqrBpMpw8n9esgm2gj2_wt9kiozIKek-tcHcXMw	2022-02-12 06:49:09.16984+00
um5pi7b4flicav7kbdbnxdc61ruhc1vq	.eJxVjDsOAjEMBe-SGkVKVrE3lPScIbJjhyygRNpPhbg7rLQFtG9m3ssk2taatkXnNIk5G2dOvxtTfmjbgdyp3brNva3zxHZX7EEXe-2iz8vh_h1UWuq3psKeAUXGOJYwoC9FyZEgFEUHWVUGiJSjBoreQ84AQQKyRGSNbN4fGZI5Sg:1nFhwc:j1L37eKZVkZ1T8_Cb7CJRN9rNk9xcIkNg7vtC0SWq28	2022-02-17 19:39:02.694802+00
8i64mxgkhql4u54ifpt6mc1sex4u93ks	.eJxVjEEOwiAQRe_C2hCmBQSX7nsGMgyDVA0kpV0Z765NutDtf-_9lwi4rSVsnZcwJ3ERozj9bhHpwXUH6Y711iS1ui5zlLsiD9rl1BI_r4f7d1Cwl2_Nhhgwg4uOvIc8WkWDJ60hWvQUByIwPJ4ZEyjDyTibSTNY5by2xon3B_xBOAw:1nJCSa:8AmR6RtIuTNuR8qK3N3r5gpe1SiOQ8DwUad20iLsT8M	2022-02-27 10:50:28.381253+00
ji177wvt5m6u4eiwrktdazo0whw3aclj	.eJxVjEEOwiAQRe_C2hCmBQSX7nsGMgyDVA0kpV0Z765NutDtf-_9lwi4rSVsnZcwJ3ERozj9bhHpwXUH6Y711iS1ui5zlLsiD9rl1BI_r4f7d1Cwl2_Nhhgwg4uOvIc8WkWDJ60hWvQUByIwPJ4ZEyjDyTibSTNY5by2xon3B_xBOAw:1nNAmW:wszElrlgav6r--LZTFd51A6mf8T75sCKBd6nQUvHbi0	2022-03-10 09:51:28.594084+00
\.


--
-- Data for Name: forceartsapi_category; Type: TABLE DATA; Schema: public; Owner: postgres
--

COPY public.forceartsapi_category (id, title, description, image, rank) FROM stdin;
32	rey	Daisy Ridley was done dirty with this role. Ridley is undoubtedly talented, but the character of Rey is so flawed because of how flawless she is. And when she does experience "flaws", it's for the sake of plot, or to "disprove" the "Mary Sue" allegations. But she never has natural flaws, or naturally experiences struggles.	characters/rey.jpg	29
40	ahsoka tano	Ahsoka is one of the most developed characters in Star Wars. Starting from just an annoying kid gave her a lot of room to grow. And she grew into one of the most well-trained Jedi in the galaxy, wielding her lightsabers and the force almost unmatched. And she didnt have that power handed to her. We saw her work for it and struggle. She lost friends along the way and we could grieve with her because we knew her. She definitely sets a standard for great female characters that havent been met many times in the last few years.	characters/ahsoka.jpg	8
31	others	There are so many characters in the Star Wars universe, that we decided to have a separate category for all other characters that are not listed in this ranking.	characters/others.jpg	50
34	obi-wan kenobi	By any measure, Obi-Wan Kenobi was the greatest Jedi of his age. No other Jedi accomplished as much, sacrificed more, and above all, stayed true to his Order, Democracy, and the Republic. He even killed his own "brother" when it became the right thing to do. In the end, he even gave his own life to make sure Luke could get away, thus saving the galaxy again, with his last breath. No other Jedi delivered as many results as Obi-Wan.	characters/kenobi.jpg	2
35	anakin skywalker	Yes, we do believe that separating Anakin Skywalker from Darth Vader is the right choice for this rating. Not only they are different personalities canonically, but also it makes sense to separate artworks. \r\n</br>\r\nThe Kid, The Knight, The Hero, The Broken, The Fallen, The Father, The Redeemed. The Chosen One. Thats who Anakin Skywalker is. The complexity of the character, alongside his charisma and amazing design, make him a great character.	characters/anakin.jpg	3
36	r2-d2 and c-3po	These are the droids you are looking for. One of the most iconic duos in all Star Wars. The most amazing thing about R2-D2 and C-3PO is how human they seem. They each have strong personalities, and they constantly convey emotions. Threepio is a worrier and a whiner. He seems constantly irritated, often venting his emotions by insulting Artoo, calling him an "overweight glob of grease" and other colorful insults. Artoo can be excited, embarrassed, stubborn, and cheerful.	characters/c3po.jpg	4
37	yoda	"A Jedi uses the Force for knowledge and defense. Never attack." </br>\r\n"Do or do not. There is no try." </br>\r\n"Judge me by my size, do you?" </br>\r\n</br>\r\nThose lines sum up Yoda perfectly. One of the most iconic Star Wars characters! Wise with many memorable quotes, one of the strongest with the Force, fun to watch with a lightsaber, and, of course, an unforgettably charming speech pattern.	characters/yoda.jpg	5
38	luke skywalker	When people talk about the Heros Journey, and what is necessary to write a good protagonist, Luke Skywalker will always be the quintessential example that is given. Luke has a fleshed-out, tangible, and relatable character development from naive farm boy to enlightened warrior. He experiences conflict both internal and external. And his relationship and dynamic with Vader tie it all together, creating fulfilled arcs for father and son. </br>\r\nIt all started with him. Without Luke Skywalker, there would be no Star Wars. Period.	characters/luke.jpg	6
41	han solo	He's basically the embodiment of the "rogue with a heart of gold" archetype. Han is a fantastic character. He goes from being a selfish, atheistic, in it for the money smuggler who only cares about his next score to a selfless man and believer in the Force who is more concerned about the good of the galaxy and his family than his own benefit.	characters/han.jpg	9
42	qui-gon jinn	Hes the truest Jedi of the Prequel era, and among the best in the franchise. He remembered what the order was meant to be, and when contrasted with the council, showed how far they had fallen. Its ironic that he was considered a sort of rule-breaker, even by his own padawan, when he was the only one following the true Jedi way: a balance of selflessness and compassion; following the will of the force, not the senate, or an arbitrary code. </br>\r\nHad he lived, the entire story of Star Wars would change. He was likely the only person who could have prevented Anakins fall. As Dave Filoni said, thats why its the Duel of the Fates.	characters/Qui-Gon.jpg	10
43	revan	Savior, Conqueror, Hero, Villain. You are all things Revan and yet you are nothing. You belong neither to the light nor the darkness, in the end, you will always stand alone. - Darth Malak\r\n</br>\r\nHe is the hero of one of the best stories ever produced in Star Wars, and despite being a playable character, he still has a personality of his own, not to mention having an internal conflict, which he manages to overcome and master.	characters/revan.jpg	11
44	palpatine	He's a supreme schemer, umbridled genius, has unlimited power, and is unrivaled in his mastery of the Dark Side. He is unsympathetic, rotten to the core paragon of pure evil. </br>\r\nThe entire prequel trilogy was just him manipulating everyone to assume full power and create his empire under the noses of everyone. He is the Senate after all.	characters/palpatine.jpg	12
45	din djarin	Din Djarin aka "The Mandalorian", also sometimes called Mando, is the titular protagonist of the Disney+ original series The Mandalorian.</br>\r\nMysterious, weary from battle, and tight-lipped, Djarin was a lone gunfighter and a formidable Mandalorian bounty hunter.	characters/din_djarin.jpg	13
46	grogu	Grogu, known to many simply as "the Child," was a male Force-sensitive Mandalorian foundling that belonged to the same species as Jedi Grand Master Yoda and Jedi Master Yaddle. Grogu was raised at the Jedi Temple on Coruscant. </br>\r\nGrogu formed an attachment to Din Djarin, who became a father figure to him. Ahsoka Tano sensed fear and anger within Grogu as well as his emotional bond to the Mandalorian. Grogu was initially uncooperative with Tano's attempts to test his connection to the Force; Djarin believed it was due to Grogu's stubbornness.	characters/grogu.jpg	14
33	darth vader	Not only is Darth Vader the most iconic character in Star Wars, but in all of cinema history. The voice, the suit, the breathing, you instantly know it's Vader whether you are a Star Wars fan or not. A character as iconic as the movies themselves. <br>\r\nThe tragic story of his fall to the dark side is an absolute tragedy, but at the same time, we can relate to him for his turn. The reveal that he was Lukes father is also one of the most iconic and heartbreaking scenes in cinema.	characters/darth_vader.jpg	1
47	thrawn	Thrawn is probably one of the most intelligent and cunning characters in all of Star Wars. He is the definition of being 5 steps ahead of everyone and even when it seems as if you have won you are just falling right into his grasp. He is also incredibly skilled not just in terms of tactics but in terms of combat as well. </br>\r\nHes also just a cool character, not just in his personality and design, but how hes literally always calm. If you see an emotion out of him in the middle of a conflict, then he meant for you to see it.	characters/thrawn.jpg	15
48	chewbacca	Just such a lovable character, with funny moments, mostly with Han, a great costume that still holds up, and his growls are pretty iconic. Chewbacca doesn't have to be a complicated and fully fleshed out character to be a good character.	characters/chewbacca.jpg	16
49	mace windu	He was the greatest champion of the Jedi Order and promoted its ancient traditions amidst the growing influence of the dark side of the Force in the corrupt, declining days of the Republic. </br>\r\nHe was a notable practitioner of Form VII, also known as Vaapad, and Windu was the only known master of the form that did not fall to the dark side. It was the seventh form of lightsaber combat and considered the most unpredictable or aggressive form. He was a superior combatant, capable of defeating multiple enemies with his unique fighting style.	characters/mace.jpg	17
50	darth maul	A former Sith Lord and a skilled warrior in his own right, Maul for most of his life came to embody the obsessive and frenzied aspects of Sith revenge. </br>\r\nHe is also the antagonist of one of the best lightsaber duels ever. A tragic villain that you want to root for with a lot of growth and a well-used second chance.	characters/maul.jpg	18
51	lando calrissian	"He's a card player, gambler, scoundrel. You'd like him."\r\n    Han Solo, to Leia Organa\r\n</br>\r\nA smooth talker and an instant classic. His chemistry with Han, Leia, and Chewie on to OT feels so natural and his betrayal and redemption feel so natural.	characters/lando.jpg	19
52	grand moff tarkin	He is one of the best villains in Star Wars, because he is calm and intimidating villain, not sadist psychopath. Tarkin novel shows us his backstory and it is just amazing and shows very well how he became the man he was in A New Hope. He doesnt have to yell or pull out a lightsaber to assert his authority; his confidence and the way he puts Vader and Leia in their place is enough to tell the audience hes not one to be trifled with Only weakness he had was his overconfidence which led to his downfall.	characters/tarkin.jpeg	20
53	jango fett	Jango was a great character. Even with his short amount of screen time he helped set up hours and hours of movie and tv show plot after he died. He had the right amount of badassery as well. He's the perfect picture of what a bounty hunter should be like.	characters/jango.jpg	21
54	boba fett	"Are you Mandalorian?" </br>\r\n    "I'm a simple man making his way through the galaxy. Like my father before me."</br>\r\n    Din Djarin and Boba Fett</br>\r\n\r\nBoba's talents as a bounty hunter were infamous across the galaxy, and he became well-known to galactic fugitives who had bounties on their heads. From a young age, Boba was trained by his father in combat skills, both in hand-to-hand combat and weapons, able to handle a blaster at a young age while being deadly in battle scenarios.	characters/boba.jpg	22
55	count dooku	Christopher Lee's presence commands the screen as Count Dooku. </br>\r\nDooku was a highly skillful lightsaber duelist even in his old age. During his time as a Jedi, he was known as one of the Order's finest swordsmen; it was said that only Yoda was his superior and that Mace Windu was his only worthy opponent.	characters/dooku.jpg	23
56	plo koon	He is a Jedi that sees the clones more than cannon fodder, he sees them as Yoda sees them, living beings. He also is like a father figure to Ahsoka whereas Anakin is more of a big brother. He always has good advice and is always calm in the face of danger. And he is the general of the Wolfpack.	characters/plokoon.png	24
57	padme amidala	Padme is a well-developed and extremely well-acted character that is a good combatant and steadfast in her beliefs always fighting for what's right even when no other senators are on board. All throughout the Clone Wars, she's a paragon for peace and liberty, while the galaxy is thrust further and further into war and authoritarianism. </br>\r\nWhether it be the phenomenal Natalie Portman or the wonderful Cathrine Taber.	characters/padme.jpg	25
58	mara jade	She had one of the greatest character arcs in Star Wars. She was an emperors hand then a snuggled then the wife of the most powerful Jedi ever (in the legends timeline) she got to be Vader, Han, and Luke all rolled into one. She is the definition of a strong female lead. </br>\r\nWife a Luke Skywalker, Mother of Ben Skywalker, an excellent addition to the Skywalker Family and Sage.	characters/mara.jpg	26
59	general grievous	From a design standpoint, he's one of the most unique characters in all of Star Wars. Although he was never really one of the most complex villains, his desire to kill all Jedi was enough to be honest. He is incredibly powerful, and a great military leader.	characters/grievous.jpg	27
60	kylo ren	Kylo was probably the best character of the sequel trilogy with a cool design and Adam Drivers performance. Definitely the sequel trilogy member with the least wasted potential out of the core characters, but still wasted potential, nonetheless.	characters/kylo.jpg	28
39	princess leia	Leia is a true reincarnation of what the Rebellion is. Strong, smart, cunning, and frankly, rebellious. She resisted interrogation aboard the Death Star, watched her planet be blown up, along with her family, and still kept the location of the Rebel Base secret.\r\n</br>\r\nYet on the other side, she is a little dogmatic at first and not willing to work with others yet comes around and because she ends up trusting Luke and Han, she then gets a new family with her brother and husband. The perfect strong female hero.	characters/leia.jpg	7
61	captain phasma	Clad in distinctive armor of salvaged chromium, Captain Phasma commands the First Order's legions of stormtroopers. A tough veteran commander, she has no use for fancy titles or complex war rooms, preferring to lead her troops in battle against the First Order's enemies.	characters/captain_phasma.jpg	30
\.


--
-- Data for Name: forceartsapi_contactus; Type: TABLE DATA; Schema: public; Owner: postgres
--

COPY public.forceartsapi_contactus (id, full_name, email, message) FROM stdin;
\.


--
-- Data for Name: forceartsapi_wallpaper; Type: TABLE DATA; Schema: public; Owner: postgres
--

COPY public.forceartsapi_wallpaper (id, image, collection_id, upload_time, description, views, visibility, likes) FROM stdin;
27	images/kylo ren/kylo.jpg	60	2021-04-05 08:19:19.411924+00	Kylo Ren by Mizuri	956	t	0
32	images/kylo ren/Kylo_Ren_2K.jpg	60	2021-04-05 08:23:35.958416+00	Kylo Ren 2K	971	t	0
58	images/jango fett/jb-casacop-jango.jpg	53	2021-04-05 09:11:50.510044+00	Jango Fett	434	t	0
29	images/kylo ren/kylo_mizuri.jpg	60	2021-04-05 08:22:23.005643+00	Kylo Ren by Mizuri	1023	t	0
52	images/grand moff tarkin/jeremy-ortiz-tarkin-arnold013-rigged.jpg	52	2021-04-05 09:07:38.513598+00	Grand Moff Tarkin by Jeremy Ortiz	225	t	0
70	images/lando calrissian/c2c9efc01bd73c55b4ba2b90f80ccce4.jpg	51	2021-04-06 00:49:19.344967+00	Lando Calrissian	198	t	0
49	images/count dooku/Count_Dooku_by_Jake_Murray.jpg	55	2021-04-05 08:55:19.708391+00	Count Dooku by Jake Murray	451	t	0
44	images/mara jade/Mara_Jade_nicee.jpg	58	2021-04-05 08:46:23.182064+00	Mara Jade Skywalker	561	t	0
41	images/mara jade/Mara_Jade_by_Fantasio.jpg	58	2021-04-05 08:45:16.796211+00	Mara Jade by Fantasio	682	t	0
38	images/general grievous/Grievous_drawing.jpg	59	2021-04-05 08:28:17.818754+00	General Grievous art	718	t	0
20	images/rey/photo_2019-04-10_22-07-34.jpg	32	2021-04-05 08:09:19.610579+00	Daisy Ridley as Rey	924	t	0
64	images/boba fett/shane-molina-bobafett-1.jpg	54	2021-04-05 09:14:15.302011+00	Boba Fett by Shane Molina	506	t	0
40	images/mara jade/Mara_Jade_by_Mike_Heath.jpg	58	2021-04-05 08:44:55.691974+00	Mara Jade by Mike Heath	639	t	0
24	images/rey/photo_2020-07-29_00-02-23.jpg	32	2021-04-05 08:11:55.643126+00	Dark Rey	575	t	0
47	images/plo koon/Plo_Koon_by_Brendan_Wood.jpg	56	2021-04-05 08:49:08.423331+00	Plo Koon by Brendan Wood	619	t	0
60	images/boba fett/boba_fett_gary_jamroz.jpg	54	2021-04-05 09:13:02.602064+00	Boba Fett by Gary Jamroz	541	t	0
63	images/boba fett/klaus-wittmann-bob1.jpg	54	2021-04-05 09:13:57.399187+00	Boba Fett by Klaus Wittmann	403	t	0
11	images/darth vader/paperser.jpg	33	2021-04-05 08:02:40.882241+00	Vader 4K	779	t	0
17	images/rey/photo_2019-01-24_21-43-06.jpg	32	2021-04-05 08:07:52.760215+00	Rey training	561	t	0
57	images/jango fett/jangofett_any_fairhusrt.jpg	53	2021-04-05 09:11:35.479992+00	Jango Fett by Any Fairhurst	493	t	0
36	images/kylo ren/Kylo_Ren_Mobile.jpg	60	2021-04-05 08:25:03.169087+00	Kylo Ren full HD wallpaper	1368	t	0
48	images/plo koon/Plo_Koon_by_Troeton.jpg	56	2021-04-05 08:49:25.73053+00	Plo Koon by Troeton	616	t	0
12	images/darth vader/photo_2019-02-13_13-57-45.jpg	33	2021-04-05 08:03:05.304766+00	Darth Vader - Return of the Jedi	529	t	0
33	images/kylo ren/Kylo_Ren_cool.jpg	60	2021-04-05 08:24:13.804096+00	Kylo Ren cool	706	t	0
21	images/rey/photo_2019-08-29_16-33-40.jpg	32	2021-04-05 08:09:38.897344+00	Dark Rey	808	t	0
46	images/plo koon/thiago-baltar-master-plo-koon.jpg	56	2021-04-05 08:48:36.015996+00	The Underrated Master Plo Koon	417	t	0
55	images/grand moff tarkin/tarkin1.jpg	52	2021-04-05 09:08:53.096984+00	Grand Moff Tarkin	204	t	0
43	images/mara jade/Mara_Jade_nice.jpg	58	2021-04-05 08:46:01.750506+00	Mara Jade with droid	684	t	0
62	images/boba fett/justine-cruz-boba-final-small.jpg	54	2021-04-05 09:13:35.806424+00	Boba Fett by Justin Cruz	502	t	0
9	images/darth vader/elia-bonetti-dv-12-cover-color-low.jpg	33	2021-04-05 07:59:23.202583+00	Darth Vader by Elia Bonetti	809	t	0
45	images/mara jade/Mara_Jade_wdtoq.jpg	58	2021-04-05 08:46:44.727239+00	Mara Jade by wdtoq	656	t	0
15	images/darth vader/photo_2019-02-13_13-57-47.jpg	33	2021-04-05 08:04:03.827006+00	Vader in Rogue One	1073	t	0
54	images/grand moff tarkin/tarkin.jpg	52	2021-04-05 09:08:40.23508+00	Grand Moff Tarkin	195	t	0
39	images/general grievous/Grievous_drawing1.jpg	59	2021-04-05 08:28:42.416152+00	General Grievous art	1112	t	0
65	images/chewbacca/Star_Wars_Chewbacca_by_Leonardo_Digenio.jpg	48	2021-04-06 00:47:19.079042+00	Chewbacca by Leonardo Digenio	290	t	0
50	images/count dooku/AgeofRepublic-DookuCoverArt.jpg	55	2021-04-05 08:55:46.564929+00	Count Dooku - Age of Republic Cover Art	407	t	0
16	images/darth vader/photo_2019-02-13_13-57-49.jpg	33	2021-04-05 08:04:22.226344+00	Vader vs all	807	t	0
10	images/darth vader/ezgif-2-ee34817cbcd7.jpg	33	2021-04-05 08:00:17.640026+00	Darth Vader Neon Pop Art	602	t	0
31	images/kylo ren/Kylo_Ren.jpg	60	2021-04-05 08:23:16.449365+00	Kylo Ren full hd	1092	t	0
28	images/kylo ren/kylo_ben_vazquez.jpg	60	2021-04-05 08:19:44.339045+00	Kylo Ren by Ben Vazquez	734	t	0
66	images/chewbacca/By_spirale.jpg	48	2021-04-06 00:47:37.611427+00	Chewbacca by spirale	328	t	0
14	images/darth vader/photo_2019-02-13_13-57-46.jpg	33	2021-04-05 08:03:48.254292+00	Darth Vader with the Yellow Ring	671	t	0
25	images/rey/photo_2020-07-29_00-02-29.jpg	32	2021-04-05 08:13:57.242273+00	Dark Rey by Wizyukuza	735	t	0
61	images/boba fett/jaromir-hrivnac-20150920-b-fett-02ii.jpg	54	2021-04-05 09:13:23.072406+00	Boba Fett by Jaromir	508	t	0
37	images/general grievous/Grievous_particles.jpg	59	2021-04-05 08:27:57.507755+00	Grievous cool	1008	t	0
51	images/grand moff tarkin/Grand_Moff_Tarkin_by_Kid-Eternity.jpg	52	2021-04-05 09:06:48.999301+00	Grand Moff Tarkin by Kid-Eternity	179	t	0
67	images/chewbacca/Chewbacca.jpg	48	2021-04-06 00:47:51.377981+00	Chewbacca	369	t	0
59	images/jango fett/roman-pelipenko-screenshot000.jpg	53	2021-04-05 09:12:13.572356+00	Jango Fett by Roman Pelipenko	268	t	0
69	images/lando calrissian/Aiko_Aiham_-_Lando_Calrissian.jpg	51	2021-04-06 00:49:02.462246+00	Aiko Aiham - Lando Calrissian	178	t	0
71	images/lando calrissian/Edomuk_lando.jpg	51	2021-04-06 00:49:38.044035+00	Lando Calrissian by Edomuk	204	t	0
68	images/chewbacca/chewbacca-porgs.jpg	48	2021-04-06 00:48:32.927995+00	Chewbacca and porgs	405	t	0
30	images/kylo ren/kylo_pc.jpg	60	2021-04-05 08:22:51.723813+00	Kylo Ren full HD	697	t	0
13	images/darth vader/photo_2019-02-13_13-57-46_2.jpg	33	2021-04-05 08:03:20.960461+00	Vader red	794	t	0
105	images/revan/Cormin_Hunter.png	43	2021-04-06 01:27:16.06732+00	By Cormin Hunter	1426	t	0
87	images/thrawn/mandalorian-grand-admiral-thrawn.jpg	47	2021-04-06 01:03:35.718049+00	Grand Admiral Thrawn	406	t	0
89	images/r2-d2 and c-3po/c3.jpg	36	2021-04-06 01:09:56.826161+00	c3p0	245	t	0
97	images/han solo/han.jpg	41	2021-04-06 01:17:13.279416+00	Han Solo	349	t	0
113	images/palpatine/darth-sidious-unlimited-power_star-wars_feature.jpg	44	2021-04-06 01:34:17.696778+00	Darth Sidious - unlimited power	702	t	0
138	images/din djarin/pedro_pascal_din.jpg	45	2021-04-06 01:52:24.082477+00	Pedro Pascal	724	t	0
136	images/din djarin/mando.jpg	45	2021-04-06 01:51:22.845418+00	Din Djarin	685	t	0
82	images/darth maul/son_of_dathomir5.jpg	50	2021-04-06 00:59:35.301553+00	Official covers of Darth MaulSon of Dathomir	848	t	0
101	images/qui-gon jinn/Qui-Gon_Jinn_and_kenobi.jpg	42	2021-04-06 01:21:57.097569+00	With Kenobi	611	t	0
77	images/darth maul/son_of_dathomir.jpg	50	2021-04-06 00:58:44.772965+00	Official covers of Darth MaulSon of Dathomir	584	t	0
133	images/din djarin/din_djarin_by_richard_philpot.jpg	45	2021-04-06 01:50:37.260096+00	Din Djarin by Richard Philpot	688	t	0
118	images/yoda/The_Art_of_JB_Casacop.jpg	37	2021-04-06 01:38:35.026424+00	The Art of JB Casacop	985	t	0
76	images/mace windu/windu.jpg	49	2021-04-06 00:55:13.816474+00	Mace Windu	389	t	0
86	images/thrawn/Grand_admiral.jpg	47	2021-04-06 01:03:20.216455+00	Grand Admiral Thrawn	372	t	0
90	images/r2-d2 and c-3po/droids.jpg	36	2021-04-06 01:10:17.776343+00	Droids	382	t	0
95	images/han solo/new_solo1.jpg	41	2021-04-06 01:16:34.488895+00	New Solo	311	t	0
126	images/grogu/Grogu-iPhone-wallpaper-idownloadblog-funksolbrotherr.jpg	46	2021-04-06 01:44:12.452734+00	Grogu iPhone wallpaper	435	t	0
115	images/palpatine/Palpatine.jpg	44	2021-04-06 01:34:44.093591+00	Darth Sidious	779	t	0
114	images/palpatine/federico-meloni-palpatine3.jpg	44	2021-04-06 01:34:34.839798+00	Darth Sidious by Federico Meloni	565	t	0
88	images/thrawn/Thrawn_and_Anakin.jpg	47	2021-04-06 01:05:25.018717+00	Thrawn and Anakin	653	t	0
83	images/darth maul/Darth_Maul_by_Marcus_Whinney.jpg	50	2021-04-06 00:59:54.486713+00	Darth Maul by Marcus Whinney	788	t	0
84	images/darth maul/Darth_Maul_by_Max_Hugo.jpg	50	2021-04-06 01:00:13.215464+00	Darth Maul by Max Hugo	1058	t	0
81	images/darth maul/son_of_dathomir4.jpg	50	2021-04-06 00:59:26.04983+00	Official covers of Darth MaulSon of Dathomir	858	t	0
137	images/din djarin/mizuri-au-mandaloriansaber.jpg	45	2021-04-06 01:52:00.116006+00	Mandalorian by Mizuri	955	t	0
85	images/thrawn/Grand_admiral1.jpg	47	2021-04-06 01:03:05.602417+00	Approach People Like You're Grand Admiral Thrawn | by Yus	415	t	0
123	images/yoda/Yoda_lighsaber.jpg	37	2021-04-06 01:39:47.444239+00	Yoda	676	t	0
128	images/grogu/Grogu-Wallpaper-4.jpg	46	2021-04-06 01:44:41.531318+00	Grogu Wallpaper	517	t	0
127	images/grogu/Grogu-Wallpaper-3.jpg	46	2021-04-06 01:44:26.977713+00	Grogu Wallpaper	530	t	0
92	images/r2-d2 and c-3po/r2d22k.jpg	36	2021-04-06 01:11:02.629877+00	R2 2k	375	t	0
73	images/lando calrissian/lando_painting.jpg	51	2021-04-06 00:50:51.723307+00	Lando Calrissian	206	t	0
117	images/palpatine/paplatine_poster.jpg	44	2021-04-06 01:35:16.035445+00	Palpatine poster	859	t	0
134	images/din djarin/din06.jpg	45	2021-04-06 01:50:52.388261+00	Din Djarin	738	t	0
131	images/grogu/the-mandalorian-grogu--4K.jpg	46	2021-04-06 01:45:50.384217+00	4K Grogu	506	t	0
99	images/han solo/Han_Solo_Art_by_Wisesnail.jpg	41	2021-04-06 01:17:53.375999+00	Han Solo Art by Wisesnail	415	t	0
129	images/grogu/the-child_star-wars_grogu.jpg	46	2021-04-06 01:44:56.856497+00	The Child	423	t	0
140	images/din djarin/mizuri-au-mandosabersv2.jpg	45	2021-04-06 01:53:22.665475+00	Mandalorian by Mizuri	1224	t	0
130	images/grogu/the-mandalorian-baby-yoda-grogu.jpg	46	2021-04-06 01:45:34.929994+00	Grogu and Mandalorian	630	t	0
98	images/han solo/Han_Solo_Wallpaper_by_PaulSkywalker_on_DeviantArt.jpg	41	2021-04-06 01:17:33.034217+00	Han Solo Wallpaper by PaulSkywalker on DeviantArt	392	t	0
103	images/qui-gon jinn/Qui-Gon_Jinn_vs_maul.jpg	42	2021-04-06 01:22:40.719555+00	Qui-Gon Jinn vs Darth Maul	572	t	0
109	images/revan/mizuri-au-darthrevanv2.jpg	43	2021-04-06 01:29:13.341348+00	Darth Revan by Mizuri	1259	t	0
135	images/din djarin/fotus-knight-2019-11-15-dyn-jarren-small.jpg	45	2021-04-06 01:51:10.942995+00	Din Djarin by Fotus Knight	661	t	0
102	images/qui-gon jinn/Qui-Gon_Jinn_Ladunya.jpg	42	2021-04-06 01:22:19.063516+00	Qui-Gon Jinn by Ladunya	415	t	0
139	images/din djarin/Reclamation.jpg	45	2021-04-06 01:52:59.187476+00	Reclamation	873	t	0
121	images/yoda/Yoda_Dagobah.jpg	37	2021-04-06 01:39:30.300122+00	Yoda on Dagobah	588	t	0
78	images/darth maul/son_of_dathomir1.jpg	50	2021-04-06 00:58:55.554441+00	Official covers of Darth MaulSon of Dathomir	735	t	0
94	images/r2-d2 and c-3po/together1080.jpg	36	2021-04-06 01:11:40.157073+00	R2-D2 and C3PO	405	t	0
91	images/r2-d2 and c-3po/image-asset.jpeg	36	2021-04-06 01:10:46.785732+00	R2-D2	312	t	0
119	images/yoda/star-wars-artwork-yoda-1680x1050.jpg	37	2021-04-06 01:39:02.233618+00	Artwork Yoda -1680x1050	606	t	0
96	images/han solo/new_solo.jpg	41	2021-04-06 01:16:47.524246+00	New Solo	323	t	0
93	images/r2-d2 and c-3po/shane-molina-r2d2-socialmedia.jpg	36	2021-04-06 01:11:14.073834+00	ArtStation - R2-D2 , Shane Molina	430	t	0
125	images/grogu/dark_grogu.jpg	46	2021-04-06 01:43:55.926019+00	Dark Grogu	749	t	0
120	images/yoda/Yoda_by_Matt_Hubel_.jpg	37	2021-04-06 01:39:16.555221+00	Yoda by Matt Hubel	764	t	0
80	images/darth maul/son_of_dathomir3.jpg	50	2021-04-06 00:59:14.161111+00	Official covers of Darth MaulSon of Dathomir	589	t	0
104	images/qui-gon jinn/Qui-Gon_Jinn_Wallpapers.jpg	42	2021-04-06 01:22:53.278965+00	Qui-Gon Jinn	537	t	0
124	images/grogu/_grogu_smile_by_aramisfraino_decf9uz-350t.jpg	46	2021-04-06 01:43:38.645679+00	Grogu smile	415	t	0
132	images/grogu/yoda_grogu.jpg	46	2021-04-06 01:46:14.165521+00	Grogu and Master Yoda	1053	t	0
79	images/darth maul/son_of_dathomir2.jpg	50	2021-04-06 00:59:05.527483+00	Official covers of Darth MaulSon of Dathomir	721	t	0
75	images/mace windu/Mace_Windu_by_Lotsmanov.jpg	49	2021-04-06 00:55:00.382775+00	Mace Windu by Lotsmanov	556	t	0
122	images/yoda/Yoda_Dagobah1.jpg	37	2021-04-06 01:39:37.856231+00	Yoda on Dagobah	726	t	0
178	images/anakin skywalker/Anakin_Skywalker_by_R-Valle.jpg	35	2021-04-06 02:43:33.576636+00	Anakin Skywalker by R-Valle	859	t	0
191	images/obi-wan kenobi/Old-Enemies-by-Marko-Manev.jpg	34	2021-04-06 02:51:50.79981+00	Old Enemies by Marko Manev	1449	t	0
188	images/obi-wan kenobi/Obi-Wan-Kenobi.jpg	34	2021-04-06 02:50:51.004242+00	Obi-Wan Kenobi	751	t	0
198	images/darth vader/wp2623553.jpg	33	2021-04-06 02:57:12.639458+00	Darth Vader TFU	1002	t	0
165	images/ahsoka tano/saby-menyhei-ahsokavsvader-smenyhei-final-net.jpg	40	2021-04-06 02:13:17.371479+00	Ahsoka Tano by Saby Menyhei	1163	t	0
169	images/padme amidala/Padme_Amidala_by_Raiecha.jpg	57	2021-04-06 02:34:11.987495+00	Padme Amidala by Raiecha	540	t	0
155	images/luke skywalker/Luke_cool.jpg	38	2021-04-06 02:06:38.559433+00	Luke Skywalker cool	1403	t	0
171	images/padme amidala/padme_fit1.jpg	57	2021-04-06 02:34:49.750811+00	Padme Amidala fit	1169	t	1
170	images/padme amidala/padme_fit.jpg	57	2021-04-06 02:34:27.999444+00	Padme Amidala promo	1324	t	0
200	images/darth vader/darth-vader-2020-artwork-amazing.jpg	33	2021-04-06 02:57:43.572257+00	Darth Vader the BEST	1083	t	0
152	images/luke skywalker/luke_concept.jpg	38	2021-04-06 02:06:00.331932+00	Luke concept	1011	t	0
150	images/princess leia/leia06.jpg	39	2021-04-06 02:01:39.245799+00	Princess Leia	518	t	0
175	images/anakin skywalker/Anakin_Skywalker_Art_by_Cristiano_Siqueira_.jpg	35	2021-04-06 02:42:55.892081+00	Anakin Skywalker Art by Cristiano Siqueira	698	t	0
183	images/obi-wan kenobi/ben_kenobi.jpg	34	2021-04-06 02:49:46.813865+00	Ben Kenobi	801	t	0
189	images/obi-wan kenobi/paolo-puggioni-obi-wankenobi.jpg	34	2021-04-06 02:51:00.528942+00	ArtStation - Obi-Wan Kenobi, Paolo Puggioni	784	t	0
177	images/anakin skywalker/Anakin_Skywalker_by_Neleilis.jpg	35	2021-04-06 02:43:23.047176+00	Anakin Skywalker by Neleilis	918	t	0
180	images/anakin skywalker/Desicion.jpg	35	2021-04-06 02:43:59.720046+00	Anakin Skywalker Desicion	1410	t	0
154	images/luke skywalker/Luke_Skywalker.png	38	2021-04-06 02:06:28.003797+00	Luke Skywalker	826	t	0
162	images/ahsoka tano/ahsoka5.jpg	40	2021-04-06 02:12:31.880803+00	Ahsoka Tano	1056	t	0
187	images/obi-wan kenobi/kenobi_art.jpg	34	2021-04-06 02:50:37.365665+00	Obi-Wan art	977	t	0
199	images/darth vader/wp3357503.jpg	33	2021-04-06 02:57:20.429399+00	Darth Vader TFU	1017	t	0
149	images/princess leia/leia_hot1.jpg	39	2021-04-06 02:01:27.219486+00	Princess Leia and R2-D2	1522	t	0
173	images/padme amidala/star-wars-amidala1080.jpg	57	2021-04-06 02:35:19.081833+00	Padme Amidala 1080p	507	t	0
193	images/obi-wan kenobi/wolfgang-leblanc-kenobi-fan-poster.jpg	34	2021-04-06 02:52:45.918628+00	Wolfgang Leblanc Kenobi fan poster	937	t	0
151	images/luke skywalker/Father_and_son.jpg	38	2021-04-06 02:05:43.534722+00	Father and Son	850	t	0
166	images/ahsoka tano/Tano06.jpg	40	2021-04-06 02:13:26.227524+00	Ahsoka Tano	1102	t	0
161	images/ahsoka tano/ahsoka_7_season.jpeg	40	2021-04-06 02:12:21.902228+00	Ahsoka Tano 7 season	1180	t	0
195	images/darth vader/darth-vader-4k-art-iphone-wallpaper-ilikewallpaper_com.jpg	33	2021-04-06 02:56:21.306973+00	Darth Vader 4K	1702	t	0
156	images/luke skywalker/mizuri-au-lukeskywalker.jpg	38	2021-04-06 02:06:54.94144+00	Luke Skywalker by Mizuri	1984	t	0
182	images/anakin skywalker/shot-of-anakin-skywalker-for-star-wars.jpg	35	2021-04-06 02:44:29.540408+00	Anakin Skywalker promo	1354	t	0
196	images/darth vader/Darth_Vader_by_Samuel_Beach.jpg	33	2021-04-06 02:56:35.363151+00	Darth Vader by Samuel Beach	1044	t	0
206	images/others/wp8463491_GdWnw9O.jpg	31	2021-04-07 00:39:52.979173+00	Death Trooper	855	t	0
186	images/obi-wan kenobi/kenobi_2k.jpg	34	2021-04-06 02:50:25.580612+00	Kenobi 2k	669	t	0
181	images/anakin skywalker/general_skywalker.png	35	2021-04-06 02:44:19.003317+00	Anakin Skywalker General	1968	t	0
146	images/princess leia/leia_sad.jpg	39	2021-04-06 02:00:42.969047+00	Princess Leia	450	t	0
204	images/others/shadow4k.png	31	2021-04-07 00:38:10.399624+00	Shadow Trooper 4K	680	t	0
153	images/luke skywalker/Luke_Skywalker._Art_by_Dave_Seeley.jpg	38	2021-04-06 02:06:13.823713+00	Luke Skywalker. Art by Dave Seeley	821	t	0
142	images/others/mizuri-au-bokatan.jpg	31	2021-04-06 01:54:04.276241+00	Bo Katan	868	t	0
168	images/padme amidala/Padme_Amidala_by_David_.jpg	57	2021-04-06 02:33:55.710812+00	Padme Amidala by David	544	t	0
197	images/darth vader/darth-vader-in-wpap-pop-art-yusuf-dedi-wijaya.jpg	33	2021-04-06 02:56:52.399883+00	Darth Vader by Yusuf Dedi	757	t	0
190	images/obi-wan kenobi/Obi-Wan-Kenobi-by-Mike-Mitchell.jpg	34	2021-04-06 02:51:23.809422+00	Obi-Wan Kenobi by Mike Mitchell	597	t	0
202	images/others/huy-dinh-asset.jpg	31	2021-04-07 00:35:44.649351+00	Dark Trooper by Huy Dinh	453	t	0
179	images/anakin skywalker/anakin06.jpg	35	2021-04-06 02:43:45.728236+00	Anakin Skywalker	1109	t	0
172	images/padme amidala/Queen_of_naboo.jpg	57	2021-04-06 02:35:03.267794+00	Padme Amidala the Queen	480	t	0
157	images/ahsoka tano/Ahsoka_Tano_art_by_Brent_Woodside.jpg	40	2021-04-06 02:11:32.79873+00	Ahsoka Tano art by Brent Woodside	1077	t	0
185	images/obi-wan kenobi/hello_there.jpg	34	2021-04-06 02:50:11.918694+00	Hello there	1073	t	0
167	images/padme amidala/5simply_queen.jpg	57	2021-04-06 02:33:41.24892+00	Simply Queen	460	t	0
163	images/ahsoka tano/ahsoka-fan-art-04.jpg	40	2021-04-06 02:12:46.154745+00	Ahsoka Tano and Grogu	1082	t	0
208	images/others/fjjodpddijz.jpeg	31	2021-04-07 00:43:25.219202+00	Death Trooper	928	t	0
176	images/anakin skywalker/Anakin_Skywalker_by_Jason.jpg	35	2021-04-06 02:43:09.823951+00	Anakin Skywalker Art by Jason	1222	t	0
147	images/princess leia/leia_sad1.jpg	39	2021-04-06 02:00:52.577532+00	Princess Leia	495	t	0
144	images/princess leia/leia_princess.jpg	39	2021-04-06 01:59:51.685001+00	Princess Leia	513	t	0
201	images/others/tanis-teau-moff-gideon-hallway.jpg	31	2021-04-07 00:34:23.126394+00	Moff Gideon and Dark Troopers by Tanis Teau	563	t	0
194	images/darth vader/Darth-Vader-485x1024.jpg	33	2021-04-06 02:56:08.423167+00	Darth Vader Crossing Arms	1124	t	0
143	images/princess leia/abyss.jpg	39	2021-04-06 01:59:37.113161+00	Princess Leia by Abyss	417	t	0
241	images/darth vader/8ce4ac3f1e4d66545e09259e15b4d64e.jpg	33	2021-05-04 07:13:48.364787+00	Vader - May the 4th be with you.	1188	t	0
72	images/lando calrissian/Lando_Calrissian_by_erlanarya_on_DeviantArt.jpg	51	2021-04-06 00:50:11.839238+00	Lando Calrissian by erlanarya	207	t	0
221	images/others/Bastila_with_Revan_dark.jpg	31	2021-04-14 01:48:43.88963+00	Bastila with Revan dark	1434	t	0
56	images/jango fett/andreas-bazylewski-artstationjf.jpg	53	2021-04-05 09:10:38.273002+00	Jango Fett by Andreas Bazylewski	458	t	0
240	images/palpatine/darth_sidious_by_lotsmanoff-d9qgia1.jpg	44	2021-05-02 15:14:40.190168+00	Darth Sidious by lotsmanoff	963	t	0
246	images/revan/mizuri-official-revan_g6luIW1.jpg	43	2021-06-12 08:24:19.150889+00	Cool Revan wallpaper	1676	t	0
74	images/mace windu/ArtStation_-_Mace_Windus_Lightsaber_JB_Casacop.jpg	49	2021-04-06 00:54:40.580876+00	ArtStation - Mace Windu's Lightsaber, JB Casacop	495	t	0
141	images/din djarin/pablo-olivera-the-mandalorian-star-wars-art-print-300dpi-drawing-05-baja.jpg	45	2021-04-06 01:53:38.743872+00	Mandalorian by Pablo Olivera	883	t	0
242	images/others/stormtrooper-star-wars-3647.jpg	31	2021-05-05 10:54:13.06668+00	Stormtrooper Star Wars Wallpaper 4k Ultra HD	703	t	0
219	images/princess leia/Leia_cloud_city.jpg	39	2021-04-12 01:07:17.795884+00	Leia in cloud city	573	t	0
203	images/others/galaxy-of-heroes-dark-troopers-TALL.jpg	31	2021-04-07 00:37:02.754004+00	Dark Troopers Join Star Wars: Galaxy of Heroes	550	t	0
239	images/rey/darth_rey.jpg	32	2021-05-01 15:11:34.834293+00	Darth Rey hot	845	t	0
145	images/princess leia/Princess_Leia_by_daekazu_on_DeviantArt.jpg	39	2021-04-06 02:00:17.058129+00	Star Wars: Princess Leia by daekazu on DeviantArt	496	t	0
222	images/others/Bastila_Shan_a_Jedi_Maste.jpg	31	2021-04-14 01:49:01.511058+00	Bastila Shan a Jedi Maste.jpg	648	t	0
107	images/revan/joel-moore-star-wars-darth-revan-vs-bastila-shan-by-thetechromancer-d9fpt1m.jpg	43	2021-04-06 01:28:26.530457+00	Darth Revan vs Bastila Shan by Joel Moore	1016	t	0
230	images/others/The_Art_of_Star_Wars_Jedi_Fallen_Order_.jpg	31	2021-04-20 12:51:32.075838+00	The Art of Star Wars Jedi: Fallen Order	756	t	0
234	images/others/Darth_Bane_and_Zannah.jpg	31	2021-04-25 10:46:34.877467+00	Darth Bane and Darth Zannah	522	t	0
225	images/others/photo_2021-02-05_05-42-16.jpg	31	2021-04-17 11:49:27.378334+00	Mandalorians by Devin Doty	901	t	0
238	images/revan/31204cf33be4602c68d531444f0319ad.jpg	43	2021-04-29 01:39:18.623116+00	Malak, Revan, and Meetra Surik (the Exile). By DancinFox	854	t	0
249	images/others/Darth_Malgus_by_hg_art.jpg	31	2021-06-23 06:29:16.09547+00	Darth Malgus by hg art	661	t	0
244	images/padme amidala/wallpaperbetter.com_2560x1440.jpg	57	2021-05-15 10:04:53.77204+00	Star Wars, Padme Amidala, Star Wars: Episode II	837	t	0
229	images/grogu/Baby_Yoda_by_Sanjin_Halimic.jpg	46	2021-04-19 06:40:41.427544+00	Baby Yoda by Sanjin Halimic	614	t	0
237	images/others/nihilus.jpg	31	2021-04-29 01:37:42.953844+00	Darth Nihilus art	662	t	0
209	images/others/mizuri-au-fallenordersaber.jpg	31	2021-04-10 10:37:02.411656+00	Darksaber in Fallen Order style by Mizuri	1596	t	0
256	images/others/Empire_droid.jpg	31	2021-06-25 09:56:40.37335+00	Empire droid	587	t	0
213	images/others/mizuri-official-fallenordersabermace.jpg	31	2021-04-10 10:38:17.657362+00	Mace Windu's lightsaber in Fallen Order style by Mizuri	1295	t	0
245	images/ahsoka tano/crop.jpg	40	2021-06-06 03:19:28.588623+00	Ahsoka Tano	1192	t	0
248	images/darth vader/-VmtP-vrmhc.jpg	33	2021-06-21 20:31:43.587476+00	vader art	990	t	0
218	images/others/galen_marek.jpg	31	2021-04-12 01:04:06.758422+00	Starkiller wallpaper	1009	t	0
235	images/boba fett/_dxF6NbO8qU.jpg	54	2021-04-26 02:11:57.50137+00	Boba Fett drawing art	591	t	0
212	images/others/mizuri-official-fallenordersaberluke.jpg	31	2021-04-10 10:38:00.837529+00	Luke's lightsaber in Fallen Order style by Mizuri	1293	t	0
243	images/rey/hot-and-sexy-comic-book-characters_5951_43_black-dress.jpg	32	2021-05-13 20:08:11.402673+00	hot rey cosplay	1670	t	0
207	images/others/jordan-lamarre-wan-star-wars-jedi-fallen-order-gallery-4-e0cd4c1b.jpg	31	2021-04-07 00:40:41.310039+00	Inquisitor with Purge Troopers by Jordan Lamarre	880	t	0
224	images/others/photo_2021-02-05_05-42-15.jpg	31	2021-04-17 11:49:27.368383+00	Mandalorians by Devin Doty	1068	t	0
116	images/palpatine/Palpatine_the_force_unleashed.jpg	44	2021-04-06 01:35:02.850981+00	Palpatine the force unleashed	570	t	0
227	images/others/photo_2021-02-05_05-42-18.jpg	31	2021-04-17 11:49:27.392955+00	Mandalorians by Devin Doty	908	t	0
255	images/others/Clone_warriors_by_Robert_Shane.jpg	31	2021-06-25 09:56:12.857821+00	Clone warriors by Robert Shane	943	t	0
236	images/boba fett/rYJGu6Aa_c0.jpg	54	2021-04-26 02:12:12.584012+00	Boba Fett drawing	666	t	0
220	images/others/Bastila_with_Revan_light.jpg	31	2021-04-14 01:48:30.518882+00	Bastila with Revan light	1185	t	0
226	images/others/photo_2021-02-05_05-42-17.jpg	31	2021-04-17 11:49:27.385379+00	Mandalorians by Devin Doty	1256	t	0
254	images/jango fett/jango--blood-ties.jpg	53	2021-06-25 09:55:39.181811+00	Jango blood ties	641	t	0
214	images/others/mizuri-official-fallenordersaberrey.jpg	31	2021-04-10 10:38:36.563794+00	Anakin's lightsaber in Fallen Order style by Mizuri	1451	t	0
228	images/revan/Revan_lightning.jpg	43	2021-04-18 03:43:28.342022+00	Revan art	1623	t	0
217	images/others/Starkiller_by_SideZeo_on_DeviantArt.png	31	2021-04-12 01:03:36.317145+00	Starkiller by SideZeo on DeviantArt	814	t	0
233	images/others/Nightsister_Merrin_Star_Wars_Jedi_Fallen_Order.jpg	31	2021-04-21 09:06:40.980612+00	Nightsister Merrin Star Wars Jedi Fallen Order	541	t	0
216	images/others/Darth_Starkiller.jpg	31	2021-04-11 06:26:03.528461+00	Darth Starkiller cool	886	t	0
252	images/others/Clone_by_kradeelav.jpg	31	2021-06-25 07:24:08.825908+00	Clone by kradeelav	819	t	0
247	images/boba fett/carlos-dattoli-the-mandalorian100.jpg	45	2021-06-20 15:17:01.166388+00	New Star Wars Art Print, done for "Acme Archives" and "DarkInkart "	897	t	0
277	images/darth vader/Darth_Vader-WallpapersGram.jpg	33	2021-07-03 10:46:16.893192+00	Darth Vader artwork	1040	t	0
281	images/others/WallpapersGram_-_Solo_A_Star_Wars_Story.jpg	31	2021-07-03 10:59:47.896656+00	Millennium Falcon, TIE Fighter, Destroyer art	426	t	0
34	images/kylo ren/Kylo_Ren_drawing.jpg	60	2021-04-05 08:24:33.087665+00	Kylo Ren drawing	877	t	0
267	images/r2-d2 and c-3po/C-3PO_by_ChristopherOwenArt.jpg	36	2021-07-02 04:41:48.999807+00	C-3PO by Christopher Owen Art	416	t	0
293	images/others/wp5179861-star-wars-phone-anime-wallpapers.jpg	31	2021-07-04 13:52:33.360919+00	SW anime theme art	576	t	0
257	images/others/FlyForTheEmpire-IR.jpg	31	2021-06-25 09:57:15.346398+00	Fly for the Empire!	1502	t	0
282	images/darth vader/WallpapersGram_-_Darth_Vader_1.jpg	33	2021-07-03 11:01:46.99766+00	Darth Vader illustration	1195	t	0
274	images/others/zvezdnie_voyni_2013_wallpaper_1536x2048.jpg	31	2021-07-03 10:39:05.87513+00	Cyberpunk	394	t	0
260	images/others/crimson_empire_by_pyrodark-d1i1eht.jpg	31	2021-06-28 08:51:59.435459+00	crimson empire by pyrodark-d1i1eht	563	t	0
276	images/darth vader/Darth_Vader_Star_Wars_Illustration_Android_Wallpaper.jpg	33	2021-07-03 10:44:44.433988+00	Darth Vader illustration	963	t	0
270	images/others/Xwing.jpg	31	2021-07-03 04:37:59.033254+00	X-wing starfighter	422	t	0
284	images/din djarin/WallpapersGram_-_The_Mandalorian.jpg	45	2021-07-03 11:07:14.965405+00	The Mandalorian	837	t	0
296	images/others/wp5179980-star-wars-phone-anime-wallpapers.jpg	31	2021-07-04 14:00:46.306716+00	The force will be with you always	612	t	0
304	images/r2-d2 and c-3po/Droids_by_el-grimlock.jpg	36	2021-07-11 07:54:00.906104+00	Droids by el-grimlock	665	t	0
305	images/others/a3170e3798ec037a86e9b4923d62ea06.jpg	31	2021-07-11 07:54:53.852002+00	Stormtrooper art	662	t	0
262	images/others/Nice_Empire_pilot.jpg	31	2021-06-30 05:45:51.172995+00	Nice Empire pilot	526	t	0
53	images/grand moff tarkin/josep-perez-grandmofftarkinpng.jpg	52	2021-04-05 09:08:01.909609+00	Grand Moff Tarkin by Jozeph Perez	199	t	0
251	images/mace windu/Mace_Windu_epic.jpg	49	2021-06-24 08:30:03.736111+00	Mace Windu epic wallpaper	624	t	0
268	images/yoda/Yoda_by_yusuketani.jpg	37	2021-07-02 14:39:06.888464+00	Yoda by yusuketani	647	t	0
302	images/revan/41744707f1748ace85d7964dc394aeb7.jpg	43	2021-07-10 01:09:11.358094+00	Darth Revan	2003	t	0
291	images/others/DX4-075_1570026661_3.jpg	31	2021-07-04 13:40:05.750754+00	"The Rise of Skywalker" and retro art don't go together  or do they?	2239	t	0
283	images/others/WallpapersGram_-_Millennium_Falcon.jpg	31	2021-07-03 11:03:27.259365+00	millennium falcon wallpaper	436	t	0
303	images/padme amidala/Queen_Amidala_by_daekazu.jpg	57	2021-07-10 01:14:01.665615+00	Queen Amidala by daekazu	654	t	0
301	images/darth maul/Dart_Mol_by_kpetchock.jpg	50	2021-07-09 06:17:16.207785+00	Darth Maull by kpetchock	846	t	0
299	images/qui-gon jinn/Kui_Gon__by_Jerry_Vanderstelt.jpg	42	2021-07-08 01:56:57.962671+00	Qui-Gon by Jerry Vanderstelt	607	t	0
275	images/others/Star_Wars_Spaceship_Science_Fiction_Android_Wallpaper.jpg	31	2021-07-03 10:41:46.937621+00	Millennium Falcon	401	t	0
164	images/ahsoka tano/molly-warner-ahsoka-clone-wars-renewal-final-preview.jpg	40	2021-04-06 02:12:59.11306+00	Ahsoka Tano by Molly Warner	1141	t	0
295	images/luke skywalker/wp5179985-star-wars-phone-anime-wallpapers.jpg	38	2021-07-04 13:58:47.530609+00	Luke Skywalker anime style	1410	t	0
273	images/others/star_wars_episode_vii_the_force.jpg	31	2021-07-03 10:33:20.86593+00	Millennium Falcon	349	t	0
278	images/others/WallpapersGram_-_BB-8.jpg	31	2021-07-03 10:48:57.724613+00	BB8	472	t	0
184	images/obi-wan kenobi/GENERAL_kenobi.jpg	34	2021-04-06 02:50:00.611945+00	GENERAL Kenobi	920	t	0
231	images/others/Nightsister_Merrin_by_Ron-faure_on_DeviantArt.png	31	2021-04-20 12:52:48.456992+00	Nightsister Merrin by Ron-faure on DeviantArt	635	t	0
287	images/others/WallpapersGram_-_Star_Wars_IX_1.jpg	31	2021-07-03 11:17:06.753075+00	Rise of Skywalker	980	t	0
288	images/others/WallpapersGram_-_Star_Wars_IX_variant.jpg	31	2021-07-03 11:18:47.32051+00	X-Wing wallpaper	755	t	0
272	images/others/Trooper_promo.jpg	31	2021-07-03 04:39:19.657537+00	Trooper promo	503	t	0
266	images/luke skywalker/Anakin_or_luke.jpg	38	2021-07-02 04:40:54.201404+00	Anakin or Luke	979	t	0
258	images/others/shturmovik.jpg	31	2021-06-27 05:07:10.080396+00	Shturmovik	1258	t	0
298	images/han solo/tumblr_n72ygwLbv51qa4gi0o1_1280.jpg	41	2021-07-06 10:25:18.049633+00	Han Solo	613	t	0
261	images/rey/The_Light_by_sheepinclouds.jpg	32	2021-06-29 03:50:52.301349+00	The Light by sheepinclouds	749	t	0
300	images/others/Troopers_on_the_task.jpg	31	2021-07-08 01:58:11.81007+00	Troopers on the task	764	t	0
265	images/obi-wan kenobi/Alternate_Star_Wars_by_Michael_Matsumoto.jpg	34	2021-07-01 04:39:33.566079+00	Alternate Star Wars by Michael_Matsumoto	648	t	0
259	images/others/Battle_For_Freedom_by_Yelisey_Lobanov.jpg	31	2021-06-27 16:33:29.63956+00	Battle for freedom by Yelisey Lobanov	476	t	0
285	images/others/WallpapersGram_-_Star_Wars_IX.jpg	31	2021-07-03 11:09:30.147517+00	Rise of Skywalker	2818	t	0
269	images/yoda/Yoda_by_Liam_Brazier.jpg	37	2021-07-02 14:39:36.406969+00	Yoda by Liam Brazier	583	t	0
286	images/din djarin/WallpapersGram_-_The_Mandalorian_1.jpg	45	2021-07-03 11:13:42.644119+00	the Mandalorian art	809	t	0
100	images/qui-gon jinn/angel-mavare-quigonjinnfinal.jpg	42	2021-04-06 01:21:31.285374+00	ArtStation - Qui-Gon Jinn | Star Wars Fanart , Angel Mavare	445	t	0
297	images/others/wp5004261-phone-star-wars-wallpapers.jpg	31	2021-07-04 14:03:46.013505+00	millennium falcon wallpaper	456	t	0
263	images/others/Morning_power_with_you.jpg	31	2021-06-30 12:36:34.725023+00	Morning power with you :)	434	t	0
289	images/others/WallpapersGram_-_The_Last_Jedi_1.jpg	31	2021-07-03 11:21:36.203658+00	The Last Jedi training	817	t	0
35	images/kylo ren/Kylo_Ren_mask.jpg	60	2021-04-05 08:24:45.303906+00	Kylo Ren mask	804	t	0
292	images/others/star-wars-retro-collage-wall-mural-wallpaper-32250-1-p.jpg	31	2021-07-04 13:48:12.418466+00	SW retro	2163	t	0
280	images/darth vader/WallpapersGram_-_Darth_Vader.jpg	33	2021-07-03 10:55:55.097434+00	Darth Vader illustration	946	t	0
271	images/others/X_wing_parallels.jpg	31	2021-07-03 04:38:33.072334+00	X-wing parallels	425	t	0
279	images/others/WallpapersGram_-_The_Last_Jedi.jpg	31	2021-07-03 10:54:03.190665+00	Supreme Leader Snoke illustration	591	t	0
329	images/boba fett/boba-fett.jpg	54	2021-07-20 01:50:33.924181+00	SW artstation Boba Fett science fiction HD wallpaper	1036	t	0
334	images/others/cifangyi-cgi-star-wars-women-jedi-hd-wallpaper-preview.jpg	31	2021-07-21 06:19:03.566442+00	Cifangyi cgi women jedi hd wallpaper	2013	t	0
344	images/others/digital-art-portrait-display-rocket-spaceship-wallpaper-preview.jpg	31	2021-07-24 05:14:21.562325+00	digital-art-portrait-rocket-spaceship-wallpaper-preview	564	t	0
318	images/others/3d-view-star-wars-cgi-darth-talon-1600x2369.jpg	31	2021-07-16 05:20:07.294577+00	Darth Talon space stars hd-art-wallpaper	847	t	0
340	images/others/darren-tan-asajj-ventress-women-sith-star-wars-hd-wallpaper-preview.jpg	31	2021-07-23 12:09:59.112033+00	Darren Tan Asajj Ventress women sith	1161	t	0
306	images/others/Captain_Rex_by_Robert_Shane.jpg	31	2021-07-12 06:41:52.918311+00	Captain Rex by Robert Shane	1242	t	0
338	images/darth vader/star-wars-sith-darth-vader-science-fiction-artwork-hd-wallpaper-preview.jpg	33	2021-07-23 12:08:02.980954+00	Darth Vader science-fiction artwork	1600	t	0
313	images/mara jade/Mara_Jade_by_AnthonyFoti.jpg	58	2021-07-14 08:38:07.711244+00	Mara Jade by Anthony Foti	755	t	0
319	images/boba fett/vertical-dark-batman-yoda-mandalorian-yoda-hd-wallpaper-preview.jpg	54	2021-07-16 05:22:21.75248+00	Boba Fett with Grogu	1124	t	0
321	images/others/maksim-strelkov.jpg	31	2021-07-17 06:20:03.353156+00	Maksim Strelkov comic art	701	t	0
331	images/boba fett/boba-fett_2.jpg	54	2021-07-20 01:52:30.562457+00	SW Boba Fett	847	t	0
317	images/darth vader/star-wars-darth-vader-typography-typographic-portrait-1280x1594.jpg	33	2021-07-16 05:18:21.442521+00	SW Darth Vader typographic portrait	1295	t	0
326	images/others/5k-bb-8-star-wars-the-last-jedi-wallpaper-preview.jpg	31	2021-07-19 05:20:12.469568+00	bb-8 SW the last jedi wallpaper	599	t	0
294	images/others/wp5179910-star-wars-phone-anime-wallpapers.jpg	31	2021-07-04 13:57:11.09349+00	SW cartoon poster art	517	t	0
310	images/boba fett/Bobba_Fire.jpg	54	2021-07-13 10:10:20.276987+00	Boba on fire	872	t	0
320	images/revan/darth_revan.jpg	43	2021-07-17 06:18:36.500902+00	Darth Revan and Darth Malak	1270	t	0
211	images/others/mizuri-official-fallenordersaberkylo.jpg	31	2021-04-10 10:37:42.565133+00	Kylo's lightsaber in Fallen Order style by Mizuri	1498	t	0
322	images/others/science-fiction-digital-art-futuristic-city-wallpaper-preview.jpg	31	2021-07-17 06:21:05.839826+00	Science fiction digital art futuristic city	543	t	0
316	images/others/fantasy-art-magic-star-wars-wallpaper-preview.jpg	31	2021-07-15 05:18:28.388365+00	Fantasy art magic SW wallpaper	731	t	0
324	images/rey/artwork-digital-art-star-wars-rey-wallpaper-preview.jpg	32	2021-07-18 04:26:49.134686+00	Artwork Rey Wallpaper	823	t	0
337	images/kylo ren/artstation-star-wars-toys-lego-hd-wallpaper-preview.jpg	60	2021-07-22 01:18:38.582796+00	artstation toys lego	1231	t	0
315	images/others/amoled-dark-star-wars-vertical-hd-wallpaper-preview.jpg	31	2021-07-15 05:17:19.498288+00	Amoled dark SW vertical HD wallpaper	3112	t	0
342	images/kylo ren/action-adventure-disney-fi-wallpaper-preview.jpg	60	2021-07-24 05:12:13.340863+00	action-adventure-fi-wallpaper-preview	1241	t	0
307	images/others/Aayla_Secura_by_natebaertsch.jpg	31	2021-07-12 06:42:36.645748+00	Aayla Secura by natebaertsch	705	t	0
347	images/boba fett/artwork-science-fiction-bounty-hunter-sarlacc-hd-wallpaper-preview.jpg	54	2021-07-25 05:53:47.467862+00	artwork-science-fiction-bounty-hunter-sarlacc-hd-wallpaper-preview	1082	t	0
328	images/others/star-wars-movies-falcon-spaceships-millenium-falcon.jpg	31	2021-07-19 05:22:57.887467+00	Millenium falcon HD art wallpaper	718	t	0
330	images/darth vader/darth-vader.jpg	33	2021-07-20 01:51:33.159281+00	Maksim Strelkov comic art Darth Vader lightsaber	1173	t	0
333	images/chewbacca/star-wars-chewbacca-wookiee-video-games-star-wars-hd-art-wallpaper-preview.jpg	48	2021-07-21 06:18:11.757029+00	Chewbacca Wookiee video games hd-art-wallpaper-preview	844	t	0
290	images/din djarin/WallpapersGram_-_The_Mandalorian.png	45	2021-07-03 11:23:39.627847+00	mando and baby yoda	1402	t	0
311	images/rey/starwars_VII_the_Force_Awakens_4.jpg	32	2021-07-13 10:11:07.152103+00	Rey the Force Awakens VII	1238	t	0
210	images/others/mizuri-official-fallenordersabergold.jpg	31	2021-04-10 10:37:22.852243+00	Rey's lightsaber in Fallen Order style by Mizuri	1216	t	0
323	images/yoda/star-wars-yoda-linux-foss-wallpaper-preview.jpg	37	2021-07-18 04:25:54.67287+00	May the Foss be with you	820	t	0
336	images/others/star-wars-jedi-3264x5250-video-games-star-wars-hd-art-wallpaper-preview.jpg	31	2021-07-22 01:17:53.431002+00	Shaak Ti	1577	t	0
312	images/mara jade/Mara_Jade_Cosplay.jpg	58	2021-07-14 08:37:35.925062+00	Mara Jade cosplay	972	t	0
308	images/kylo ren/starwars_VII_the_Force_Awakens_12.jpg	60	2021-07-13 10:09:05.162938+00	Kylo on the throne	1587	t	0
335	images/others/star-wars-b-wing-spaceship-portrait-display-artwork-hd-wallpaper-preview.jpg	31	2021-07-22 01:16:55.537107+00	B-Wing spaceship artwork	688	t	0
309	images/kylo ren/starwars4.jpg	60	2021-07-13 10:09:42.881298+00	Kylo's lightsaber	909	t	0
314	images/others/spaceship-4k-solo-a-star-wars-story-millennium-falcon-wallpaper-preview.jpg	31	2021-07-14 08:57:00.208929+00	Millennium Falcon	761	t	0
192	images/obi-wan kenobi/Satine-And-Obi-Wan-Kenobi-by-Ashlee-Casey.png	34	2021-04-06 02:52:22.461539+00	Satine and Obi-Wan Kenobi by Ashlee Casey	1259	t	0
348	images/darth vader/acdtion-adventure-disney-fi-wallpaper-preview.jpg	33	2021-07-26 02:24:47.8824+00	acdtion-adventure-fi-wallpaper-preview	1103	t	0
327	images/others/star-wars-illustration-fan-art-trooper-wallpaper-preview.jpg	31	2021-07-19 05:21:03.791734+00	SW illustration fan art trooper wallpaper	621	t	0
339	images/others/male-model-male-model-portrait.jpg	31	2021-07-23 12:08:54.321495+00	Cosplay	683	t	0
332	images/others/star-wars-at-at-portrait-display-simple-background-hd-wallpaper-preview.jpg	31	2021-07-21 06:17:01.362763+00	AT-AT background	708	t	0
350	images/others/united-states-lake-buena-vista-star-wars-machine.jpg	31	2021-07-26 02:26:10.390635+00	united-states-lake-buena-vista-machine	652	t	0
345	images/others/denis-murin-women-hairbun-looking-at-viewer-robes-hd-wallpaper-preview.jpg	31	2021-07-25 05:52:06.993551+00	denis-murin-women-hairbun-looking-at-viewer-robes-hd-wallpaper-preview	783	t	0
343	images/darth maul/darth-maul-star-wars-wallpaper-preview.jpg	50	2021-07-24 05:12:48.65127+00	darth-maul-sw-wallpaper-preview	1714	t	0
370	images/rey/rey___youtube__by_rossdraws_db85767.jpg	32	2021-08-02 11:08:01.598+00	Rey : YouTube! by rossdraws	1492	t	0
361	images/others/star-wars-animated-sword-8e655i6np8z9qqb5.jpg	31	2021-07-30 05:08:19.977052+00	Blue lightsaber	1149	t	0
371	images/others/tie-fighter.jpg	31	2021-08-03 05:05:16.68391+00	Tie-Fighter cool art	850	t	0
349	images/darth vader/acdtion-adventure-disney-fi-wallpaper-preview_1.jpg	33	2021-07-26 02:25:20.35225+00	acdtion-adventure-fi-wallpaper-preview	1500	t	0
393	images/others/star_wars_yin_yang_cellphone_wallpaper_by_swmand4_d7m8r64.jpg	31	2021-08-08 11:28:04.815165+00	SW Yin Yang Wallpaper by swmand4	484	t	0
397	images/others/star_wars_the_old_republic_cellphone_wallpaper_by_swmand4_d7lgca4.jpg	31	2021-08-08 11:36:02.660781+00	The Old Republic Wallpaper by swmand4	485	t	0
399	images/others/galactic_republic_symbol_cellular_wallpaper_by_swmand4_d7lgaqv.jpg	31	2021-08-08 11:39:43.666377+00	Galactic Republic Symbol Wallpaper by swmand4	638	t	0
386	images/kylo ren/kylo_ren___fanart_by_saint_max_d9lmom7.jpg	60	2021-08-07 13:06:02.240771+00	Kylo Ren - Fanart	1233	t	0
365	images/others/wp5190204-star-wars-mobile-wallpapers.jpg	31	2021-07-31 07:44:33.268046+00	Stormtrooper's helmet	711	t	0
391	images/others/separatist_logo_cellphone_wallpaper_by_swmand4_d9hwubw.jpg	31	2021-08-08 11:21:30.075438+00	Separatist Logo Wallpaper by swmand4	489	t	0
366	images/others/wp4068456-star-wars-mobile-wallpapers.jpg	31	2021-08-01 01:09:03.774305+00	Abstract SW Wallpapers	703	t	0
389	images/others/commander_cody_by_lordhayabusa357_dembgw6-fullview.jpg	31	2021-08-08 07:58:47.328273+00	Commander Cody by lordhayabusa357	1449	t	0
369	images/others/sw-helmet-art.jpg	31	2021-08-02 10:20:29.43278+00	SW helmet art	676	t	0
387	images/others/the_finest_of_the_501st_by_erik_m1999_dcn3edt.jpg	31	2021-08-07 13:14:28.808003+00	The finest of the 501st by Erik-M1999	1926	t	0
356	images/others/wp5004285-star-wars-mobile-wallpapers.png	31	2021-07-28 01:05:19.261804+00	X-Wing Fighter	672	t	0
355	images/others/wp5095891-star-wars-mobile-wallpapers.jpg	61	2021-07-28 01:03:21.735639+00	Captain Phasma	576	t	0
372	images/others/science-fiction-stormtrooper.jpg	31	2021-08-03 05:05:48.480532+00	Stormtrooper science-fiction	1969	t	0
377	images/thrawn/d5vnsaj-a4d2f831-833c-4390-8209-633dd2916b34.png	47	2021-08-05 18:29:09.732589+00	Handsome Thrawn drawing	878	t	0
352	images/others/action-adventure-disney-fi-wallpaper-preview.jpg	31	2021-07-27 04:35:08.854051+00	action-adventure-fi-wallpaper-preview	564	t	0
394	images/others/new_republic_cellphone_wallpaper_by_swmand4_d7m8qiw.jpg	31	2021-08-08 11:30:10.915289+00	New Republic Cellphone Wallpaper by swmand4	445	t	0
390	images/others/star_wars_sith_empire_symbol_cellphone_wallpaper_by_swmand4_d7lgbpr.jpg	31	2021-08-08 11:16:54.305594+00	Sith Empire Symbol Wallpaper by swmand4	534	t	0
375	images/jango fett/i_m_just_a_simple_man____by_grim1978_dd0s2s7-fullview.jpg	53	2021-08-05 04:19:37.28751+00	I am just a simple man by grim1978	726	t	0
401	images/others/mandalorian_skull_cellphone_wallpaper_by_swmand4_d7lg8zx.jpg	31	2021-08-08 11:43:27.688666+00	Mandalorian Skull Wallpaper by swmand4	804	t	0
359	images/others/wp5095841-star-wars-mobile-wallpapers.jpg	31	2021-07-29 02:31:27.778235+00	First Order stormtroopers	922	t	0
378	images/mace windu/de36tuf-d088fe85-b8b9-4939-b957-45d2535d99e2.jpg	49	2021-08-06 05:20:51.61363+00	Mace Windu drawing	901	t	0
363	images/others/wp5190205-star-wars-mobile-wallpapers.jpg	31	2021-07-30 05:10:06.182951+00	Millennium Falcon Art	578	t	0
374	images/ahsoka tano/dej0a1y-3229214c-02eb-43b7-ae66-e1a2b55a9b17.png	40	2021-08-04 04:34:06.250694+00	Cute Ahsoka's art	1835	t	0
364	images/kylo ren/wp4993776-star-wars-mobile-wallpapers.jpg	60	2021-07-31 07:43:57.179834+00	Let the past die. Kill it, if you have to.	1130	t	0
362	images/others/joseph-barrientos-tT6hv8y4Iz8-unsplash.jpg	31	2021-07-30 05:08:58.862123+00	Stormtrooper helmet	770	t	0
385	images/rey/rey_skywalker_by_luminyu_ddmqmbi.jpg	32	2021-08-07 12:57:20.939182+00	Rey Skywalker by LumiNyu	4727	t	0
358	images/others/wp5190290-star-wars-mobile-wallpapers.jpg	31	2021-07-29 02:30:17.902455+00	Imperial Logo	539	t	0
396	images/others/jedi_rebel_cellphone_wallpaper_by_swmand4_d7m8pme.jpg	31	2021-08-08 11:33:41.327537+00	Jedi Rebel Wallpaper by swmand4	520	t	0
383	images/rey/rey_by_luminyu_ddmqm39.jpg	32	2021-08-07 12:54:35.699825+00	Rey by LumiNyu	3688	t	0
354	images/others/star-wars-stormtroopers-video-games-star-wars-hd-art-wallpaper-preview.jpg	31	2021-07-27 04:36:55.887455+00	sw-stormtroopers-video-games	820	t	0
360	images/darth vader/adventure-cyborg-darth-disney-wallpaper-preview.jpg	33	2021-07-29 02:32:13.866941+00	Darth Vader keep calm and use the force	1881	t	0
398	images/others/star_wars_old_republic_symbol_cellphone_wallpaper_by_swmand4_d7lgb7e.jpg	31	2021-08-08 11:38:12.66485+00	Old Republic Symbol Wallpaper by swmand4	558	t	0
382	images/others/captain_gregor_by_lordhayabusa357_dej3juw-fullview.jpg	31	2021-08-07 06:03:42.334713+00	Captain Gregor by lordhayabusa357	2410	t	0
381	images/others/commander_wolffe_by_lordhayabusa357_dej1dhq-fullview.jpg	31	2021-08-07 06:02:42.69637+00	Commander Wolffe by lordhayabusa357	2135	t	0
368	images/others/sw-video-game-art.jpg	31	2021-08-02 10:20:07.001824+00	SW Video Game Art	1023	t	0
351	images/others/lightsabers-jedi-artwork.jpg	31	2021-07-26 02:27:16.703123+00	women-lightsabers-jedi-artwork	1718	t	0
373	images/ahsoka tano/ahsoka_by_ttmarvintt_de21vqw-fullview.jpg	40	2021-08-04 04:33:02.088674+00	Ahsoka by ttmarvintt de21vqw	1225	t	0
353	images/kylo ren/action-adventure-disney-fi-wallpaper-preview_1.jpg	60	2021-07-27 04:36:02.422607+00	Kylo Ren with stormtroopers	1573	t	0
357	images/others/wp5190291-star-wars-mobile-wallpapers.jpg	31	2021-07-28 01:06:08.052068+00	Jedi Order Symbol	702	t	0
384	images/rey/rey_palpatine_by_luminyu_ddmqmfm.jpg	32	2021-08-07 12:55:57.182544+00	Rey Palpatine by LumiNyu	4932	t	0
395	images/others/new_jedi_order_cellphone_wallpaper_by_swmand4_d7m8q30.jpg	31	2021-08-08 11:32:04.584479+00	New Jedi Order Wallpaper by swmand4	474	t	0
380	images/others/captain_rex_by_lordhayabusa357_delyjr0-fullview.jpg	31	2021-08-07 06:01:55.212213+00	Captain Rex by lordhayabusa357	2606	t	0
367	images/others/wp4068462-star-wars-mobile-wallpapers.png	31	2021-08-01 01:09:29.12045+00	Abstract SW Wallpapers	740	t	0
400	images/others/jedi_order_symbol_cellphone_wallpaper_by_swmand4_d7lg9vp.jpg	31	2021-08-08 11:41:33.149899+00	Jedi Order Symbol Wallpaper by swmand4	641	t	0
392	images/others/star_wars_winged_lightsaber_cellphone_wallpaper_by_swmand4_d7m8roa.jpg	31	2021-08-08 11:23:22.445062+00	Winged Lightsaber Wallpaper by swmand4	492	t	0
449	images/captain phasma/captain_phasma_wallpaper_by_spirit__of_adventure_dac646c.png	61	2021-08-28 07:35:49.719638+00	Captain Phasma Wallpaper	789	t	0
434	images/others/neworder-red-portrait.jpg	31	2021-08-22 07:38:44.787098+00	neworder red wallpaper by gaspariperez	616	t	0
426	images/others/star_wars_the_bad_batch__2021__custom_3682x5454_by_hollywoodnewsindia_degwlvj_1.jpeg	31	2021-08-15 17:59:43.123448+00	SW the Bad Batch poster	1475	t	0
403	images/others/rebel_insignia_symbol_cellphone_wallpaper_by_swmand4_d7lg5z3.jpg	31	2021-08-08 11:46:26.734491+00	Rebel Insignia/Symbol Wallpaper by swmand4	681	t	0
420	images/darth maul/darth_maul_by_jimbobox_d5nzdbc.jpg	50	2021-08-15 05:13:43.252518+00	Darth Maul by jimbobox	1145	t	0
435	images/others/sith-red-portrait.jpg	31	2021-08-22 07:40:42.251878+00	sith red wallpaper by gaspariperez	621	t	0
438	images/r2-d2 and c-3po/8fqasyshsg041.png	36	2021-08-22 07:58:54.95429+00	r2-d2 black wallpaper	779	t	0
404	images/others/imperial_cog_insignia_symbol_cellphone_wallpaper_by_swmand4_d7lg4rp.jpg	31	2021-08-08 11:47:39.778264+00	Imperial Cog/Insignia/Symbol Wallpaper by swmand4	734	t	0
429	images/mara jade/mara_jade_skywalker___2016_by_mistermat05_danh85p-fullview.jpg	58	2021-08-18 08:47:05.139471+00	Mara Jade by mistermat05	795	t	0
425	images/others/bad_batch_by_erickgc_deoo42n_1.jpeg	31	2021-08-15 17:20:50.366294+00	Bad Batch by ErickGC	1062	t	0
407	images/general grievous/d5sucjw-0090cf9f-4182-446a-8242-f91de23e4f8f.png	59	2021-08-09 18:33:21.553029+00	Dark General	959	t	0
445	images/kylo ren/cameron-venti-F-FISb7mbTg-unsplash.jpg	60	2021-08-27 09:13:15.762649+00	cameron-venti-F-FISb7mbTg-unsplash	2042	t	0
446	images/captain phasma/captain_phasma_by_willmangin_daw02v6.jpg	61	2021-08-28 07:09:26.958794+00	captain phasma by willmangin	640	t	0
442	images/padme amidala/d4dboz8-2f2fcba7-8dc4-4391-b28b-7130f7397f55.jpg	57	2021-08-24 04:02:35.532206+00	Cute Padme's drawing	635	t	0
497	images/grogu/baby_yoda_by_snowboardleopard_ddl4q6c-fullview.jpg	46	2021-09-26 06:21:04.100539+00	Baby Yoda by Snowboardleopard	828	t	0
422	images/others/galacticempire-red-portrait.jpg	31	2021-08-15 16:56:03.622695+00	galactic empire red wallpaper by gaspariperez	627	t	0
448	images/captain phasma/captain_phasma_by_karolding_d9m1c0d.jpg	61	2021-08-28 07:34:30.922536+00	Captain Phasma by KaRolding	661	t	0
430	images/others/mizuri-official-fallenorder.jpg	31	2021-08-19 09:45:35.039039+00	mizuri-official-fallenorder	681	t	0
414	images/darth vader/vader_sith_concept_by_sancient_dday76d.jpg	33	2021-08-11 15:35:00.32895+00	Vader Sith concept by sancient	1895	t	0
411	images/others/gotcha__by_grivetart_dbx7ths.jpg	31	2021-08-09 21:05:33.070951+00	Gotcha! by Grivetart	621	t	0
432	images/thrawn/thrawn_by_dereklaufman_db7zcbz.png	47	2021-08-21 05:15:30.304983+00	Thrawn by dereklaufman	472	t	0
464	images/revan/d8npnph-2be5146b-e9d5-4a79-941a-2972bf89517b.jpg	43	2021-09-06 08:50:31.519895+00	Darth Revan with Darth Nihilus	1319	t	0
419	images/others/wp5190207-star-wars-mobile-wallpapers.jpg	31	2021-08-14 05:56:49.893212+00	Walking stormtroopers	682	t	0
423	images/others/jedi-blue-portrait.jpg	31	2021-08-15 17:00:17.42506+00	jedi blue wallpaper by gaspariperez	660	t	0
379	images/others/the_force_is_strong_with_this_one_by_la_esmeralda_d9ks18v.jpg	31	2021-08-06 05:21:53.170915+00	The force is strong with this one by la esmeralda]	1819	t	0
439	images/others/star_wars_rebels_sabine_wren_by_jonathanpiccini_jp_dc6zx24.jpg	31	2021-08-22 15:05:03.279165+00	Rebels Sabine Wren by JonathanPiccini-JP	795	t	0
450	images/darth maul/darth_maul_by_wizyakuza_d7x04c4-fullview.jpg	50	2021-08-29 08:12:03.382378+00	Darth Maul by wizyakuza	1708	t	0
410	images/others/star_wars_the_force_awakens_by_art_calavera_d88sii0.png	31	2021-08-09 20:55:48.198228+00	SW the force awakens by Art-Calavera	983	t	0
428	images/others/stormtrooper-plastic-action-figure.jpg	31	2021-08-17 11:06:26.251528+00	Stormtrooper plastic action figure	536	t	0
431	images/general grievous/d4kxjhv-69af8e5f-ee5f-4c39-96d7-17c6da54c75d.jpg	59	2021-08-20 08:46:01.591645+00	General Grievous wallpaper	880	t	0
444	images/jango fett/jango_fett_by_joejusko_d1rcxyh-fullview.jpg	53	2021-08-26 11:02:39.269486+00	Jango Fett by joejusko	656	t	0
441	images/ahsoka tano/ahsoka_tano_by_beverii_db5o0gl-fullview.jpg	40	2021-08-23 15:05:46.52934+00	Ahsoka Tano by beverii	1495	t	0
436	images/others/retro-star-wars-minimal-wallpaper-3443121628183846.jpg	31	2021-08-22 07:52:58.986363+00	Nite Owls retro wallpaper	738	t	0
388	images/ahsoka tano/ddznctp-5b5aae35-d42b-4308-89a4-de3bbed0465f.jpg	40	2021-08-08 07:57:59.770464+00	Ahsoka's cute art	3237	t	0
421	images/others/galacticempire-grey-portrait.jpg	31	2021-08-15 16:55:12.468502+00	galactic empire wallpaper by gaspariperez	532	t	0
447	images/captain phasma/captain_phasma_by_leonwoon_d9khc8q.jpg	61	2021-08-28 07:16:26.467327+00	Captain Phasma by leonwoon	736	t	0
415	images/others/jyn_erso_by_sadhira_d9ybplp.png	31	2021-08-11 15:39:16.78089+00	Jyn Erso by Sadhira	582	t	0
408	images/others/d9vbkrb-126d26ac-6a7d-45bf-bfa5-1340b33ecb86.jpg	31	2021-08-09 18:34:11.127432+00	Kylo with stormtroopers	1150	t	0
427	images/darth vader/wp5076216-star-wars-mobile-wallpapers.jpg	33	2021-08-16 19:04:14.386229+00	Smoking Darth Vader :)	1092	t	0
437	images/rey/cool-star-wars-rey-hd-movies-wallpaper-8277831597556829.jpg	32	2021-08-22 07:53:51.208359+00	rey cool art	928	t	0
440	images/others/star_wars_mandalorian_by_jonathanpiccini_jp_ddkx5en.jpg	31	2021-08-22 15:07:19.509852+00	Mandalorian art by JonathanPiccini-JP	955	t	0
412	images/others/patrol_trooper_by_ppunja_deomee0.png	31	2021-08-11 15:19:22.995865+00	Patrol trooper by ppunja	593	t	0
433	images/others/jedi-blue-text1-portrait.jpg	31	2021-08-22 07:36:02.631854+00	jedi blue text wallpaper by gaspariperez	702	t	0
417	images/padme amidala/padme__wedding_gown_by_jasonpal_dwr2ns-fullview.jpg	57	2021-08-13 05:33:51.410461+00	Cute Padme's drawing	686	t	0
406	images/boba fett/dascenh-f8862709-e480-49b5-8453-99726ff4d7c8.jpg	54	2021-08-08 19:31:41.551305+00	Nice Boba's art	887	t	0
443	images/others/star-wars-darth-vader-helm-space.jpg	31	2021-08-25 05:55:44.620235+00	SW helmet	674	t	0
424	images/others/jedi-grey-portrait.jpg	31	2021-08-15 17:01:51.244968+00	jedi grey wallpaper by gaspariperez	650	t	0
405	images/kylo ren/kylo_ren_by_laura_ferreira_d9chpfs-fullview.jpg	60	2021-08-08 19:30:43.492652+00	Kylo by laura ferreira	1555	t	0
413	images/others/dead_stormtrooper_by_dystopians_deojpse-fullview.jpg	31	2021-08-11 15:25:02.18748+00	Dead Stormtrooper by Dystopians	505	t	0
456	images/padme amidala/padme_amidala_by_laura_ferreira_d8xind3.jpg	57	2021-09-01 05:16:23.831288+00	Padme Amidala by laura ferreira	658	t	0
483	images/anakin skywalker/dajnnjn-bb7f0777-a6f5-4ac0-a35c-c1682e9c9582.png	35	2021-09-19 07:25:26.137565+00	Help me, Master by Aquila--Audax	1571	t	0
470	images/others/star_wars_universe__wallpaper___jason_palmer_by_spirit__of_adventure_dcmey63.png	31	2021-09-10 16:08:57.724897+00	SW Universe Wallpaper - Jason Palmer	1787	t	0
481	images/others/this_is_the_way_by_dreamgate_gad_ddkybx2-fullview.jpg	31	2021-09-17 06:34:03.6439+00	Mandalorian and baby Yoda	986	t	0
490	images/others/star_wars_visions__the_duel_by_deemonhunter360_derkli3.jpg	31	2021-09-24 19:08:01.653707+00	SW Visions, the Duel by deemonHunter360	832	t	0
488	images/jango fett/jango_fett_by_darkedny_d8a7w8a-fullview.jpg	53	2021-09-23 04:09:56.900101+00	Jango Fett by darkedny	800	t	0
492	images/others/sith_assassin_by_peter_ortiz_d37amar.jpg	31	2021-09-24 19:33:05.334032+00	Sith Assassin by Peter-Ortiz	903	t	0
493	images/others/darth_satus_by_peter_ortiz_d1om7bt.jpg	31	2021-09-24 19:35:42.984782+00	Darth Satus	1461	t	0
477	images/captain phasma/captain_phasma_and_bb8_by_elias_chatzoudis_d9ljt9z-fullview.jpg	61	2021-09-14 12:54:29.844994+00	Captain Phasma and BB-8	1472	t	0
458	images/boba fett/star_wars___the_mandalorian___boba_fett_by_wolverine103197_dehvyy3.jpg	54	2021-09-02 18:16:42.370578+00	Boba Fett by tomatosoup13	1132	t	0
462	images/din djarin/mando__the_hunter_becomes_the_prey_by_clvrdn_de8lz4h-fullview.jpg	45	2021-09-04 05:25:19.609796+00	Mando: The Hunter Becomes The Prey by CLVRDN	1127	t	0
478	images/rey/rey_vs_ren_by_natebaertsch_d9n7ru3.jpg	32	2021-09-15 09:07:39.915961+00	Rey vs Kylo Ren	1064	t	0
484	images/anakin skywalker/degrfae-d9b2916a-4c61-4b43-90cf-0b2a7f22127b.jpg	35	2021-09-19 07:35:53.425345+00	The High Ground by PhaseRunner	1489	t	0
453	images/chewbacca/d1851tw-5f782bf0-eb38-460f-97f5-15b421015623_digital_art_x4.jpg	48	2021-08-29 18:03:37.963588+00	Chewbacca by mutleyjames	643	t	0
471	images/grogu/grogu_by_aramisfraino_de9qxyj.jpg	46	2021-09-10 16:13:33.753441+00	Grogu by AramisFraino	1361	t	0
476	images/boba fett/boba_fett_by_felipemassafera_d2nq0ce-fullview.jpg	54	2021-09-13 16:47:11.983243+00	Boba Fett by felipemassafera	855	t	0
498	images/others/protector_by_skira_reed_daj6u68.jpg	31	2021-09-26 06:24:27.891513+00	Protector by Bernhard Garbers	698	t	0
474	images/others/wp4068486-star-wars-phone-wallpapers.jpg	31	2021-09-11 07:28:16.937883+00	Galactic Empire Wallpaper	1032	t	0
472	images/luke skywalker/luke_skywalker_return_of_jedi_by_aramisfraino_dearfpl.jpg	38	2021-09-10 16:16:19.256979+00	Luke Skywalker Return Of Jedi by AramisFraino	1118	t	0
459	images/others/the_mandalorian___cara_dune___gina_carano___3_by_wolverine103197_deczqfh.jpg	31	2021-09-02 18:20:17.079986+00	Cara Dune by tomatosoup13	855	t	0
455	images/general grievous/general_grievous_commission_by_judegallagher28_dbklvp1-fullview.jpg	59	2021-08-31 05:50:40.327472+00	General Grievous commission by judegallagher28	901	t	0
457	images/revan/darth_revan_by_darthponda_d8fwel1.jpg	43	2021-09-02 03:58:28.712291+00	Darth Revan by darthponda	1569	t	0
479	images/rey/reylo___kill_it_if_you_have_to_by_eddieholly_dbydmyo-fullview.jpg	32	2021-09-15 09:08:06.295223+00	Rey vs Kylo Ren	1763	t	0
473	images/others/613c57e324513.jpg	31	2021-09-11 07:19:42.622423+00	Mandalorian vs Darth Vader	1077	t	0
454	images/ahsoka tano/ahsoka_tano_by_kidzikun_ddwjoqg-fullview.jpg	40	2021-08-30 07:52:31.150695+00	Ahsoka Tano by kidzikun	1046	t	0
465	images/mara jade/mara_jade_skywalker_by_mistermat05_deojyk7-fullview.jpg	58	2021-09-07 06:04:07.565716+00	Mara Jade skywalker by mistermat05	1090	t	0
480	images/yoda/yoda_by_photoshopismykung_fu_d4l4vpv.jpg	37	2021-09-16 06:56:33.529671+00	Yoda by photoshopismykung	891	t	0
599	images/darth vader/130069.jpg	33	2021-11-15 19:01:01.581709+00	Vader by Brent Minehan	1510	t	0
482	images/ahsoka tano/ahsoka_tano_by_wraithdt_dakukq0.jpg	40	2021-09-18 11:06:53.368691+00	Ahsoka Tano by wraithdt	1156	t	0
416	images/ahsoka tano/ahsoka_and_darth.jpg	40	2021-08-12 13:50:38.618282+00	Nice Ahsoka's Art	1228	t	0
466	images/darth maul/the_phantom_menace_by_varjopihlaja_db8qy01-fullview.jpg	50	2021-09-08 06:03:51.103386+00	The phantom menace by varjopihlaja	972	t	0
487	images/padme amidala/dw8ed7-3f12f9db-88d8-4012-b493-d955e1694eff.jpg	57	2021-09-22 04:39:06.627609+00	Cute Padme's drawing	575	t	0
495	images/others/on_the_trail_of_the_empire_by_memod_db4re4j.jpg	31	2021-09-24 19:50:33.102272+00	On The Trail Of The Empire by memod	687	t	0
111	images/revan/pablo-dominguez-2017-revan.jpg	43	2021-04-06 01:29:44.50097+00	Darth Revan by Pablo Dominguez	1075	t	0
494	images/others/samurai_imperial_guard_concept_by_cgfelker_d5q6brv.jpg	31	2021-09-24 19:38:50.209314+00	Samurai Imperial Guard Concept by cgfelker	1612	t	0
486	images/darth maul/darth_maul_by_serenna666_d5ut4pc-fullview.jpg	50	2021-09-21 05:01:46.923321+00	Darth Maul by serenna666	1064	t	0
452	images/boba fett/boba_fett___no_disintegrations_by_danluvisiart_d2yz3ss.jpg	54	2021-08-29 13:48:58.569186+00	BOBA FETT by DanLuVisiArt	1282	t	0
489	images/revan/revan_returns_by_ediskrad327_deqqgby.png	43	2021-09-24 04:33:45.082524+00	Revan returns by ediskrad327	1362	t	0
463	images/others/star_wars_by_garethwrightdesign_ddxntqo-min.jpg	31	2021-09-05 07:03:04.831815+00	Fallen Order fan art by garethwrightdesign	1133	t	0
112	images/revan/TieFighters__Rakata_Prime_.jpg	43	2021-04-06 01:30:14.754429+00	Revan and Malak on Rakata Prime	892	t	0
346	images/others/lightsabers-drawings-1024x1583-entertainment-movies-hd-art-wallpaper-preview.jpg	31	2021-07-25 05:53:00.536492+00	lightsabers-drawings-1024x1583-entertainment-movies-hd-art-wallpaper-preview	1075	t	0
460	images/princess leia/leia_skywalker__senatorial_aide_jedi_padawan_by_shoguneagle_dayledm_pQyyBe8.jpg	39	2021-09-02 21:04:15.13958+00	Leia skywalker senatorial aide jedi padawan by shoguneagle dayledm	850	t	0
461	images/palpatine/ddmaanw-1d576d71-eee1-46d0-9556-a535f88bafa9.jpg	44	2021-09-03 06:53:29.133701+00	Palpatine art by alexiela-art	1398	t	0
467	images/others/d8nuv3k-922de0c8-bdec-45d2-81e5-d6907c3b7c67.jpg	31	2021-09-09 08:46:24.836859+00	Tie Fighter and X-Wing	929	t	0
475	images/others/shaak_ti___that_noise____by_totemos_dav99xi.png	31	2021-09-12 10:14:28.35269+00	Shaak Ti cute wallpaper by totemos	966	t	0
451	images/others/star_wars_the_old_republic_by_masateru_d2s58m9.jpg	31	2021-08-29 13:46:58.353509+00	Satele Shan art by masateru	717	t	0
604	images/others/140615.jpg	31	2021-11-15 19:13:01.622429+00	Bo-Katan by Shane Molina	1010	t	0
524	images/princess leia/db7zq44-ff8b92d2-ab1b-4f7e-8289-217723f849d1.jpg	39	2021-10-13 06:53:53.988501+00	Princess Leia	673	t	0
485	images/others/star_wars_ghost_masks_by_workofaart_denhiyh-fullview.jpg	31	2021-09-20 05:10:18.265478+00	General Grievous and Darth Nihilus	1342	t	0
502	images/grogu/eva-kosmos-12.jpg	46	2021-09-26 06:36:10.581662+00	The Mandalorian study by EvaKosmos	720	t	0
531	images/others/a_new_hope_by_dereklaufman_db82uu3.png	31	2021-10-16 18:06:18.180986+00	A New hope by DerekLaufman	1021	t	0
508	images/others/jyn_sketch__by_rossdraws_das79e1.jpg	31	2021-09-27 15:50:25.816103+00	Jyn sketch by rossdraws	636	t	0
562	images/others/hunter_by_lordhayabusa357_dentxuf-fullview.jpg	31	2021-11-05 12:03:17.761399+00	Clone Commando Sergeant "Hunter"	768	t	0
514	images/others/bruce-yu-sith-experiment_1.jpg	31	2021-09-30 18:21:56.13403+00	Fanart Sith by Bruce Yu	1107	t	0
529	images/others/force_awakens_by_dereklaufman_d9ivmra.png	31	2021-10-16 17:42:59.369782+00	Force awakens by DerekLaufman	1023	t	0
547	images/others/control_the_force_by_steveargyle_d4etyqk.jpg	31	2021-10-23 15:22:32.178536+00	Control the force by steveargyle	657	t	0
512	images/others/ansel-hsiao-asd50.jpg	31	2021-09-28 17:08:23.62682+00	Allegiance-class Star Destroyer by Ansel Hsiao	887	t	0
506	images/others/jake-bartok-screen-shot-2021-02-02-at-9-37-52-am.jpg	31	2021-09-26 07:32:13.490417+00	Art by Jake Bartok	1121	t	0
542	images/others/twi_lek_by_maximpakulov_d6weimw.jpg	31	2021-10-21 08:29:06.500512+00	Twi Lek fan art	629	t	0
537	images/others/d8v7lsy-9ff56b79-e3d9-4bfc-af7d-5987bf27ab19.jpg	31	2021-10-18 18:12:00.179352+00	Random SW wallpaper	1076	t	0
500	images/din djarin/din_djarin_wallpaper___the_mandalorian_s02_by_spirit__of_adventure_de83iih.png	45	2021-09-26 06:29:58.106775+00	Din Djarin Wallpaper	980	t	0
544	images/others/kit_fisto_commission_by_phil_cho_de3m5rz.jpg	31	2021-10-22 19:18:10.370663+00	Kit Fisto commission by phil-cho	958	t	0
517	images/others/kevin-cassidy-00-darth-jarjar.jpg	31	2021-10-01 14:07:51.279411+00	Darth Jar Jar by Kevin Cassidy	1821	t	0
526	images/rey/rey_by_guweiz_d9lj1mb.jpg	32	2021-10-14 17:22:41.046641+00	Best Rey next to the original	797	t	0
504	images/din djarin/this_is_the_way___by_ganstyle_de89ngy.png	45	2021-09-26 06:44:25.053833+00	This is the way by Artrage6	1614	t	0
513	images/jango fett/d45rrwe-8a884a34-aa0c-42c5-b897-acb5a0b3f504.jpg	53	2021-09-30 09:10:12.204117+00	Jango Fett cool wallpaper	1053	t	0
546	images/others/rachi_sitra_by_steveargyle_d387gx8.jpg	31	2021-10-23 15:21:54.901638+00	Rachi Sitra by steveargyle	653	t	0
541	images/others/home_one_by_wraithdt_d8sysqw.jpg	31	2021-10-20 19:17:44.159965+00	Home One and some B-wings punching through Imperial battle lines.	669	t	0
520	images/revan/zhivko-enev-img-0096.jpg	43	2021-10-07 17:44:09.890849+00	Darth Revan by Zhivko Enev	1716	t	0
418	images/darth vader/darth__vader_by_aramisfraino_deizju3.jpg	33	2021-08-13 16:01:39.489667+00	Darth Vader by AramisFraino	1070	t	0
509	images/others/jyn_erso_and_k_2so_watercolor_by_trunnec_dauexoe-fullview.jpg	31	2021-09-27 15:51:54.2356+00	Jyn Erso and K-2SO watercolor by trunnec dauexoe	660	t	0
499	images/din djarin/dylan-moore-mando-lowrez.jpg	45	2021-09-26 06:27:25.237143+00	Mando by OuthouseCartoons	876	t	0
528	images/general grievous/genndy_grievous_by_jeetdoh_dc0cbap.jpg	59	2021-10-16 09:35:28.38178+00	Genndy grievous by jeetdoh	995	t	0
539	images/others/da43fea-fddad4cf-a8c1-43fe-9fab-41f60457e517.jpg	31	2021-10-19 06:06:38.381472+00	Jyn Erso black wallpaper	680	t	0
540	images/boba fett/star_wars_spin_off__fett_s_revenge_by_isikol_d7yv3u0.jpg	54	2021-10-20 06:35:37.469225+00	SW spin off Fett's revenge by isikol	1193	t	0
515	images/others/ruben-degen-begun-the-clone-wars-has.jpg	31	2021-10-01 13:52:51.37507+00	Galactic Contention Clones P1 by Ruben Degen	1329	t	0
519	images/jango fett/dbg1lz0-2cb05a4f-6b78-46c0-897c-a0c5b77dad4d.png	53	2021-10-07 16:03:13.307012+00	Coll Jango's wallpaper	1034	t	0
469	images/kylo ren/d9gj3n1-b26503bc-6e1b-4a01-8130-ced041210200.jpg	60	2021-09-10 06:40:27.656025+00	Kylo Ren by yvanquinet	2179	t	0
601	images/others/141825.jpg	31	2021-11-15 19:04:59.636389+00	May the Forest Be With You	899	t	0
510	images/ahsoka tano/dambxp1-4e9feec4-d516-444f-9038-ad6f91430ee3.jpg	40	2021-09-28 05:25:11.038687+00	Cute Ahsoka's drawing	1118	t	0
536	images/others/d9kjo1z-98c91750-da80-43b0-8cf2-bfbe5c94acb9.jpg	31	2021-10-18 06:11:51.335593+00	Random SW wallpaper	758	t	0
525	images/others/jar_jar_by_sleepy_mia_dcbdo3y.png	31	2021-10-14 05:27:17.36644+00	Jar Jar by sleepy mia	811	t	0
545	images/general grievous/general_grievous_by_hed_ush_d7t3xys.jpg	59	2021-10-23 09:13:51.028394+00	General Grievous by hed-ush	999	t	0
535	images/others/star-wars-amoled-wallpaper-phone.png	31	2021-10-17 16:59:17.206911+00	SW wallpaper amoled	758	t	0
521	images/ahsoka tano/ahsoka_by_lotsmanov_d9o0iob.jpg	40	2021-10-09 07:51:18.929101+00	Ahsoka by lotsmanov	1809	t	0
756	images/others/busy_underworld_by_tryingtofly_d9gru9e.jpeg	31	2022-01-16 07:33:21.026089+00	Busy underworld by Tryingtofly	313	t	0
522	images/darth maul/da18uz6-28b6b29b-be73-4e8f-99ae-ccf25bf90904.png	50	2021-10-10 08:22:11.643165+00	Darth Maul wallpaper	1164	t	0
507	images/others/jyn_erso___youtube__by_rossdraws_dasnj1g_mm8qZRF.jpg	31	2021-09-27 04:51:09.079318+00	Jyn Erso youtube by rossdraws	650	t	0
518	images/others/jake-bartok-1-59-am.jpg	31	2021-10-01 14:11:57.416204+00	Jedi of the High Republic by Jake Bartok	1797	t	0
527	images/others/millennium_falcon_by_hideyoshi_d88gdbq.jpg	31	2021-10-16 05:07:32.845585+00	Millennium Falcon by hideyoshi	580	t	0
503	images/din djarin/mando_by_troipstar_d32x28i.jpg	45	2021-09-26 06:38:37.288771+00	Mando by OuthouseCartoons	820	t	0
501	images/grogu/eva-kosmos-47.jpg	46	2021-09-26 06:34:25.894592+00	The Mandalorian study by EvaKosmos	845	t	0
603	images/others/123094.jpg	31	2021-11-15 19:10:36.103991+00	Captain Rex by Shane Molina	1903	t	0
511	images/others/guillem-h-pongiluppi-guillemhp-501-legion-stormtroopers-vs-aliens-detail-3.jpg	31	2021-09-28 17:02:15.179444+00	501st Legion by Guillem H. Pongiluppi	965	t	0
806	images/captain phasma/phasma_by_sebastiankowoll_d9k4gly.jpeg	61	2022-01-23 16:24:39.871785+00	Phasma by SebastianKowoll	631	t	0
533	images/captain phasma/phasma_by_natebaertsch_d9nxqwc.jpg	61	2021-10-16 18:33:02.180767+00	Phasma by natebaertsch	1435	t	0
505	images/din djarin/mando_ade_by_sombraptor_ddz24ng.png	45	2021-09-26 06:54:54.913337+00	MANDO'ADE by Sombraptor	940	t	0
538	images/rey/d9nkr9x-3f30a1ba-e746-48f3-8ef6-02a410a0ad66.jpg	32	2021-10-19 06:02:23.019499+00	Cute Rey's cartoon art	1342	t	0
592	images/obi-wan kenobi/913639.jpg	34	2021-11-14 07:13:19.355099+00	Obi-Wan Kenobi fanArt	755	t	0
577	images/others/The_Legend_Of_Anakin_Skywalker.jpg	31	2021-11-08 06:45:51.164269+00	The Legend Of Anakin Skywalker	1163	t	0
552	images/kylo ren/kylo_ren_by_withoutafuss_d9pjdsa-fullview.jpg	60	2021-10-27 14:15:03.269059+00	Kylo Ren by withoutafuss	1284	t	0
516	images/obi-wan kenobi/sam-denmark-twinsuns-72-obi.jpg	34	2021-10-01 13:58:58.732027+00	Obi Wan by Sam Denmark	2010	t	0
584	images/others/the_sith_lords_by_mr_sinister2048_d68164f.jpg	31	2021-11-13 06:24:41.285601+00	Sith Lords by nlasovich	1049	t	0
568	images/captain phasma/captain_phasma___star_wars_viii_by_hikarihhart_dde901c.jpg	61	2021-11-06 09:48:43.412925+00	Captain Phasma by hikarihhart	536	t	0
550	images/rey/awakened__light_by_mkmatsumoto_d9jyq88-fullview.jpg	32	2021-10-25 19:07:30.336123+00	awakened light by mkmatsumoto	1198	t	0
572	images/others/where_eagles_dare_by_oliverink_ddnpw11.png	31	2021-11-06 16:16:27.072949+00	Where Eagles Dare	600	t	0
588	images/others/1079138.jpg	31	2021-11-13 20:08:42.298504+00	mandalorian fanart	727	t	0
534	images/r2-d2 and c-3po/unexpected_heroes__c_3po_by_christopher_stoll_d80gs74.jpg	36	2021-10-17 07:56:47.173955+00	Unexpected heroes c-3po by christopher stoll	2067	t	0
551	images/darth vader/r_i_p__david_prowse___darth_vader_by_patrickbrown_de9m8zo-fullview.jpg	33	2021-10-26 05:17:27.197511+00	Darth Vader by patrickbrown	1810	t	0
585	images/others/star_wars___bounty_hunters_by_darthponda_d9q86mr.jpg	31	2021-11-13 06:27:29.008083+00	Bounty Hunters by DarthPonda	540	t	0
569	images/captain phasma/d8r6qbp-ee89e756-09a4-495e-a1b0-3326746edb79.jpg	61	2021-11-06 09:49:20.037137+00	Neon Captain Phasma	704	t	0
591	images/others/833406.jpg	31	2021-11-14 07:08:07.124534+00	wallpaper	492	t	0
583	images/others/xenomorph_sith_by_cgfelker_d9mt4oj.jpg	31	2021-11-13 06:22:00.087564+00	Xenomorph Sith by cgfelker	807	t	0
565	images/captain phasma/d9644dq-9e6f93c0-3963-4e52-b0cb-32140b82ddce.jpg	61	2021-11-06 09:46:05.949021+00	Random wallpaper Captain Phasma	414	t	0
589	images/others/1074854.jpg	31	2021-11-13 20:14:14.890853+00	Rise of Skywalker FanArt	605	t	0
573	images/kylo ren/d8qqf4g-ec10ae85-5081-4cd8-84e0-22325abf62d7.jpg	60	2021-11-07 08:37:14.39741+00	Kylo in fire	978	t	0
557	images/others/hux_by_sefikichi_da5h9bn.png	31	2021-10-30 12:34:57.598494+00	General Hux by Sefikichi	647	t	0
596	images/din djarin/125192.jpg	45	2021-11-15 18:52:07.17848+00	Mandolorian By Saby Menyhei	625	t	0
602	images/others/123092.jpg	31	2021-11-15 19:08:26.98289+00	Commander Cody by Shane Molina	1482	t	0
571	images/others/captain_rex_v_2_by_lordhayabusa357_ddrrriq.jpg	31	2021-11-06 15:48:43.691781+00	Captain Rex by LordHayabusa357	1445	t	0
554	images/others/clone_commander_fox_by_robert_shane_d86eid4.jpg	31	2021-10-29 19:04:13.548434+00	Clone Commander Fox by robert shane	1351	t	0
598	images/others/128424.jpg	31	2021-11-15 18:58:55.098633+00	Hera Syndulla - Rebels - by Colin Searle	573	t	0
570	images/captain phasma/d8rmvzm-31ca99ad-67e3-4881-826a-79e15f1ed667.jpg	61	2021-11-06 09:50:46.275399+00	Fanart Captain Phasma	707	t	0
559	images/thrawn/star_wars___thrawn_5_by_paulrenaud_dc6imgh.jpg	47	2021-11-02 19:07:04.279946+00	Thrawn 5 by paulrenaud	563	t	0
468	images/others/lieutenant_zella_rerre__lancer_squadron_pilot_by_shoguneagle_dcz8gdk-fullview.png	31	2021-09-09 08:47:31.616164+00	Lieutenant Zella Rerre lancer squadron pilot by shoguneagle	1553	t	0
582	images/others/commission__force_master_by_quarter_virus_dcticc2.jpg	31	2021-11-13 06:16:32.638971+00	Art by Quarter-Virus	476	t	0
575	images/obi-wan kenobi/ben_kenobi___fanart_by_adokinnadoki_deow0tf.png	34	2021-11-07 14:25:25.740346+00	Ben Kenobi - fanart	525	t	0
576	images/obi-wan kenobi/desert_obi_wan_by_samtodhunter_d856yvn.jpg	34	2021-11-07 14:32:26.45144+00	Desert Obi Wan by SamTodhunter	608	t	0
558	images/boba fett/star_wars_7___boba_s_back_by_robert_shane_d67l4n5.jpg	54	2021-11-01 21:24:24.347389+00	boba's back by robert shane	932	t	0
581	images/princess leia/star_wars__princess_leia_by_daekazu_d7iv4nw.png	39	2021-11-12 06:56:13.407433+00	Princess Leia by daekazu	536	t	0
564	images/captain phasma/captain_phasma_by_moritat_d99ljw7.jpg	61	2021-11-06 09:45:18.788706+00	Captain Phasma by moritat	410	t	0
590	images/others/945883.jpg	31	2021-11-14 06:58:40.97972+00	phone wallpaper	568	t	0
600	images/others/133650.jpg	31	2021-11-15 19:03:22.09518+00	Babu Frik by RUIZ BURGOS	588	t	0
579	images/others/for_sev__sfm_4k__by_archangel470_ddl33ye.jpg	31	2021-11-10 07:27:58.280174+00	for sev sfm 4k by archangel470	1056	t	0
574	images/others/a_star_wars_rough____by_chrisscalf_d38rw13.jpg	31	2021-11-07 14:13:30.525545+00	Art by chrisscalf	618	t	0
566	images/captain phasma/captain_cardinal_by_lordkai_derlr1w.jpg	61	2021-11-06 09:47:14.538795+00	Captain Cardinal by lordkai	507	t	0
555	images/others/big_bad_sith_lord_by_danarart_d9n2j1v.jpg	31	2021-10-30 12:25:40.710475+00	Big bad Sith lord by DanarArt	1064	t	0
560	images/others/star_wars_mandos___jango_fett__boba_fett__sabine_by_thejarett_dccv21t-fullview.jpg	31	2021-11-03 10:13:16.79499+00	Mandos Jango Fett. Boba Fett and Sabine by thejarett	999	t	0
595	images/others/123173.jpg	31	2021-11-15 18:50:46.964998+00	Art By Hui Zou	721	t	0
597	images/others/128413.jpg	31	2021-11-15 18:55:54.995964+00	Rogue Squadron Battle Scene by Colin Searle	588	t	0
553	images/ahsoka tano/ahsoka_tano_by_karosu_maker_d9ytul4-fullview.jpg	40	2021-10-28 15:37:51.948361+00	Ahsoka Tano by karosu maker	2215	t	0
753	images/others/deviantart_622124677_Transport.png	31	2022-01-16 07:12:53.929096+00	Transport by entroz	253	t	0
586	images/others/star_wars___ancient_rivals___red_two_by_thefirstangel_da3hon8.png	31	2021-11-13 06:36:08.661598+00	Ancient Rivals by TheFirstAngel	550	t	0
594	images/others/84300.jpg	31	2021-11-15 18:45:31.341615+00	Forgotten Secret by Wadim Kashin	498	t	0
561	images/others/06____sev__rc_1207_by_joehoganart_d33goe6-fullview.jpg	31	2021-11-04 16:22:00.986328+00	Republic Commando by joehoganart	658	t	0
563	images/revan/revan__star_forge_by_callista1981_dz7jl5.jpg	43	2021-11-05 21:37:36.989587+00	Revan star forge by callista1981	675	t	0
593	images/kylo ren/kylo_ren_lightsaber.jpg	60	2021-11-15 16:39:27.83672+00	Kylo Ren's lightsaber	1307	t	0
578	images/others/deu6m5w-25dfac32-073e-4913-b262-305f9c55b863.jpg	31	2021-11-09 12:39:15.572446+00	Commander Crush	595	t	0
548	images/thrawn/grand_admiral_thrawn_by_steveargyle_d34g41o.jpg	47	2021-10-24 07:55:33.674726+00	Grand Admiral Thrawn by steveargyle	682	t	0
611	images/others/sith_empire___desktop_by_drboxhead_d8vgx6h.jpg	31	2021-11-17 04:42:42.094105+00	Sith Empire Logo	694	t	0
640	images/others/1139158.jpg	31	2021-11-24 19:11:02.070968+00	Flight Officer Rianni Losator, starfighter pilot by Dustin Hawk	698	t	0
609	images/others/131633.jpg	31	2021-11-15 19:23:23.886398+00	Rite of Passage by Nicolas Lizotte	746	t	0
638	images/others/1144333.jpg	31	2021-11-24 18:59:31.751261+00	Sabine Wren by NeoArtCorE Thongmai	822	t	0
623	images/others/132171.jpg	31	2021-11-22 20:09:24.23199+00	SW Renegade by Tom Hisbergue	610	t	0
580	images/others/sister_of_darth_maul__wallpaper_size__by_danyiart_d9kt4ai.jpg	31	2021-11-11 07:00:48.136954+00	Sister of Darth Maul by danyiart	954	t	0
622	images/others/132968.jpg	31	2021-11-22 20:07:10.207228+00	Mandalorian Art by Minsung Seo	543	t	0
733	images/r2-d2 and c-3po/well_balanced_droids_by_risachantag_d9ut3za.jpg	36	2022-01-08 18:32:35.351395+00	Well balanced droids by risachantag	460	t	0
619	images/boba fett/137876.jpg	54	2021-11-22 19:58:41.844447+00	Boba Fett by Knochenwald	982	t	0
645	images/ahsoka tano/1131516.jpg	40	2021-11-27 19:13:17.083439+00	Ahsoka by Stephen Zavala	803	t	0
631	images/revan/101575.jpg	43	2021-11-23 14:22:25.488522+00	Knights of the Old Republic	959	t	0
530	images/captain phasma/captain_phasma_by_dereklaufman_d98yhjy.png	61	2021-10-16 17:47:18.688709+00	Captain Phasma by DerekLaufman	742	t	0
620	images/others/135615.jpg	31	2021-11-22 20:01:47.276827+00	Cal Kestis by kammilu	610	t	0
632	images/others/83518.jpg	31	2021-11-23 14:24:03.59112+00	Trooper helmets	1191	t	0
626	images/others/125835.jpg	31	2021-11-23 14:15:01.416791+00	Art by Ben Oliver	444	t	0
613	images/kylo ren/kylo_ren_mask.jpg	60	2021-11-19 16:54:32.61543+00	Kylo's face drawing art	664	t	0
615	images/others/sith_duelist_by_tygodym_d5muv9t.jpg	31	2021-11-20 07:30:02.551247+00	Sith Duelist by Tygodym	931	t	0
606	images/others/123096.jpg	31	2021-11-15 19:16:26.105309+00	Sabine Wren by Shane Molina	1492	t	0
642	images/others/sienar_fleet_systems_crusader_tie_by_shoguneagle_d9bhsbu.jpg	31	2021-11-24 19:16:55.028972+00	Sienar Fleet Systems Crusader TIE by Dustin Hawk	520	t	0
627	images/boba fett/124500.jpg	54	2021-11-23 14:16:14.778046+00	You can run, but you'll only die tired by Brad Bartkus	729	t	0
639	images/others/1144332.jpg	31	2021-11-24 19:01:49.531279+00	Sabine Wren by nopeys	747	t	0
608	images/boba fett/126175.jpg	54	2021-11-15 19:21:22.37643+00	There's no escape from me... by Pablo Olivera	811	t	0
644	images/others/patreon_launch__by_erik_m1999_dcnlafa.jpg	31	2021-11-27 15:34:54.489832+00	Patreon Launch by erik_m1999	1195	t	0
617	images/others/sith_sair_kahn_starwars_by_carrlusoe_deioa7n.jpg	31	2021-11-20 08:00:55.917824+00	Art by carrlusoe	658	t	0
567	images/captain phasma/captain_phasma_by_yesdanel_d9mg1a7-fullview.jpg	61	2021-11-06 09:48:03.140376+00	Captain Phasma by yesdanel	524	t	0
625	images/grogu/125805.jpg	46	2021-11-23 14:13:52.866637+00	Grogu by Tyson Murphy	938	t	0
803	images/others/_comm__task_at_nar_shaddaa_by_abrahamdavid_de17ovl.png	31	2022-01-23 08:20:37.637843+00	Task at Nar Shaddaa by abrahamdavid	703	t	0
629	images/darth maul/122907.jpg	50	2021-11-23 14:18:49.10407+00	Medieval Fantasy Darth Maul by Unique Litani Soparie	833	t	0
652	images/boba fett/jodo_kast_by_steveargyle_d35bpnc.jpg	54	2021-11-30 13:48:18.254453+00	Boba Fett by steveargyle	609	t	0
651	images/others/tumblr_953407ca28881310570d0154610297ef_ef61f4e4_1280.png	31	2021-11-28 10:38:20.579876+00	Trilla Suduri FanArt	569	t	0
587	images/boba fett/the-book-of-boba-fett-star-wars-poster-4k-wallpaper-3840x2160-uhdpaper._S3RweA6.jpg	54	2021-11-13 11:29:52.222714+00	Boba Fett Wallpaper	1189	t	0
628	images/boba fett/122909.jpg	54	2021-11-23 14:17:29.854082+00	Jedi Fett by Dave Keenan	1180	t	0
618	images/others/star_wars__the_old_republic___sith_inquisitor_5_by_feyische_d85tizw.jpg	31	2021-11-21 19:32:50.05271+00	SW the old republic sith inquisitor 5 by feyische	716	t	2
634	images/others/76084.jpg	31	2021-11-23 14:28:04.293548+00	retro art	556	t	0
610	images/others/135619.jpg	31	2021-11-15 19:26:25.068734+00	Art by kammilu	1229	t	0
616	images/others/lana_beniko_by_serathus_d9yg18v.png	31	2021-11-20 07:55:49.129487+00	Lana Beniko by Serathus	850	t	0
649	images/others/jedi_fallen_order___trilla_suduri_by_ichimoral_ddpgahr.jpg	31	2021-11-28 10:25:02.604686+00	Trilla Suduri by ichimoral	1108	t	0
612	images/others/underwater_skirmish__sfm_4k__by_archangel470_ded41a2.jpg	31	2021-11-18 06:55:03.484873+00	Underwater skirmish by archangel470	666	t	0
633	images/others/82941.jpg	31	2021-11-23 14:26:56.878262+00	the last seconds of Alderaan..	559	t	0
556	images/others/elsana_by_peter83_db7hwzl.jpg	31	2021-10-30 12:30:09.731531+00	Art by peter83	1329	t	0
543	images/plo koon/plo_koon_commission_by_phil_cho_de19gp9.jpg	56	2021-10-22 06:16:38.095164+00	Plo Koon commission by phil-cho	1006	t	0
605	images/boba fett/123093.jpg	54	2021-11-15 19:14:37.608279+00	Boba Fett by Shane Molina	888	t	0
614	images/others/122904.jpg	31	2021-11-20 07:20:04.47679+00	Bastila Shan by Corbin Hunter	810	t	0
624	images/darth maul/131967.jpg	50	2021-11-22 20:10:57.933651+00	Darth Maul by Jason Z	738	t	0
650	images/others/merrin_fanart_by_twnky_deblupv.png	31	2021-11-28 10:28:15.211732+00	Merrin fanart by TWNKY	537	t	0
607	images/others/125210.jpg	31	2021-11-15 19:19:13.812551+00	Stormtrooperaptor by Vladimir Matyukhin	807	t	0
621	images/others/134380.jpg	31	2021-11-22 20:04:16.672105+00	Art By Mauricio Morali	606	t	0
636	images/others/137100.jpg	31	2021-11-24 18:48:13.753713+00	Jedi fight	677	t	0
643	images/others/republic_sienar_systems_republic_t_i_e__by_shoguneagle_dagwmgs.jpg	31	2021-11-24 19:18:58.055944+00	Republic Sienar Systems Republic T.I.E. by Dustin Hawk	534	t	0
637	images/revan/1149253.jpg	43	2021-11-24 18:56:54.641921+00	Darth Revan	1888	t	0
647	images/others/1020889.jpg	31	2021-11-28 10:17:49.043106+00	Jedi: Fallen Order 4k Wallpaper	562	t	0
754	images/others/star_wars__force_collector_by_anthonyfoti_ddjd7m5.jpeg	31	2022-01-16 07:24:56.527112+00	SW: Force Collector by AnthonyFoti	367	t	0
635	images/darth vader/50863.jpg	33	2021-11-23 14:28:56.109202+00	Darth Vader wallpaper	914	t	0
630	images/luke skywalker/112376.jpg	38	2021-11-23 14:20:57.590275+00	the Last Jedi	601	t	0
641	images/others/incom_t_65a_republic_x_wing_by_shoguneagle_dacqw08.jpg	31	2021-11-24 19:14:53.841424+00	Incom T-65A Republic X-Wing by Dustin Hawk	530	t	0
660	images/others/166740.jpg	31	2021-12-04 16:07:55.666365+00	X-Wing Card	318	t	0
693	images/others/696222.jpg	31	2021-12-06 19:57:56.213646+00	Sith Wallpaper by alayan Kaya Gksoy	985	t	0
677	images/rey/1056315.jpg	32	2021-12-05 16:59:30.11139+00	Rey by Mironishin Story	850	t	0
653	images/revan/486783.png	43	2021-12-01 14:02:26.75452+00	Darth Revan Wallpaper by Gregory Titus	870	t	0
659	images/others/166742.jpg	31	2021-12-04 16:06:25.161113+00	Millennium Falcon Card	349	t	0
672	images/luke skywalker/883180.jpg	38	2021-12-05 16:45:10.865462+00	Sci Fi SW Wallpaper by SeedSeven	483	t	0
670	images/others/708084.jpg	31	2021-12-05 16:39:49.590173+00	SW wallpaper by Mdpadyab	726	t	0
682	images/others/320057.jpg	31	2021-12-06 19:16:25.29158+00	The Old Republic Wallpaper	634	t	0
687	images/boba fett/916314.png	54	2021-12-06 19:39:15.05909+00	Boba Fett Wallpaper	704	t	0
680	images/general grievous/710739.jpg	59	2021-12-06 19:11:26.874446+00	General Grievous by Isuardi Therianto	784	t	0
662	images/others/166737.jpg	31	2021-12-04 16:10:25.401758+00	Porg	445	t	0
648	images/others/1020890.jpg	31	2021-11-28 10:18:47.092749+00	Jedi: Fallen Order 4k Wallpaper	564	t	0
755	images/others/deviantart_591188302_Millenium_Falcon_Fan_art.jpg	31	2022-01-16 07:30:32.3968+00	Millenium Falcon Fan art by Tryingtofly	291	t	0
696	images/others/deviantart_577764637_starwars_VIIThe_Force_Awakens.jpg	31	2021-12-09 19:47:58.218586+00	SW VII: The Force Awakens by Jian Guo	658	t	0
681	images/others/733381.jpg	31	2021-12-06 19:14:23.926925+00	Art by tekkoontan	539	t	0
656	images/others/166860.jpg	31	2021-12-01 14:15:56.692136+00	Lightsaber Card	491	t	0
704	images/others/deviantart_870678388_Trooper-Helmet_on_Still_Life.jpg	31	2021-12-10 19:59:25.830561+00	Trooper-Helmet on Still Life by fantasio	550	t	0
691	images/darth maul/851680.png	50	2021-12-06 19:51:34.631822+00	Maul Wallpaper	709	t	0
706	images/others/coruscant_star_wars_planet_collection_by_ericwhitted_dev1ud2.png	31	2021-12-10 20:09:14.720943+00	Coruscant Planet by EricWhitted	654	t	0
690	images/general grievous/711088.jpg	59	2021-12-06 19:50:35.615045+00	General Grievous Fight by Timur Kairbaev	1022	t	0
689	images/others/696182.jpg	31	2021-12-06 19:46:32.02208+00	Woman Warrior by Tek Tan	545	t	0
703	images/others/il_1588xN.2784209384_dh94.jpg	31	2021-12-10 19:55:11.17514+00	Stormtrooper by DarkFantasyPaintings	671	t	0
675	images/others/711105.jpg	31	2021-12-05 16:52:54.302288+00	Sci-Fi SW Wallpaper by Max Bedusenko	395	t	0
655	images/others/166859.jpg	31	2021-12-01 14:14:19.774358+00	TIE Interceptor Card	416	t	0
668	images/grogu/1061924.jpg	46	2021-12-04 16:27:28.052145+00	Baby Yoda wearing a santa hat by Mizuri	1827	t	0
708	images/others/deviantart_577358732_starwars_IVnew_hope.jpg	31	2021-12-11 12:45:57.118241+00	SW IV: new hope by Jian Guo	686	t	0
671	images/others/883185.jpg	31	2021-12-05 16:42:45.715181+00	Battle wallpaper by SeedSeven	459	t	0
788	images/others/deviantart_756015124_Darth_Plaega.png	31	2022-01-21 20:28:02.671287+00	Darth Plaega by eychanchan	632	t	0
694	images/kylo ren/669970.jpg	60	2021-12-06 20:01:15.238061+00	Kylo Ren Wallpaper by alayan Kaya Gksoy	986	t	0
661	images/r2-d2 and c-3po/166739.jpg	36	2021-12-04 16:08:57.285528+00	R2D2	470	t	0
674	images/others/1096936.jpg	31	2021-12-05 16:50:05.787635+00	Art by Bryan Salvador	406	t	0
678	images/others/1070470.jpg	31	2021-12-05 17:03:13.575608+00	Sci Fi SW Wallpaper by Victor Sales	527	t	0
667	images/darth vader/1125612.jpg	33	2021-12-04 16:25:07.913189+00	Darth Vader vs Mace Windu by Mizuri	1021	t	0
669	images/others/865820.jpg	31	2021-12-04 17:22:45.571804+00	Death Star Wallpaper	560	t	0
699	images/others/deviantart_737558101_Imperial_visit._WIP.jpg	31	2021-12-10 19:11:27.818517+00	Imperial visit. WIP by BenWootten	519	t	0
664	images/r2-d2 and c-3po/166734.jpg	36	2021-12-04 16:12:46.486972+00	C-3PO	489	t	0
673	images/others/1085955.jpg	31	2021-12-05 16:47:01.080564+00	Woman Warrior Wallpaper by HyungJin Yang	721	t	0
688	images/others/1030032.jpg	31	2021-12-06 19:40:51.461309+00	Art by Nico Fari	583	t	0
657	images/others/166856.jpg	31	2021-12-01 14:17:44.67445+00	BB-9E Droid Card	428	t	0
695	images/others/573587.png	31	2021-12-08 16:30:43.014348+00	SW Wallpaper	769	t	0
709	images/others/deviantart_577359364_starwars_Vthe_empire_strike_back.jpg	31	2021-12-11 12:53:50.076941+00	SW V: the empire strike back by Jian Guo	791	t	0
665	images/others/1055722.jpg	31	2021-12-04 16:19:56.586354+00	X-Wing wallpaper	398	t	0
686	images/darth vader/1041660.jpg	33	2021-12-06 19:37:32.095375+00	Neon Vader	711	t	0
707	images/others/deviantart_870595628_My_honour_is_loyalty.jpg	31	2021-12-11 12:25:04.054386+00	My honour is loyalty by MAOxFhan	911	t	0
676	images/others/1083484.jpg	31	2021-12-05 16:57:01.586221+00	Old Empire by Oleg Ushenok	641	t	0
684	images/others/585048.jpg	31	2021-12-06 19:23:52.069611+00	Darth Nihilus by Alexander Stepchenkov	647	t	0
663	images/others/166735.jpg	31	2021-12-04 16:11:36.171411+00	BB8	443	t	0
658	images/kylo ren/kylo_ren___version2_by_mikekretz_d99fopl-fullview.jpg	60	2021-12-04 09:28:16.944539+00	Kylo Ren by mikekretz	638	t	0
654	images/others/166857.jpg	31	2021-12-01 14:12:18.336119+00	TIE Fighter FirstOrder Card	440	t	0
685	images/others/star_wars__force_and_destiny___guardian_by_anthonyfoti_d9esj7b.jpg	31	2021-12-06 19:32:40.354524+00	Force and Destiny - Guardian by AnthonyFoti	432	t	0
683	images/others/222076.jpg	31	2021-12-06 19:19:44.199404+00	Sci-Fi SW Wallpaper	479	t	0
646	images/others/fan_art___star_wars_jedi_fallen_order_by_craigbruynart_ddllqng.jpg	31	2021-11-28 10:09:38.087094+00	Jedi Fallen Order - Fan art by Craigbruynart	789	t	0
666	images/others/1149140.jpg	31	2021-12-04 16:21:40.694931+00	Woman Warrior, Sith Wallpaper by Mizuri	693	t	0
700	images/general grievous/deviantart_771147862_General_Grievous.png	59	2021-12-10 19:14:49.361521+00	General Grievous by Wolfdog-ArtCorner	717	t	0
692	images/others/911471.jpg	31	2021-12-06 19:56:33.27549+00	Clone Trooper by xtremcuiller	1009	t	0
698	images/others/starwars_imp_girl_by_mironishin_de0ptmo.jpg	31	2021-12-09 20:02:57.434887+00	Imperial Girl by MironishiN	727	t	0
701	images/revan/deviantart_587961390_Revan_vs_Malak.jpg	43	2021-12-10 19:22:43.3079+00	Revan vs Malak by FotoN-3	780	t	0
679	images/darth vader/699220.png	33	2021-12-05 17:25:11.606097+00	Vader vs Ahsoka by Guillem H. Pongiluppi	1043	t	0
741	images/others/sabine_wren_by_armynblasterart_depbu89.jpeg	31	2022-01-12 12:46:10.151478+00	Sabine Wren by armynblasterART	764	t	0
702	images/others/deviantart_606844831_darkvinc__personnal_sith.jpg	31	2021-12-10 19:33:56.901723+00	darkvinc : personnal sith by ptitvinc	600	t	0
705	images/darth vader/deviantart_871666957_VANITAS_-_Vader_Helmet_on_Still_Life.jpg	33	2021-12-10 20:02:17.253968+00	Vader Helmet on Still Life by fantasio	794	t	0
715	images/revan/deviantart_840490415_Star_Wars__Revan.jpg	43	2021-12-11 16:51:56.418189+00	Revan by PhaseRunner	1262	t	0
720	images/obi-wan kenobi/deviantart_845332543_Obi-Wan_Kenobi_VS_Darth_Vader.jpg	34	2021-12-13 20:23:33.983651+00	Obi-Wan Kenobi vs Darth Vader by PhaseRunner	1929	t	0
717	images/others/deviantart_577359603_starwars_VIreturn_of_the_Jedi.jpg	31	2021-12-13 19:56:40.741216+00	SW VI: Return of the Jedi by Jian Guo	1027	t	0
716	images/others/trade_by_zhangc_dc4520s.jpg	31	2021-12-12 19:18:00.762349+00	trade by zhangc	761	t	0
724	images/darth maul/darth_maul_2_by_nicollearl_d41wmq1.jpg	50	2021-12-15 10:59:35.085182+00	Darth Maul 2 by nicollearl	1162	t	0
747	images/others/star_wars_gand_sniper_by_arvalis_d6ldd99.jpeg	31	2022-01-15 14:54:51.610252+00	Gand Sniper by arvalis	319	t	0
743	images/others/deviantart_851717229_Millenium_Falcon_.jpg	31	2022-01-12 12:59:15.484277+00	Millenium Falcon by AdrianMarkGillespie	350	t	0
729	images/princess leia/princess_leia_jedi.jpg	39	2021-12-27 17:48:50.493649+00	Princess Leia by ChrissieZullo	721	t	0
737	images/boba fett/boba_fett_by_getdunkedon69_dewsv37.png	54	2022-01-11 07:46:02.814005+00	Boba Fett by GetDunkedOn69	451	t	0
738	images/boba fett/deviantart_902388795_Boba_and_Fennec_arrive_at_Mos_Espa.jpg	54	2022-01-11 07:48:55.135817+00	Boba and Fennec arrive at Mos Espa by AdrianMarkGillespie	400	t	0
731	images/kylo ren/kylo_ren_and_darth_vader.jpg	60	2022-01-01 10:07:08.501895+00	Kylo Ren in front of Darth Vader's shadow	1217	t	0
742	images/others/jedi_vs_balrog_by_danrobart_de3gyhb.jpeg	31	2022-01-12 12:47:55.069273+00	Jedi vs Balrog by DanRobArt	345	t	0
712	images/others/nar_shaddaa_star_wars_planet_collection_by_ericwhitted_deve5yg.png	31	2021-12-11 16:28:33.948828+00	Nar Shaddaa Planet by EricWhitted	716	t	0
750	images/others/deviantart_553016263_Star_Wars_-_The_Force_Awakens.jpg	31	2022-01-15 18:14:41.977279+00	The Force Awakens by FlewDesigns	334	t	0
714	images/din djarin/deviantart_836319852_Take_The_Bait.jpg	45	2021-12-11 16:47:48.471516+00	Take The Bait by PhaseRunner	1098	t	0
726	images/others/ahsoka_and_maul_by_worstturtle_devqenv.png	31	2021-12-19 22:02:09.40846+00	Ahsoka and Darth Maul	1504	t	0
721	images/darth vader/deviantart_852625059_You_Are_In_My_Very_Soul_Tormenting_Me_....jpg	33	2021-12-13 20:32:43.912309+00	You Are In My Very Soul, Tormenting Me ... by PhaseRunner	1434	t	0
402	images/others/star_wars_divided_allegiance_cellphone_wallpaper_by_swmand4_d7lg76k.jpg	31	2021-08-08 11:45:03.54837+00	Divided Allegiance Wallpaper by swmand4	580	t	0
751	images/others/deviantart_748457278_Scrap_Dealers.jpg	31	2022-01-16 06:41:06.458978+00	Scrap Dealers by entroz	303	t	0
532	images/others/star_wars_gaming_tribute_by_robduenas_d9kmtrz.jpg	31	2021-10-16 18:30:47.499923+00	SW Gaming Tribute by RobDuenas	977	t	0
713	images/others/endor_star_wars_planet_collection_by_ericwhitted_devoc5h.png	31	2021-12-11 16:30:07.433705+00	Endor Planet by EricWhitted	779	t	0
719	images/others/deviantart_622842169_Star_Wars_Episode_I_-_The_Phantom_Menace.jpg	31	2021-12-13 20:19:25.500422+00	SW I: The Phantom Menace by Jian Guo	1235	t	0
730	images/captain phasma/captain_phasma_by_igor_frankenstone_d9i5epf-fullview.jpg	61	2021-12-28 21:08:31.187525+00	Captain Phasma by igor frankenstone	765	t	0
734	images/boba fett/boba_fett_and_fennec_shand_by_armynblasterart_devhpq9.png	54	2022-01-11 07:37:58.677294+00	Boba Fett and Fennec Shand by armynblasterART	576	t	0
718	images/others/deviantart_624475856_Star_Wars_Episode_II_-_Attack_of_the_Clones.jpg	31	2021-12-13 20:08:09.555294+00	SW II: Attack of the Clones by Jian Guo	1203	t	0
725	images/others/darth_talon_by_nicollearl.jpg	31	2021-12-16 09:54:07.458635+00	Darth Talon by nicollearl	1709	t	0
732	images/others/cara_dune_commission_by_ganassa_decwyag.jpg	31	2022-01-04 14:37:39.063571+00	Cara Dune Commission by ganassa	702	t	0
745	images/others/tusken_warrior_by_briankesinger_dexveu5.jpeg	31	2022-01-15 14:43:14.01875+00	Tusken warrior by BrianKesinger	232	t	0
711	images/others/dead_star_by_fleshgoredon_dbf3lpp.jpg	31	2021-12-11 16:25:58.497614+00	Dead Star by Fleshgoredon	787	t	0
722	images/darth vader/deviantart_881822774_Tell_your_sister_you_were_right.jpg	33	2021-12-13 20:37:39.29949+00	Tell your sister, you were right by PhaseRunner	1798	t	0
106	images/revan/gon-flores-darth-revan.jpg	43	2021-04-06 01:27:42.349416+00	Darth Revan by Gon Flores	716	t	0
746	images/others/deviantart_854792251_The_Rancor.jpg	31	2022-01-15 14:45:45.011692+00	The Rancor by arvalis	325	t	0
735	images/boba fett/deviantart_901080389_Boba_Fett__Morte_Prima_di_Disonore.png	54	2022-01-11 07:42:05.886256+00	Boba Fett by jasonyerface	508	t	0
728	images/darth vader/darth_vader_by_lotsmanov_d9n2eig.jpg	33	2021-12-24 20:53:41.851982+00	Darth Vader by lotsmanov	1700	t	0
740	images/others/sand_warrior__book_of_boba_fett__by_painsmash_dextdn3.png	31	2022-01-11 08:08:28.4747+00	Sand Warrior (Book of Boba Fett) by Painsmash	377	t	0
727	images/others/commission___alysray_by_hifarry_ddqqms1.jpg	31	2021-12-20 23:06:37.615296+00	Commission Alysray by hifarry	1186	t	0
723	images/luke skywalker/deviantart_878405235_Join_me_and_together_we_can_rule_the_galaxy.jpg	38	2021-12-13 20:40:23.0192+00	Join me, and together we can rule the galaxy by PhaseRunner	1516	t	0
736	images/boba fett/boba_fett___bounty_hunter__by_seanm33_dewz5my.jpeg	54	2022-01-11 07:44:23.158187+00	Boba Fett - Bounty Hunter by SeanM33	475	t	0
325	images/others/ilker-ureten-stormtrooper-star-wars-cosplay-wallpaper-preview.jpg	31	2021-07-18 04:27:38.319522+00	Ilker ureten stormtrooper cosplay wallpaper	1822	t	0
710	images/others/deviantart_709656314_Jawa_comm.jpg	31	2021-12-11 16:08:21.669706+00	Jawa by NicoFari	588	t	0
749	images/others/raiders_by_wildweasel339_daf0shn.jpeg	31	2022-01-15 15:37:11.874088+00	Raiders by Wildweasel339	291	t	0
748	images/others/star_wars_bossk_by_arvalis_d6c4lzo.jpeg	31	2022-01-15 14:57:01.609972+00	Bossk by arvalis	298	t	0
739	images/others/tusken_chieftain_by_teyowisonte_dexlu4f.jpeg	31	2022-01-11 08:06:25.789543+00	Tusken Chieftain by Teyowisonte	406	t	0
768	images/others/may_the_force_be_with_us_by_aste17_ddd9a26.jpeg	31	2022-01-17 08:31:52.435651+00	May The Force Be With Us by Aste17	390	t	0
781	images/others/quick_sketch___lightsaber_execution_by_wojtekfus_d7qcikj.png	31	2022-01-18 13:02:05.123327+00	Lightsaber Execution by WojtekFus	915	t	0
778	images/others/at_ap___all_terrain_attack_pod_by_wojtekfus_daabz8c.jpeg	31	2022-01-18 07:08:32.8051+00	AT-AP - All Terrain Attack Pod by WojtekFus	402	t	0
799	images/r2-d2 and c-3po/deviantart_763240282_Star_Wars_R2D2.jpg	36	2022-01-23 07:58:12.809912+00	R2D2 by Ninjacompany	495	t	0
789	images/others/jawas_by_aste17_db7hj9l.png	31	2022-01-21 20:30:19.012364+00	Jawas by Aste17	422	t	0
793	images/boba fett/mandalore_by_slim_charles_ddl8fqn.png	54	2022-01-22 13:51:14.351489+00	Mandalore by Slim-Charles	841	t	0
804	images/others/deviantart_341788349_When_You_Wish_Upon_A_Death_Star.jpg	31	2022-01-23 16:21:16.732188+00	When You Wish Upon A Death Star by LiquidSoulDesign	594	t	0
784	images/boba fett/deviantart_267315386_Boba_Fett.jpg	54	2022-01-18 19:16:17.63324+00	Boba Fett by Ninjacompany	780	t	0
775	images/others/the_tomb_by_wojtekfus_d7htupc.png	31	2022-01-18 04:52:10.991261+00	The Tomb by WojtekFus	651	t	0
783	images/others/star_wars_fan_art_by_yonaz_ddysjg0.png	31	2022-01-18 19:12:43.80583+00	SW Fan art by yonaz	463	t	0
805	images/boba fett/boba_fett_by_sebastiankowoll_de6tnlx.jpeg	54	2022-01-23 16:23:16.258425+00	Boba Fett by SebastianKowoll	923	t	0
769	images/others/bespin_city_by_aste17_dbu75vj.jpeg	31	2022-01-17 08:35:15.957314+00	Bespin City by Aste17	296	t	0
759	images/others/deviantart_574101488_Black_Squadron_-_Star_Wars.jpg	31	2022-01-17 07:26:39.621563+00	Black Squadron by Madboni	308	t	0
758	images/others/star_wars___handed_on_a_graphite_platter_by_blues_design_d9mtto8.jpeg	31	2022-01-17 07:22:33.207551+00	Handed on a Graphite Platter by Blues-Design	410	t	0
763	images/yoda/deviantart_735420246_DoorDoNot_AlexandrElichev.jpg	37	2022-01-17 08:07:40.297818+00	DoorDoNot AlexandrElichev by KoTnoneKoT	380	t	0
496	images/obi-wan kenobi/star_wars___peacekeeper__obi_wan_kenobi__by_thetechromancer_dao7hka.png	34	2021-09-24 19:56:42.090614+00	Peacekeeper (Obi-Wan Kenobi) by thetechromancer	1246	t	0
764	images/others/star_wars____darth_nihilus_by_aste17_d9z9hn4.png	31	2022-01-17 08:10:09.048467+00	Darth Nihilus by Aste17	624	t	0
776	images/others/rebellion_by_wojtekfus_d7h9rvz.png	31	2022-01-18 04:54:23.115386+00	Rebellion by WojtekFus	552	t	0
773	images/others/interstellar_dog_fight_by_johnsonting_d8u27e4.jpeg	31	2022-01-17 16:52:35.046474+00	Interstellar Dog Fight by johnsonting	519	t	0
796	images/others/remnant_by_slim_charles_dbvgguq.jpeg	31	2022-01-22 18:29:40.381208+00	Remnant by Slim-Charles	536	t	0
790	images/han solo/deviantart_620992476_Han_Solo._WIP.jpg	41	2022-01-21 20:40:08.809316+00	Han Solo by chrisscalf	431	t	0
798	images/others/deviantart_267316411_Jabba_the_Hutt.jpg	31	2022-01-23 07:53:42.430658+00	Jabba the Hutt by Ninjacompany	502	t	0
800	images/others/star_wars___belleau_city_earth_by_roen911_d6use1k.jpeg	31	2022-01-23 08:05:15.348772+00	Star Wars - Belleau City Earth by rOEN911	410	t	0
757	images/others/star_wars_fan_art_sketch_by_tryingtofly_d9926q6.jpeg	31	2022-01-16 07:39:13.129003+00	Cloud city on the planet Bespin by Tryingtofly	298	t	0
766	images/others/born_to_be_rebel_by_aste17_de6dxa4.jpeg	31	2022-01-17 08:19:12.254051+00	Born To Be Rebel by Aste17	385	t	0
795	images/others/star_glow_by_elreviae_daqr390.jpeg	31	2022-01-22 14:05:57.609875+00	Star Glow by elreviae	461	t	0
760	images/others/deviantart_607100702_MC80_Liberty.jpg	31	2022-01-17 07:31:03.932515+00	MC80 Liberty by Madboni	285	t	0
752	images/others/a_wing_by_grahamtg_dekyx7m.jpeg	31	2022-01-16 07:04:26.061028+00	A Wing by GrahamTG	228	t	0
774	images/others/imperial_assault_by_michalivan_d8m7fat.png	31	2022-01-17 16:56:48.604003+00	Imperial Assault by michalivan	532	t	0
794	images/others/conscript_by_slim_charles_ddf68mu.png	31	2022-01-22 13:57:32.228276+00	Conscript by Slim-Charles	514	t	0
697	images/others/deviantart_626615907_Star_Wars_Episode_III_Revenge_of_the_Sith.jpg	31	2021-12-09 19:58:40.846007+00	SW III: Revenge of the Sith by Jian Guo	805	t	0
786	images/others/deviantart_763239411_Star_Wars_jango_fett.jpg	31	2022-01-18 19:20:29.955764+00	Jango Fett by Ninjacompany	607	t	0
802	images/others/deviantart_804571359_Jumping_To_Conclusions.png	31	2022-01-23 08:14:07.826076+00	Jumping To Conclusions by OliverInk	481	t	0
771	images/others/deviantart_746667434_IG-227_Hailfire-class_Droid.jpg	31	2022-01-17 13:27:02.807798+00	IG-227 Hailfire-class Droid by Madboni	369	t	0
777	images/others/v_wing___heavy_bomber_by_wojtekfus_daa3854.jpeg	31	2022-01-18 07:06:15.961813+00	V-WING - Heavy Bomber by WojtekFus	359	t	0
779	images/others/deviantart_577611620_Scout_Trooper.jpg	31	2022-01-18 09:50:35.855773+00	Scout Trooper by Balance-Sheet	460	t	0
770	images/others/deviantart_527512177_Demolisher_Gladiator.jpg	31	2022-01-17 13:21:41.064323+00	Demolisher Gladiator by Madboni	391	t	0
767	images/others/join_the_rebellion_by_aste17_de45kuy.jpeg	31	2022-01-17 08:27:10.038126+00	Join The Rebellion by Aste17	275	t	0
772	images/others/deviantart_665228361_Cree_Commission.jpg	31	2022-01-17 16:48:44.712338+00	C'ree by KaRolding	938	t	0
791	images/obi-wan kenobi/deviantart_332007336_Kenobi..jpg	34	2022-01-22 13:45:52.921257+00	Kenobi by chrisscalf	555	t	0
765	images/others/the_terribles_jawas_by_aste17_dexaw8z.jpeg	31	2022-01-17 08:13:08.857886+00	The Terribles Jawas by Aste17	351	t	0
785	images/others/deviantart_763240295_Star_Wars_tusken_raiders.jpg	31	2022-01-18 19:18:30.09573+00	Tusken raiders by Ninjacompany	448	t	0
782	images/others/deviantart_590520739_AT-FRC_Walker.jpg	31	2022-01-18 13:07:10.633378+00	AT-FRC Walker by Balance-Sheet	385	t	0
787	images/others/deviantart_674173299_The_Ascent___The_Descent.jpg	31	2022-01-21 20:23:50.401035+00	The Ascent / The Descent by kylewright	556	t	0
801	images/obi-wan kenobi/star_wars___my_name_is_ben_by_blues_design_d9m5itj.jpeg	34	2022-01-23 08:11:37.104991+00	My Name is Ben by Blues-Design	489	t	0
762	images/others/stormtrooper_helmet___star_wars_vector_by_firedragonmatty_d8752th.png	31	2022-01-17 07:54:52.971038+00	Helmet - Vector by firedragonmatty	383	t	0
797	images/others/1gjPLz2E_4x.jpeg	31	2022-01-22 18:37:26.027289+00	Doctor Cereia Aphra - Rogue Archeologist 2 by ChaosEmperor971	784	t	0
780	images/others/never_tell_me_the_odds_by_wojtekfus_da9ubu0.png	31	2022-01-18 13:00:00.125761+00	Never Tell Me The Odds by WojtekFus	442	t	0
792	images/others/pathfinders_by_slim_charles_dddzezq.png	31	2022-01-22 13:48:02.751343+00	Pathfinders by Slim-Charles	750	t	0
744	images/luke skywalker/luke_and_the_carbon_freezing_chamber_by_adrianmarkgillespie_dcj6o9q.jpeg	38	2022-01-12 13:03:56.471009+00	Luke and the Carbon Freezing Chamber by AdrianMarkGillespie	400	t	0
826	images/others/oMS2p7kC_4x.jpeg	31	2022-02-05 18:06:05.275719+00	The Book of Boba Fett: Cad Bane by C.Wilby	811	t	0
491	images/others/star_wars_celebration_2019_mural_print__wallpaper__by_breakers2001_de1lw9i.png	31	2021-09-24 19:23:10.37487+00	An assembly of all the 12 poster that were present in the SW Celebration 2019 at Chicago	1763	t	0
828	images/boba fett/deviantart_906030806_TATOOINE__012422.jpg	54	2022-02-06 21:03:45.171464+00	TATOOINE by AzizDraws	470	t	0
824	images/luke skywalker/deviantart_763240242_Star_Wars_luke_skywalker.jpg	38	2022-02-05 17:45:19.622336+00	Luke Skywalker by Ninjacompany	455	t	0
814	images/others/tie_inquisitor_by_aste17_dbv0nxi.jpeg	31	2022-01-28 20:15:16.319102+00	Tie Inquisitor by Aste17	507	t	0
815	images/revan/darth_revan_and_darth_malak__star_wars__kotor__by_rezeren_dera55u.jpg	43	2022-02-03 19:40:17.404898+00	Darth Revan and Darth Malak by rezeren	839	t	0
813	images/others/in_liberty_we_trust_by_aste17_dbu6xma.jpeg	31	2022-01-28 20:11:57.525435+00	In Liberty We trust by Aste17	485	t	0
829	images/others/GY4iKSyd_4x.jpeg	31	2022-02-06 21:15:58.077603+00	Force Yin Yang by liu-psypher	548	t	0
830	images/others/torch_by_kapitanstolik_deyqwgz.png	31	2022-02-19 15:33:01.337024+00	Torch by KapitanStolik	209	t	0
812	images/others/rebel_rebel_by_aste17_des8mo1.jpeg	31	2022-01-28 20:08:34.976681+00	Rebel Rebel by Aste17	486	t	0
825	images/luke skywalker/deviantart_763074592_Luke_Skywalker.jpg	38	2022-02-05 17:49:10.882734+00	Luke Skywalker by Ninjacompany	453	t	0
811	images/obi-wan kenobi/deviantart_267314742_Ben_Kenobi.jpg	34	2022-01-28 19:59:48.481717+00	Ben Kenobi by Ninjacompany	461	t	0
833	images/others/tie_advanced_starfighter_by_shroudofmemery_df04xck.png	31	2022-02-20 07:26:53.598237+00	TIE Advanced Starfighter by ShroudOfMemery	227	t	0
834	images/others/dune_traveler_by_firefly_path_dezyei4.jpeg	31	2022-02-20 07:30:39.543166+00	Dune Traveler by Firefly-Path	199	t	0
832	images/others/sith_warrior_by_sinilian_deymcd3.jpeg	31	2022-02-20 07:18:10.569946+00	Sith Warrior by SINILIAN	177	t	0
817	images/darth maul/deviantart_267320739_Sith_Lord_Maul.jpg	50	2022-02-04 20:34:00.689863+00	Sith Lord: Maul by Ninjacompany	388	t	0
831	images/others/darth_malgus_by_sinilian_deymcbx.jpeg	31	2022-02-20 07:13:44.508482+00	Darth Malgus by SINILIAN	203	t	0
809	images/anakin skywalker/deviantart_267314551_Anakin_Skywalker.jpg	35	2022-01-28 19:48:19.536746+00	Anakin Skywalker by Ninjacompany	601	t	0
761	images/others/left_behind___star_wars_poster__source_filmmaker__by_firedragonmatty_dbux00c-min.png	31	2022-01-17 07:49:51.25055+00	Left Behind - SW Poster by firedragonmatty	467	t	0
816	images/darth maul/deviantart_267315536_Darth_Maul.jpg	50	2022-02-04 20:32:24.897306+00	Darth Maul by Ninjacompany	373	t	0
823	images/grogu/1057692.jpeg	46	2022-02-05 07:23:05.455848+00	Grogu by Juan Melo	449	t	0
523	images/princess leia/leia_by_fdasuarez_ddm5kbu-fullview.jpg	39	2021-10-13 06:53:14.990482+00	Leia by fdasuarez	763	t	0
808	images/others/separatist_council_by_totemos_daxbpbk.jpeg	31	2022-01-28 19:34:37.342533+00	Separatist Council by Totemos	394	t	0
835	images/others/razor_crest_by_robf4_deze6ut.png	31	2022-02-20 07:33:42.133902+00	Razor Crest by RobF4	181	t	0
822	images/others/deviantart_864365931_IG-11.jpg	31	2022-02-05 06:10:04.586124+00	IG-11 by Eedenartwork	368	t	0
827	images/others/7uRAnQ84_4x.jpeg	31	2022-02-05 18:13:42.594183+00	Droideka Flamethrower Variant by StanfordGallery	481	t	0
821	images/others/spaceport_by_yimerin_dez2n0n.jpeg	31	2022-02-05 06:00:43.507446+00	Spaceport by Yimerin	339	t	0
836	images/others/master_thrawn_by_oliverink_ddbbuim_1.png	31	2022-02-20 08:01:40.014102+00	SW The Force Unleashed Wallpaper	236	t	0
820	images/others/starfighters_over_naboo_by_chewinator1_dezabb0.png	31	2022-02-04 21:18:11.380963+00	Starfighters over Naboo by chewinator1	408	t	0
819	images/others/deviantart_766455202_Bane.png	31	2022-02-04 21:11:19.615769+00	Bane by Drakarra	469	t	0
818	images/luke skywalker/deviantart_905953668_Luke_and_Grogu_in_bamboo.jpg	38	2022-02-04 20:56:08.717845+00	Luke and Grogu in bamboo by ElfenEar	414	t	0
810	images/obi-wan kenobi/deviantart_267314919_Obi-Wan_Kenobi.jpg	34	2022-01-28 19:57:58.654516+00	Obi-Wan Kenobi by Ninjacompany	558	t	0
807	images/mace windu/deviantart_763240265_Star_Wars_mace_windu.jpg	49	2022-01-28 19:26:06.10413+00	Mace Windu by Ninjacompany	363	t	0
\.


--
-- Data for Name: taggit_tag; Type: TABLE DATA; Schema: public; Owner: postgres
--

COPY public.taggit_tag (id, name, slug) FROM stdin;
6	jean	jean
7	rey	rey
8	vader	vader
9	darth vader	darth-vader
10	mizuri	mizuri
11	sexy	sexy
12	dark rey	dark-rey
13	kylo	kylo
14	kylo ren	kylo-ren
15	ren	ren
16	grievous	grievous
17	general grievous	general-grievous
18	mara jade	mara-jade
19	skylwalker	skylwalker
20	mara	mara
21	jade	jade
22	plo	plo
23	plo koon	plo-koon
24	koon	koon
25	dooku	dooku
26	count dooku	count-dooku
27	count	count
28	Grand	grand
29	Tarkin	tarkin
30	Grand Moff Tarkin	grand-moff-tarkin
31	Moff	moff
32	jango	jango
33	fett	fett
34	boba	boba
35	chewie	chewie
36	chewbacca	chewbacca
37	lando	lando
38	calrissian	calrissian
39	windu	windu
40	mace	mace
41	darth	darth
42	maul	maul
43	thrawn	thrawn
44	grand admiral	grand-admiral
45	anakin	anakin
46	c3po	c3po
47	r2d2	r2d2
48	bb-8	bb-8
49	r2-d2	r2-d2
50	r2	r2
51	han	han
52	solo	solo
53	qui	qui
54	gon	gon
55	jinn	jinn
56	revan	revan
57	shan	shan
58	bastila	bastila
59	malak	malak
60	palpatine	palpatine
61	senate	senate
62	Sidious	sidious
63	yoda	yoda
64	master	master
65	baby yoda	baby-yoda
66	grogu	grogu
67	child	child
68	mandalorian	mandalorian
69	din	din
70	djarin	djarin
71	katan	katan
72	leia	leia
73	princess	princess
74	bikini	bikini
75	skywalker	skywalker
76	luke	luke
77	ahsoka	ahsoka
78	tano	tano
79	amidala	amidala
80	queen	queen
81	padme	padme
82	obi	obi
83	obi-wan	obi-wan
84	ben	ben
85	wan	wan
86	kenobi	kenobi
87	satine	satine
88	gideon	gideon
89	troopers	troopers
90	dark troopers	dark-troopers
91	trooper	trooper
92	shadow	shadow
93	death	death
94	purge	purge
95	inquisitor	inquisitor
96	saber	saber
97	lightsaber	lightsaber
99	Darth	darth_1
100	Starkiller	starkiller
101	Galen	galen
102	jedi	jedi
103	fallen order	fallen-order
104	merrin	merrin
105	bane	bane
106	zannah	zannah
107	Nihilus	nihilus
108	surik	surik
109	hot	hot
110	malgus	malgus
111	cosplay	cosplay
112	girl	girl
113	epic	epic
114	clone	clone
115	troop	troop
116	troops	troops
117	empire	empire
118	droid	droid
119	ships	ships
120	red guard	red-guard
121	redrobes	redrobes
122	lighsaber	lighsaber
123	pilot	pilot
124	bb8	bb8
125	luku	luku
126	c-3po	c-3po
127	robot	robot
128	x-wing	x-wing
129	starfighter	starfighter
130	xwing	xwing
131	starship	starship
132	millennium falcon	millennium-falcon
133	falcon	falcon
134	millennium	millennium
135	cyberpunk	cyberpunk
136	spaceship	spaceship
137	snoke	snoke
138	last jedi	last-jedi
139	supreme leader snoke	supreme-leader-snoke
141	starkiller	starkiller_1
142	star killer	star-killer
143	TIE Fighter	tie-fighter
144	battle	battle
145	Destroyer	destroyer
146	mando	mando
147	din djarin	din-djarin
148	cara	cara
149	dune	dune
150	ig11	ig11
151	cara dune	cara-dune
152	ig-11	ig-11
153	starships	starships
155	destroyer	destroyer_1
156	spaceships	spaceships
157	super star destroyer	super-star-destroyer
159	X-wing	x-wing_1
160	anime	anime
161	cartoon	cartoon
162	samurai	samurai
163	luke skywalker	luke-skywalker
164	qui-gon	qui-gon
165	droids	droids
166	stormtrooper	stormtrooper
167	captain rex	captain-rex
168	captain	captain
169	rex	rex
170	aayla	aayla
171	secura	secura
172	aayla secura	aayla-secura
173	captain grievous	captain-grievous
174	boba fett	boba-fett
175	phasma	phasma
176	darth maul	darth-maul
177	talon	talon
178	city	city
179	futuristic	futuristic
180	cute	cute
181	artwork	artwork
182	at-at	at-at
183	wookiee	wookiee
184	b-wing	b-wing
185	shaak ti	shaak-ti
186	shaak	shaak
187	daren	daren
188	sith	sith
189	petri	petri
190	art	art
191	girls	girls
192	machine	machine
193	bb	bb
194	stormtroopers	stormtroopers
195	fighter	fighter
196	symbol	symbol
197	jedi order	jedi-order
198	imperial	imperial
199	logo	logo
200	first order	first-order
201	helmet	helmet
202	abstract	abstract
203	game	game
205	tie-fighter	tie-fighter_1
206	tie	tie
207	handsome	handsome
208	wolffe	wolffe
209	commander	commander
210	gregor	gregor
211	clonetrooper	clonetrooper
212	battlefront	battlefront
213	cody	cody
214	4k	4k
215	wallpaper	wallpaper
216	background	background
217	separatist	separatist
218	Yin Yang	yin-yang
219	new republic	new-republic
220	rebel	rebel
221	republic	republic
222	Old Republic	old-republic
223	galactic Republic	galactic-republic
224	galactic	galactic
226	Jedi Order	jedi-order_1
227	divided allegiance	divided-allegiance
229	Imperial	imperial_1
230	general	general
231	stormtooper	stormtooper
232	jyn	jyn
233	jynerso	jynerso
234	jyn erso	jyn-erso
235	lukeskywalker	lukeskywalker
236	crossguard	crossguard
237	tiefighter	tiefighter
238	millenniumfalcon	millenniumfalcon
239	landscape	landscape
240	dead	dead
241	galactic empire	galactic-empire
242	bad batch	bad-batch
243	clones	clones
244	neworder	neworder
245	bo-katan	bo-katan
246	owls	owls
247	nite owls	nite-owls
248	retro	retro
250	bo katan	bo-katan_1
251	nite	nite
252	black	black
253	amoled	amoled
254	wren	wren
255	sabine	sabine
256	darksaber	darksaber
257	rebels	rebels
258	drawing	drawing
259	red	red
260	old	old
262	Shan	shan_1
263	Satele	satele
264	gina	gina
265	carano	carano
266	dark	dark
267	djanrin	djanrin
268	fallen	fallen
269	fanart	fanart
270	order	order
271	darth nihilus	darth-nihilus
272	darth revan	darth-revan
274	nihilus	nihilus_1
275	anewhope attackoftheclones returnofthejedi theempirestrikesback rogueone theforceawakens thelastjedi	anewhope-attackoftheclones-returnofthejedi-theempirestrikesback-rogueone-theforceawakens-thelastjedi
276	rogueone	rogueone
277	theforceawakens	theforceawakens
278	newhope	newhope
279	thelastjedi	thelastjedi
280	returnofthejedi	returnofthejedi
281	theempirestrikesback	theempirestrikesback
282	attackoftheclones	attackoftheclones
283	ship	ship
284	ti	ti
285	sketch	sketch
286	ronin	ronin
287	compilation	compilation
288	ninja	ninja
289	guard	guard
290	jungle	jungle
291	baby	baby
292	mandolorian	mandolorian
294	moff	moff_1
295	erso	erso
296	k2	k2
297	k2so	k2so
298	k-2so	k-2so
299	warship	warship
300	star	star
301	cyber	cyber
302	darkside	darkside
303	jar jar	jar-jar
304	jar	jar
305	jar jar binks	jar-jar-binks
306	binks	binks
307	jar binks	jar-binks
308	beautifu	beautifu
309	finn	finn
310	awakens	awakens
311	force	force
312	gaming	gaming
313	random	random
314	fantasy	fantasy
315	home one	home-one
316	b-wings	b-wings
317	lek	lek
318	twi	twi
319	twi lek	twi-lek
320	fisto	fisto
321	kit fisto	kit-fisto
322	kti	kti
323	rachi	rachi
324	rachi sitra	rachi-sitra
325	sitra	sitra
326	admiral thrawn	admiral-thrawn
327	admiral	admiral
328	halo	halo
329	fox	fox
330	hux	hux
331	jango fett	jango-fett
332	republic commando	republic-commando
333	commando	commando
334	hunter	hunter
335	wolf	wolf
336	obiwan	obiwan
337	anakin skywalker	anakin-skywalker
338	commander crush	commander-crush
339	crush	crush
340	devrahh	devrahh
341	knight	knight
342	xenomorph	xenomorph
343	alien	alien
344	bounty	bounty
345	cadbane	cadbane
346	cad	cad
347	starfight	starfight
348	mobile	mobile
349	town	town
350	rogue	rogue
351	squadron	squadron
352	hera	hera
353	syndulla	syndulla
354	babu	babu
355	frik	frik
356	forest	forest
357	cc-2224	cc-2224
358	501	501
359	501st	501st
360	bo	bo
361	kryze	kryze
362	owl	owl
363	raider	raider
364	tusken	tusken
365	clonewars	clonewars
366	storm	storm
367	knights	knights
368	oldrepublic	oldrepublic
369	beniko	beniko
370	lana	lana
372	old republic	old-republic_1
373	kestis	kestis
374	cal	cal
375	renegade	renegade
376	last	last
377	alderaan	alderaan
378	deathstar	deathstar
379	fight	fight
380	warrior	warrior
381	losator	losator
382	rianni	rianni
383	spacecraft	spacecraft
384	trilla	trilla
385	suduri	suduri
386	nightsister	nightsister
387	jedifallenorder	jedifallenorder
388	firstorder	firstorder
389	bb-9e	bb-9e
390	bb9e	bb9e
391	creature	creature
392	porg	porg
393	duel	duel
394	santa	santa
395	droideka	droideka
396	building	building
397	at-st	at-st
398	walker	walker
399	interceptor	interceptor
400	space	space
401	hunting	hunting
402	scifi	scifi
403	guardian	guardian
404	jedi lightsaber	jedi-lightsaber
405	darthvader	darthvader
406	woman	woman
407	zombie	zombie
408	forceawakens	forceawakens
409	revenge	revenge
410	revengeofthesith	revengeofthesith
411	solder	solder
412	tattooine	tattooine
413	shuttle	shuttle
414	sandcrawler	sandcrawler
415	jawa	jawa
416	raiders	raiders
417	darkvinc	darkvinc
418	sandtrooper	sandtrooper
419	blaster	blaster
420	universe	universe
421	coruscant	coruscant
422	planet	planet
423	women	women
424	millenium	millenium
426	tarkin	tarkin_1
427	organa	organa
429	grand	grand_1
430	empirestrikesback	empirestrikesback
431	back	back
432	strikes	strikes
433	nar	nar
434	shaddaa	shaddaa
435	endor	endor
436	trade	trade
437	market	market
438	starwars	starwars
439	jabba	jabba
440	emperor	emperor
441	ewoks	ewoks
442	gunray	gunray
443	nute	nute
444	bail	bail
445	senator	senator
446	jarjar	jarjar
447	tyranus	tyranus
448	bibble	bibble
449	quadinaros	quadinaros
450	mars	mars
451	clegg	clegg
452	rune	rune
453	chancellor	chancellor
454	mandrell	mandrell
455	boles	boles
456	dud	dud
457	ric	ric
458	shmi	shmi
459	bolt	bolt
460	guo	guo
461	supreme	supreme
462	quarsh	quarsh
463	roose	roose
464	hutt	hutt
465	haako	haako
466	panaka	panaka
467	teemto	teemto
468	sandage	sandage
469	ody	ody
470	nass	nass
471	ark	ark
472	gasgano	gasgano
474	sidious	sidious_1
475	roor	roor
476	holdfast	holdfast
477	watto	watto
478	pagalies	pagalies
479	phantommenace	phantommenace
480	naberrie	naberrie
481	beedo	beedo
482	aldar	aldar
483	boss	boss
484	sebulba	sebulba
485	valorum	valorum
486	sio	sio
487	darth talon	darth-talon
488	ahsoka tano	ahsoka-tano
489	alysray	alysray
490	commission	commission
491	commission alysray	commission-alysray
492	bookofbobafett	bookofbobafett
493	book	book
494	tbobf	tbobf
495	shand	shand
496	fennec	fennec
497	skull	skull
498	mosespa	mosespa
499	mos	mos
500	tatooine	tatooine
501	espa	espa
502	chieftain	chieftain
503	sand	sand
504	balrog	balrog
505	monster	monster
506	rancor	rancor
507	zuckuss	zuckuss
508	sniper	sniper
509	lizard	lizard
510	bossk	bossk
511	lizardman	lizardman
512	junk	junk
513	spaceport	spaceport
514	awing	awing
515	wing	wing
516	transport	transport
517	cruiser	cruiser
518	teal	teal
519	engines	engines
520	turquoise	turquoise
521	freighter	freighter
522	rust	rust
523	rise	rise
524	desert	desert
525	collector	collector
526	riseofskywalker	riseofskywalker
527	underworld	underworld
528	environment	environment
529	cloud	cloud
530	bespin	bespin
531	cloudcity	cloudcity
532	jabbathehutt	jabbathehutt
533	graphite	graphite
534	hansolo	hansolo
535	liberty	liberty
536	mc80	mc80
537	blood	blood
538	buddy	buddy
539	behind	behind
540	scout	scout
541	vector	vector
542	stromtrooper	stromtrooper
543	jawas	jawas
544	vintageposter	vintageposter
545	vintage	vintage
546	poster	poster
547	xwings	xwings
548	propagate	propagate
549	propaganda	propaganda
550	gladiator	gladiator
551	hailfire	hailfire
552	cabine	cabine
553	dogfight	dogfight
554	assault	assault
555	stromtroopers	stromtroopers
556	tomb	tomb
557	rebellion	rebellion
558	yellowsaber	yellowsaber
559	bomber	bomber
560	vwing	vwing
561	war	war
562	atap	atap
563	vehicle	vehicle
564	at-ap	at-ap
565	speeder	speeder
566	fast	fast
567	hovercraft	hovercraft
568	warriror	warriror
569	at-frc	at-frc
570	stardestroyer	stardestroyer
571	road	road
572	crashed mountains	crashed-mountains
573	rainy	rainy
574	valley	valley
575	shocktrooper	shocktrooper
576	soldier	soldier
577	painting	painting
578	mask	mask
579	poison	poison
580	digitalart	digitalart
581	digitaldrawing	digitaldrawing
582	plague	plague
583	lightsabers	lightsabers
584	plaega	plaega
585	pathfinder	pathfinder
586	clankers	clankers
587	mandalore	mandalore
588	army	army
589	glow	glow
590	civil	civil
591	galacticempire	galacticempire
592	aphra	aphra
593	doctor	doctor
594	cereia	cereia
595	earth	earth
596	belleau	belleau
597	base	base
598	corellian	corellian
599	arctic	arctic
600	cold	cold
601	hunters	hunters
602	disney	disney
603	council	council
604	darth malak	darth-malak
605	bamboo	bamboo
606	babyyoda	babyyoda
607	western	western
608	clouds	clouds
609	naboo	naboo
610	jin	jin
611	poe	poe
612	yinyang	yinyang
613	light	light
614	quigon	quigon
615	swtor	swtor
616	sithlord	sithlord
617	traveler	traveler
618	razor	razor
619	crest	crest
620	starlord	starlord
621	forceunleashed	forceunleashed
622	swtfu	swtfu
623	unleashed	unleashed
624	marek	marek
626	galen	galen_1
\.


--
-- Data for Name: taggit_taggeditem; Type: TABLE DATA; Schema: public; Owner: postgres
--

COPY public.taggit_taggeditem (id, object_id, content_type_id, tag_id) FROM stdin;
14	9	8	8
15	9	8	9
16	10	8	8
17	10	8	9
18	11	8	8
19	11	8	9
20	12	8	8
21	12	8	9
22	13	8	8
23	13	8	9
24	14	8	8
25	14	8	9
26	15	8	8
27	15	8	9
28	16	8	8
29	16	8	9
30	17	8	11
31	17	8	7
36	20	8	11
37	20	8	7
38	21	8	7
43	24	8	12
44	24	8	7
45	25	8	12
46	25	8	7
49	27	8	13
50	27	8	14
51	27	8	15
52	28	8	13
53	28	8	14
54	28	8	15
55	29	8	13
56	29	8	14
57	29	8	15
58	30	8	13
59	30	8	14
60	30	8	15
61	31	8	13
62	31	8	14
63	31	8	15
64	32	8	13
65	32	8	14
66	32	8	15
67	33	8	13
68	33	8	14
69	33	8	15
70	34	8	13
71	34	8	14
72	34	8	15
73	35	8	13
74	35	8	14
75	35	8	15
76	36	8	13
77	36	8	14
78	36	8	15
79	37	8	16
80	37	8	17
81	38	8	16
82	38	8	17
83	39	8	16
84	39	8	17
85	40	8	18
86	40	8	19
87	40	8	20
88	40	8	21
89	41	8	18
90	41	8	19
91	41	8	20
92	41	8	21
97	43	8	18
98	43	8	19
99	43	8	20
100	43	8	21
101	44	8	18
102	44	8	19
103	44	8	20
104	44	8	21
105	45	8	18
106	45	8	19
107	45	8	20
108	45	8	21
109	46	8	24
110	46	8	22
111	46	8	23
112	47	8	24
113	47	8	22
114	47	8	23
115	48	8	24
116	48	8	22
117	48	8	23
118	49	8	25
119	49	8	26
120	49	8	27
121	50	8	25
122	50	8	26
123	50	8	27
124	51	8	28
125	51	8	29
126	51	8	30
127	51	8	31
128	52	8	28
129	52	8	29
130	52	8	30
131	52	8	31
132	53	8	28
133	53	8	29
134	53	8	30
135	53	8	31
136	54	8	28
137	54	8	29
138	54	8	30
139	54	8	31
140	55	8	28
141	55	8	29
142	55	8	30
143	55	8	31
144	56	8	32
145	56	8	33
146	57	8	32
147	57	8	33
148	58	8	32
149	58	8	33
150	59	8	32
151	59	8	33
152	60	8	33
153	60	8	34
154	61	8	33
155	61	8	34
156	62	8	33
157	62	8	34
158	63	8	33
159	63	8	34
160	64	8	33
161	64	8	34
162	65	8	35
163	65	8	36
164	66	8	35
165	66	8	36
166	67	8	35
167	67	8	36
168	68	8	35
169	68	8	36
170	69	8	37
171	69	8	38
172	70	8	37
173	70	8	38
174	71	8	37
175	71	8	38
176	72	8	37
177	72	8	38
178	73	8	37
179	73	8	38
180	74	8	40
181	74	8	39
182	75	8	40
183	75	8	39
184	76	8	40
185	76	8	39
186	77	8	41
187	77	8	42
188	78	8	41
189	78	8	42
190	79	8	41
191	79	8	42
192	80	8	41
193	80	8	42
194	81	8	41
195	81	8	42
196	82	8	41
197	82	8	42
198	83	8	41
199	83	8	42
200	84	8	41
201	84	8	42
202	85	8	43
203	85	8	44
204	86	8	43
205	86	8	44
206	87	8	43
207	87	8	44
208	88	8	43
209	88	8	44
210	88	8	45
211	89	8	46
212	90	8	48
213	90	8	46
214	90	8	47
215	91	8	49
216	91	8	50
217	92	8	49
218	92	8	50
219	93	8	49
220	93	8	50
221	94	8	46
222	94	8	47
223	95	8	51
224	95	8	52
225	96	8	51
226	96	8	52
227	97	8	51
228	97	8	52
229	98	8	51
230	98	8	52
231	99	8	51
232	99	8	52
233	100	8	53
234	100	8	54
235	100	8	55
236	101	8	53
237	101	8	54
238	101	8	55
239	102	8	53
240	102	8	54
241	102	8	55
242	103	8	42
243	103	8	53
244	103	8	54
245	103	8	55
246	104	8	53
247	104	8	54
248	104	8	55
249	105	8	56
250	105	8	41
251	106	8	56
252	106	8	41
253	107	8	56
254	107	8	41
255	107	8	58
256	107	8	57
259	109	8	56
260	109	8	41
263	111	8	56
264	111	8	41
265	112	8	56
266	112	8	41
267	112	8	59
268	113	8	41
269	113	8	60
270	113	8	61
271	113	8	62
272	114	8	41
273	114	8	60
274	114	8	61
275	114	8	62
276	115	8	41
277	115	8	60
278	115	8	61
279	115	8	62
280	116	8	41
281	116	8	60
282	116	8	61
283	116	8	62
284	117	8	41
285	117	8	60
286	117	8	61
287	117	8	62
288	118	8	64
289	118	8	63
290	119	8	64
291	119	8	63
292	120	8	64
293	120	8	63
294	121	8	64
295	121	8	63
296	122	8	64
297	122	8	63
298	123	8	64
299	123	8	63
300	124	8	65
301	124	8	66
302	124	8	67
303	125	8	65
304	125	8	66
305	125	8	67
306	126	8	65
307	126	8	66
308	126	8	67
309	127	8	65
310	127	8	66
311	127	8	67
312	128	8	65
313	128	8	66
314	128	8	67
315	129	8	65
316	129	8	66
317	129	8	67
318	130	8	65
319	130	8	66
320	130	8	67
321	130	8	68
322	130	8	69
323	131	8	65
324	131	8	66
325	131	8	67
326	132	8	65
327	132	8	66
328	132	8	67
329	132	8	63
330	133	8	68
331	133	8	69
332	133	8	70
333	134	8	68
334	134	8	69
335	134	8	70
336	135	8	68
337	135	8	69
338	135	8	70
339	136	8	68
340	136	8	69
341	136	8	70
342	137	8	68
343	137	8	69
344	137	8	70
345	138	8	68
346	138	8	69
347	138	8	70
348	139	8	68
349	139	8	69
350	139	8	70
351	140	8	68
352	140	8	69
353	140	8	70
354	141	8	68
355	141	8	69
356	141	8	70
357	142	8	71
358	143	8	72
359	143	8	73
360	144	8	72
361	144	8	73
362	145	8	72
363	145	8	73
364	146	8	72
365	146	8	73
366	147	8	72
367	147	8	73
371	149	8	72
372	149	8	73
373	149	8	50
374	150	8	72
375	150	8	73
376	151	8	8
377	151	8	75
378	151	8	76
379	152	8	75
380	152	8	76
381	153	8	75
382	153	8	76
383	154	8	75
384	154	8	76
385	155	8	75
386	155	8	76
387	156	8	75
388	156	8	76
389	157	8	77
390	157	8	78
397	161	8	77
398	161	8	78
399	162	8	77
400	162	8	78
401	163	8	66
402	163	8	77
403	163	8	78
404	164	8	77
405	164	8	78
406	165	8	77
407	165	8	78
408	166	8	77
409	166	8	78
410	167	8	80
411	167	8	81
412	167	8	79
413	168	8	80
414	168	8	81
415	168	8	79
416	169	8	80
417	169	8	81
418	169	8	79
419	170	8	80
420	170	8	81
421	170	8	79
422	171	8	80
423	171	8	81
424	171	8	79
425	172	8	80
426	172	8	81
427	172	8	79
428	173	8	80
429	173	8	81
430	173	8	79
434	175	8	75
435	175	8	45
436	176	8	75
437	176	8	45
438	177	8	75
439	177	8	45
440	178	8	75
441	178	8	45
442	179	8	75
443	179	8	45
444	180	8	75
445	180	8	45
446	181	8	75
447	181	8	45
448	182	8	75
449	182	8	45
450	183	8	82
451	183	8	83
452	183	8	84
453	183	8	85
454	183	8	86
455	184	8	82
456	184	8	83
457	184	8	84
458	184	8	85
459	184	8	86
460	185	8	82
461	185	8	83
462	185	8	84
463	185	8	85
464	185	8	86
465	186	8	82
466	186	8	83
467	186	8	84
468	186	8	85
469	186	8	86
470	187	8	82
471	187	8	83
472	187	8	84
473	187	8	85
474	187	8	86
475	188	8	82
476	188	8	83
477	188	8	84
478	188	8	85
479	188	8	86
480	189	8	82
481	189	8	83
482	189	8	84
483	189	8	85
484	189	8	86
485	190	8	82
486	190	8	83
487	190	8	84
488	190	8	85
489	190	8	86
490	191	8	42
491	191	8	82
492	191	8	83
493	191	8	84
494	191	8	85
495	191	8	86
496	192	8	82
497	192	8	83
498	192	8	84
499	192	8	85
500	192	8	86
501	192	8	87
502	193	8	82
503	193	8	83
504	193	8	84
505	193	8	85
506	193	8	86
507	194	8	8
508	194	8	9
509	195	8	8
510	195	8	9
511	196	8	8
512	196	8	9
513	197	8	8
514	197	8	9
515	198	8	8
516	198	8	9
517	199	8	8
518	199	8	9
519	200	8	8
520	200	8	9
521	201	8	88
522	201	8	89
523	201	8	90
524	202	8	90
525	202	8	91
526	203	8	90
527	203	8	91
528	204	8	91
529	204	8	92
532	206	8	91
533	206	8	93
534	207	8	91
535	207	8	94
536	207	8	95
537	208	8	91
538	208	8	93
539	209	8	96
540	209	8	97
541	210	8	96
542	210	8	97
543	211	8	96
544	211	8	97
545	212	8	96
546	212	8	97
547	213	8	96
548	213	8	97
549	214	8	96
550	214	8	97
554	216	8	99
555	216	8	100
556	217	8	99
557	217	8	100
558	218	8	100
559	218	8	101
560	219	8	72
561	219	8	73
562	220	8	56
563	220	8	57
564	220	8	58
565	221	8	56
566	221	8	41
567	221	8	58
568	221	8	57
569	222	8	57
570	222	8	58
571	222	8	102
574	224	8	68
575	225	8	68
576	226	8	68
577	227	8	68
578	228	8	56
579	228	8	41
580	229	8	65
581	229	8	66
582	229	8	67
583	230	8	102
584	230	8	103
585	231	8	104
587	233	8	104
588	234	8	105
589	234	8	106
590	235	8	33
591	235	8	34
592	236	8	33
593	236	8	34
594	237	8	107
595	238	8	56
596	238	8	59
597	238	8	108
598	239	8	12
599	239	8	7
600	240	8	41
601	240	8	60
602	240	8	61
603	240	8	62
604	241	8	8
605	241	8	9
606	242	8	90
607	242	8	91
608	243	8	11
609	243	8	109
610	243	8	7
611	244	8	80
612	244	8	81
613	244	8	79
614	245	8	77
615	246	8	56
616	247	8	68
617	248	8	8
618	248	8	9
619	249	8	41
620	249	8	110
624	251	8	40
625	251	8	113
626	251	8	39
627	252	8	114
628	252	8	115
631	254	8	32
632	254	8	33
633	255	8	114
634	255	8	116
635	256	8	117
636	256	8	118
637	257	8	112
638	257	8	11
639	258	8	114
640	258	8	116
641	259	8	119
642	260	8	120
643	260	8	121
644	261	8	122
645	261	8	7
646	262	8	112
647	262	8	123
648	262	8	117
649	263	8	48
650	263	8	124
653	265	8	82
654	265	8	83
655	265	8	85
656	265	8	86
657	266	8	45
658	266	8	75
659	266	8	125
660	267	8	118
661	267	8	126
662	267	8	127
663	268	8	64
664	268	8	63
665	269	8	64
666	269	8	63
667	270	8	128
668	270	8	129
669	270	8	130
670	271	8	128
671	271	8	129
672	271	8	130
673	272	8	115
674	272	8	116
675	273	8	131
676	273	8	132
677	273	8	133
678	273	8	134
679	274	8	135
680	273	8	136
681	275	8	131
682	275	8	132
683	275	8	133
684	275	8	134
685	275	8	136
686	276	8	8
687	276	8	9
688	276	8	41
689	277	8	8
690	277	8	9
691	277	8	41
692	278	8	48
693	278	8	124
694	279	8	137
695	279	8	138
696	279	8	139
697	279	8	102
698	280	8	8
699	280	8	9
700	280	8	41
701	280	8	141
702	280	8	142
703	281	8	131
704	281	8	132
705	281	8	133
706	281	8	134
707	281	8	136
708	281	8	143
709	281	8	144
710	281	8	145
711	282	8	8
712	282	8	9
713	282	8	41
714	283	8	131
715	283	8	132
716	283	8	133
717	283	8	134
718	283	8	136
719	284	8	146
720	284	8	147
721	284	8	68
722	285	8	102
723	285	8	7
724	285	8	13
725	285	8	14
726	285	8	15
727	286	8	68
728	286	8	146
729	286	8	147
730	286	8	148
731	286	8	149
732	286	8	150
733	286	8	151
734	286	8	152
735	287	8	128
736	287	8	130
737	287	8	144
738	287	8	153
739	287	8	155
740	287	8	156
741	287	8	157
742	288	8	129
743	288	8	130
744	288	8	131
745	288	8	136
746	288	8	159
747	289	8	75
748	289	8	76
749	289	8	102
750	289	8	7
751	290	8	65
752	290	8	66
753	290	8	68
754	290	8	146
755	290	8	147
756	291	8	160
757	291	8	161
758	291	8	36
759	291	8	102
760	291	8	7
761	291	8	13
762	291	8	14
763	291	8	15
764	291	8	115
765	291	8	116
766	291	8	118
767	291	8	124
768	291	8	126
769	291	8	127
770	292	8	160
771	292	8	161
772	292	8	8
773	292	8	41
774	292	8	9
775	292	8	75
776	292	8	76
777	292	8	46
778	292	8	52
779	292	8	63
780	293	8	160
781	293	8	161
782	293	8	162
783	294	8	160
784	294	8	161
785	295	8	160
786	295	8	161
787	295	8	163
788	295	8	75
789	295	8	76
790	296	8	160
791	296	8	161
792	296	8	102
793	297	8	131
794	297	8	132
795	297	8	133
796	297	8	134
797	297	8	136
798	298	8	51
799	298	8	52
800	299	8	164
801	299	8	53
802	299	8	54
803	299	8	55
804	300	8	91
805	300	8	116
806	301	8	41
807	301	8	42
808	302	8	56
809	303	8	80
810	303	8	81
811	303	8	79
812	304	8	165
813	304	8	46
814	304	8	47
815	305	8	166
816	306	8	168
817	306	8	169
818	306	8	167
819	307	8	170
820	307	8	171
821	307	8	172
822	308	8	13
823	308	8	15
824	309	8	13
825	309	8	15
826	310	8	33
827	310	8	34
828	311	8	7
829	312	8	112
830	312	8	20
831	312	8	21
832	312	8	111
833	313	8	112
834	313	8	20
835	313	8	21
836	314	8	132
837	314	8	133
838	314	8	134
839	314	8	119
840	315	8	9
841	315	8	173
842	315	8	174
843	315	8	175
844	315	8	14
845	315	8	176
846	315	8	60
847	316	8	112
848	316	8	109
849	317	8	8
850	317	8	41
851	318	8	41
852	318	8	177
853	319	8	33
854	319	8	34
855	319	8	66
856	320	8	56
857	320	8	41
858	320	8	59
859	321	8	68
860	321	8	63
861	322	8	178
862	322	8	179
863	322	8	119
864	323	8	63
865	324	8	112
866	324	8	180
867	324	8	181
868	324	8	7
869	325	8	112
870	325	8	11
871	325	8	111
872	325	8	166
873	326	8	48
874	326	8	165
875	327	8	91
876	327	8	166
877	328	8	132
878	328	8	133
879	328	8	134
880	328	8	119
881	329	8	33
882	329	8	34
883	330	8	8
884	330	8	41
885	331	8	33
886	331	8	34
887	332	8	182
888	332	8	119
889	333	8	183
890	334	8	112
891	334	8	180
892	335	8	184
893	335	8	119
894	336	8	185
895	336	8	186
896	337	8	13
897	337	8	15
898	338	8	8
899	338	8	41
900	339	8	111
901	340	8	187
902	340	8	188
907	342	8	13
908	342	8	15
909	343	8	41
910	343	8	42
911	344	8	128
912	345	8	111
913	345	8	191
914	346	8	97
915	346	8	191
916	347	8	33
917	347	8	34
918	348	8	8
919	348	8	41
920	349	8	8
921	349	8	41
922	350	8	192
923	350	8	119
924	351	8	112
925	351	8	97
926	351	8	181
927	352	8	48
928	352	8	193
929	353	8	194
930	353	8	13
931	353	8	15
932	354	8	194
933	354	8	166
934	355	8	168
935	355	8	175
936	356	8	128
937	356	8	130
938	356	8	195
939	357	8	196
940	357	8	197
941	357	8	102
942	358	8	188
943	358	8	198
944	358	8	199
945	359	8	200
946	359	8	194
947	359	8	166
948	360	8	8
949	360	8	41
950	361	8	96
951	361	8	97
952	362	8	201
953	362	8	166
954	363	8	132
955	363	8	133
956	363	8	134
957	364	8	13
958	364	8	15
959	365	8	201
960	365	8	166
961	366	8	202
962	367	8	202
963	368	8	203
964	368	8	190
965	369	8	201
966	370	8	11
967	370	8	109
968	370	8	190
969	371	8	195
970	371	8	205
971	371	8	206
972	372	8	166
973	373	8	77
974	373	8	78
975	374	8	180
976	374	8	77
977	374	8	78
978	375	8	32
979	375	8	33
982	377	8	207
983	378	8	40
984	378	8	39
985	379	8	112
986	379	8	188
987	379	8	111
988	380	8	168
989	380	8	169
990	381	8	208
991	381	8	209
992	382	8	168
993	382	8	210
994	383	8	7
995	384	8	7
996	385	8	7
997	386	8	13
998	386	8	15
999	387	8	114
1000	387	8	91
1001	387	8	212
1002	387	8	211
1003	388	8	180
1004	388	8	77
1005	388	8	78
1006	389	8	209
1007	389	8	213
1008	390	8	196
1009	390	8	117
1010	390	8	214
1011	390	8	215
1012	390	8	216
1013	390	8	188
1014	391	8	196
1015	391	8	199
1016	391	8	214
1017	391	8	215
1018	391	8	217
1019	392	8	97
1020	392	8	196
1021	392	8	199
1022	392	8	214
1023	392	8	215
1024	393	8	196
1025	393	8	199
1026	393	8	214
1027	393	8	215
1028	393	8	218
1029	394	8	196
1030	394	8	199
1031	394	8	214
1032	394	8	215
1033	394	8	219
1034	395	8	196
1035	395	8	102
1036	395	8	199
1037	395	8	214
1038	395	8	215
1039	396	8	196
1040	396	8	102
1041	396	8	199
1042	396	8	214
1043	396	8	215
1044	396	8	220
1045	397	8	196
1046	397	8	199
1047	397	8	214
1048	397	8	215
1049	397	8	221
1050	397	8	222
1051	398	8	196
1052	398	8	199
1053	398	8	214
1054	398	8	215
1055	398	8	221
1056	398	8	222
1057	399	8	224
1058	399	8	196
1059	399	8	199
1060	399	8	214
1061	399	8	215
1062	399	8	221
1063	399	8	223
1064	400	8	226
1065	400	8	196
1066	400	8	102
1067	400	8	199
1068	400	8	214
1069	400	8	215
1070	401	8	196
1071	401	8	68
1072	401	8	199
1073	401	8	214
1074	401	8	215
1075	402	8	227
1076	402	8	196
1077	402	8	199
1078	402	8	214
1079	402	8	215
1080	403	8	196
1081	403	8	199
1082	403	8	214
1083	403	8	215
1084	403	8	220
1085	404	8	196
1086	404	8	229
1087	404	8	199
1088	404	8	214
1089	404	8	215
1090	405	8	13
1091	405	8	15
1092	406	8	33
1093	406	8	34
1094	407	8	16
1095	407	8	230
1096	408	8	15
1097	408	8	13
1098	408	8	14
1099	408	8	231
1103	410	8	97
1104	410	8	235
1105	410	8	236
1106	410	8	118
1107	410	8	188
1108	411	8	144
1109	411	8	237
1111	411	8	239
1112	411	8	133
1113	411	8	134
1114	412	8	91
1115	412	8	166
1116	413	8	240
1117	413	8	91
1118	413	8	166
1119	414	8	8
1120	414	8	9
1121	414	8	41
1122	415	8	232
1123	415	8	233
1124	415	8	234
1125	416	8	77
1126	416	8	78
1127	417	8	81
1128	417	8	180
1129	417	8	79
1130	418	8	8
1131	418	8	9
1132	418	8	41
1133	419	8	194
1134	419	8	166
1135	420	8	41
1136	420	8	42
1137	421	8	241
1138	421	8	215
1139	422	8	241
1140	422	8	215
1141	423	8	102
1142	423	8	215
1143	424	8	102
1144	424	8	215
1145	425	8	89
1146	425	8	242
1147	425	8	243
1148	426	8	242
1149	426	8	243
1150	427	8	8
1151	427	8	41
1152	428	8	166
1153	429	8	20
1154	429	8	21
1155	430	8	119
1156	431	8	16
1157	431	8	230
1158	432	8	161
1159	432	8	43
1160	433	8	102
1161	433	8	215
1162	434	8	244
1163	434	8	215
1164	435	8	188
1165	435	8	215
1166	436	8	215
1167	436	8	68
1168	436	8	245
1169	436	8	246
1170	436	8	247
1171	436	8	248
1172	436	8	250
1173	436	8	251
1174	437	8	7
1175	438	8	49
1176	438	8	252
1177	438	8	253
1178	439	8	256
1179	439	8	257
1180	439	8	254
1181	439	8	255
1182	440	8	66
1183	440	8	68
1184	440	8	146
1185	440	8	147
1186	440	8	148
1187	440	8	149
1188	441	8	112
1189	441	8	180
1190	441	8	77
1191	441	8	78
1192	442	8	81
1193	442	8	258
1194	442	8	180
1195	442	8	79
1196	443	8	201
1197	444	8	32
1198	444	8	33
1199	445	8	259
1200	445	8	13
1201	445	8	15
1202	446	8	168
1203	446	8	175
1204	447	8	168
1205	447	8	175
1206	448	8	168
1207	448	8	175
1208	449	8	168
1209	449	8	175
1210	450	8	41
1211	450	8	42
1212	451	8	97
1213	451	8	260
1214	451	8	262
1215	451	8	263
1216	451	8	221
1217	452	8	33
1218	452	8	34
1219	453	8	36
1220	454	8	77
1221	454	8	78
1222	455	8	16
1223	455	8	230
1224	456	8	81
1225	456	8	79
1226	457	8	56
1227	457	8	41
1228	458	8	33
1229	458	8	34
1230	458	8	68
1231	459	8	68
1232	459	8	264
1233	459	8	265
1234	459	8	148
1235	459	8	149
1236	460	8	72
1237	460	8	73
1238	460	8	180
1239	460	8	112
1240	461	8	266
1241	461	8	188
1242	461	8	41
1243	462	8	66
1244	462	8	267
1245	462	8	68
1246	462	8	69
1247	463	8	102
1248	463	8	268
1249	463	8	269
1250	463	8	270
1251	463	8	215
1252	464	8	272
1253	464	8	41
1254	464	8	274
1255	464	8	271
1256	465	8	112
1257	465	8	11
1258	465	8	20
1259	465	8	21
1260	466	8	41
1261	466	8	42
1262	467	8	128
1263	467	8	195
1264	467	8	206
1265	467	8	119
1266	468	8	112
1267	468	8	123
1268	469	8	13
1269	469	8	15
1270	470	8	7
1271	470	8	8
1272	470	8	13
1273	470	8	15
1275	470	8	33
1276	470	8	34
1277	470	8	36
1278	470	8	41
1279	470	8	46
1280	470	8	52
1281	470	8	63
1282	470	8	75
1283	470	8	76
1284	470	8	102
1285	470	8	115
1286	470	8	116
1287	470	8	118
1288	470	8	124
1289	470	8	126
1290	470	8	276
1291	470	8	277
1292	470	8	278
1293	470	8	279
1294	470	8	280
1295	470	8	281
1296	470	8	282
1297	471	8	65
1298	471	8	66
1299	472	8	75
1300	472	8	76
1301	473	8	68
1302	473	8	69
1303	473	8	70
1304	473	8	8
1305	473	8	41
1306	473	8	146
1307	474	8	155
1308	474	8	241
1309	474	8	214
1310	474	8	215
1311	474	8	283
1312	475	8	112
1313	475	8	186
1314	475	8	180
1315	475	8	284
1316	476	8	33
1317	476	8	34
1318	477	8	48
1319	477	8	168
1320	477	8	175
1321	478	8	13
1322	478	8	14
1323	478	8	15
1324	479	8	13
1325	479	8	14
1326	479	8	15
1327	480	8	64
1328	481	8	65
1329	481	8	68
1330	481	8	63
1331	482	8	77
1332	482	8	78
1333	483	8	75
1334	483	8	45
1335	483	8	82
1336	483	8	85
1337	483	8	86
1338	484	8	75
1339	484	8	45
1340	484	8	82
1341	484	8	85
1342	484	8	86
1343	485	8	230
1344	485	8	41
1345	485	8	271
1346	485	8	17
1347	485	8	274
1348	486	8	41
1349	486	8	42
1350	487	8	81
1351	487	8	258
1352	487	8	285
1353	487	8	79
1354	488	8	32
1355	488	8	33
1356	489	8	56
1357	489	8	272
1358	490	8	160
1359	490	8	161
1360	490	8	162
1361	490	8	102
1362	490	8	286
1363	491	8	257
1364	491	8	102
1365	491	8	7
1366	491	8	8
1367	491	8	41
1368	491	8	75
1369	491	8	76
1370	491	8	13
1371	491	8	15
1372	491	8	86
1373	491	8	215
1374	491	8	287
1375	492	8	188
1376	492	8	215
1377	493	8	188
1378	493	8	215
1379	494	8	288
1380	494	8	289
1381	494	8	162
1382	494	8	259
1383	494	8	198
1384	495	8	290
1385	495	8	220
1386	495	8	117
1387	496	8	102
1388	496	8	144
1389	496	8	82
1390	496	8	83
1391	496	8	85
1392	496	8	86
1393	497	8	66
1394	497	8	291
1395	497	8	292
1396	497	8	63
1397	498	8	146
1398	498	8	68
1399	499	8	66
1400	499	8	291
1401	499	8	68
1402	499	8	146
1403	499	8	147
1404	499	8	63
1405	500	8	146
1406	500	8	68
1407	500	8	69
1408	500	8	70
1409	501	8	66
1410	501	8	291
1411	501	8	292
1412	501	8	63
1413	502	8	66
1414	502	8	291
1415	502	8	292
1416	502	8	63
1417	503	8	146
1418	503	8	68
1419	503	8	69
1420	503	8	70
1421	504	8	66
1422	504	8	291
1423	504	8	68
1424	504	8	69
1425	504	8	70
1426	504	8	146
1427	504	8	63
1428	505	8	146
1429	505	8	68
1430	505	8	69
1431	505	8	70
1432	506	8	33
1433	506	8	34
1434	506	8	66
1435	506	8	68
1436	506	8	69
1437	506	8	70
1438	506	8	294
1439	506	8	77
1440	506	8	78
1441	506	8	146
1442	506	8	88
1443	507	8	232
1444	507	8	234
1445	507	8	295
1446	508	8	232
1447	508	8	234
1448	508	8	295
1449	509	8	295
1450	509	8	232
1451	509	8	297
1452	509	8	234
1453	509	8	296
1454	509	8	298
1455	510	8	180
1456	510	8	77
1457	510	8	78
1458	511	8	97
1459	511	8	194
1460	511	8	117
1461	512	8	131
1462	512	8	136
1463	512	8	299
1464	512	8	300
1465	512	8	155
1466	513	8	32
1467	513	8	33
1468	514	8	188
1469	514	8	301
1470	514	8	302
1471	514	8	215
1472	515	8	114
1473	515	8	91
1474	515	8	212
1475	515	8	211
1476	516	8	102
1477	516	8	82
1478	516	8	83
1479	516	8	85
1480	516	8	86
1481	517	8	304
1482	517	8	188
1483	517	8	302
1484	517	8	303
1485	518	8	97
1486	518	8	221
1487	518	8	102
1488	518	8	63
1489	519	8	32
1490	519	8	33
1491	520	8	56
1492	520	8	41
1493	520	8	188
1494	521	8	77
1495	521	8	78
1496	522	8	41
1497	522	8	42
1498	523	8	72
1499	523	8	73
1500	523	8	180
1501	524	8	72
1502	524	8	73
1503	524	8	180
1504	525	8	303
1505	525	8	304
1506	525	8	305
1507	525	8	306
1508	525	8	307
1509	526	8	180
1510	526	8	308
1511	527	8	133
1512	527	8	134
1513	527	8	119
1514	527	8	132
1515	528	8	16
1516	528	8	230
1517	529	8	36
1518	529	8	7
1519	529	8	13
1520	529	8	15
1521	529	8	51
1522	529	8	52
1523	529	8	309
1524	529	8	310
1525	529	8	311
1526	529	8	124
1527	530	8	168
1528	530	8	175
1529	531	8	36
1530	531	8	8
1531	531	8	41
1532	531	8	72
1533	531	8	75
1534	531	8	76
1535	531	8	51
1536	531	8	52
1537	531	8	83
1538	531	8	86
1539	532	8	248
1540	532	8	33
1541	532	8	34
1542	532	8	72
1543	532	8	8
1544	532	8	41
1545	532	8	312
1546	533	8	168
1547	533	8	175
1548	534	8	8
1549	534	8	9
1550	534	8	126
1551	534	8	41
1552	535	8	129
1553	535	8	130
1554	535	8	131
1555	535	8	136
1556	535	8	253
1557	535	8	159
1558	536	8	112
1559	536	8	49
1560	536	8	313
1561	537	8	112
1562	537	8	313
1563	537	8	314
1564	538	8	112
1565	538	8	161
1566	538	8	180
1567	539	8	295
1568	539	8	232
1569	539	8	297
1570	539	8	234
1571	539	8	296
1572	539	8	298
1573	540	8	33
1574	540	8	34
1575	541	8	315
1576	541	8	316
1577	541	8	119
1578	542	8	317
1579	542	8	318
1580	542	8	319
1581	543	8	24
1582	543	8	22
1583	544	8	320
1584	544	8	321
1585	544	8	322
1586	545	8	16
1587	545	8	230
1588	546	8	323
1589	546	8	324
1590	546	8	325
1591	547	8	323
1592	547	8	324
1593	547	8	325
1594	548	8	326
1595	548	8	327
1598	550	8	180
1599	551	8	8
1600	551	8	41
1601	552	8	13
1602	552	8	15
1603	553	8	77
1604	553	8	78
1605	554	8	329
1606	554	8	114
1607	554	8	209
1608	555	8	8
1609	555	8	41
1610	555	8	91
1611	555	8	166
1612	556	8	188
1613	556	8	269
1614	556	8	215
1615	557	8	200
1616	557	8	330
1617	558	8	33
1618	558	8	34
1619	559	8	43
1620	560	8	32
1621	560	8	34
1622	560	8	331
1623	560	8	174
1624	560	8	255
1625	561	8	332
1626	561	8	333
1627	562	8	333
1628	562	8	334
1629	563	8	56
1630	564	8	168
1631	564	8	175
1632	565	8	168
1633	565	8	175
1634	566	8	168
1635	566	8	175
1636	567	8	168
1637	567	8	175
1638	568	8	168
1639	568	8	175
1640	569	8	168
1641	569	8	175
1642	570	8	168
1643	570	8	175
1644	571	8	32
1645	571	8	114
1646	571	8	211
1647	571	8	212
1648	571	8	91
1649	572	8	128
1650	572	8	129
1651	572	8	130
1652	572	8	131
1653	572	8	136
1654	573	8	13
1655	573	8	15
1656	574	8	269
1657	574	8	335
1658	575	8	336
1659	575	8	82
1660	575	8	84
1661	575	8	85
1662	575	8	86
1663	576	8	102
1664	576	8	82
1665	576	8	83
1666	576	8	85
1667	576	8	86
1668	577	8	337
1669	577	8	75
1670	577	8	45
1671	578	8	209
1672	578	8	338
1673	578	8	339
1674	579	8	114
1675	579	8	211
1676	579	8	333
1677	580	8	112
1678	580	8	41
1679	580	8	340
1680	581	8	72
1681	581	8	73
1682	582	8	64
1683	582	8	102
1684	582	8	269
1685	582	8	341
1686	582	8	311
1687	582	8	221
1688	583	8	97
1689	583	8	266
1690	583	8	302
1691	583	8	342
1692	583	8	343
1693	583	8	188
1694	584	8	8
1695	584	8	41
1696	584	8	266
1697	584	8	302
1698	584	8	188
1699	584	8	215
1700	584	8	60
1701	585	8	165
1702	585	8	105
1703	585	8	334
1704	585	8	344
1705	585	8	345
1706	585	8	346
1707	586	8	128
1708	586	8	129
1709	586	8	130
1710	586	8	131
1711	586	8	136
1712	586	8	144
1713	586	8	347
1714	587	8	33
1715	587	8	34
1716	587	8	68
1717	588	8	68
1718	588	8	269
1719	589	8	75
1720	589	8	7
1721	589	8	13
1722	589	8	15
1723	590	8	8
1724	590	8	41
1725	590	8	75
1726	590	8	76
1727	590	8	60
1728	590	8	215
1729	590	8	348
1730	591	8	128
1731	591	8	130
1732	591	8	349
1733	591	8	215
1734	592	8	336
1735	592	8	82
1736	592	8	85
1737	592	8	86
1738	593	8	97
1739	593	8	13
1740	593	8	15
1741	594	8	215
1742	595	8	97
1743	595	8	302
1744	596	8	146
1745	596	8	68
1746	596	8	69
1747	596	8	70
1748	597	8	128
1749	597	8	129
1750	597	8	130
1751	597	8	131
1752	597	8	195
1753	597	8	133
1754	597	8	134
1755	597	8	136
1756	597	8	206
1757	597	8	144
1758	597	8	347
1759	597	8	350
1760	597	8	351
1761	598	8	352
1762	598	8	257
1763	598	8	220
1764	598	8	353
1765	599	8	97
1766	599	8	8
1767	599	8	9
1768	599	8	41
1769	599	8	188
1770	600	8	354
1771	600	8	355
1772	601	8	356
1773	601	8	215
1774	601	8	66
1775	601	8	291
1776	601	8	63
1777	602	8	213
1778	602	8	209
1779	602	8	114
1780	602	8	357
1781	603	8	358
1782	603	8	359
1783	603	8	168
1784	603	8	169
1785	603	8	114
1786	604	8	71
1787	604	8	360
1788	604	8	361
1789	604	8	362
1790	604	8	245
1791	604	8	246
1792	605	8	33
1793	605	8	34
1794	605	8	68
1795	605	8	334
1796	605	8	344
1797	606	8	257
1798	606	8	362
1799	606	8	246
1800	606	8	220
1801	606	8	254
1802	606	8	255
1803	607	8	91
1804	607	8	166
1805	607	8	215
1806	608	8	33
1807	608	8	34
1808	608	8	68
1809	608	8	334
1810	608	8	344
1811	609	8	363
1812	609	8	364
1813	610	8	102
1814	610	8	75
1815	610	8	45
1816	610	8	78
1817	610	8	77
1818	610	8	336
1819	610	8	365
1820	610	8	82
1821	610	8	83
1822	610	8	85
1823	610	8	86
1824	611	8	188
1825	611	8	117
1826	611	8	199
1827	612	8	91
1828	612	8	166
1829	612	8	366
1830	613	8	13
1831	613	8	15
1832	614	8	260
1833	614	8	367
1834	614	8	368
1835	614	8	57
1836	614	8	58
1837	614	8	221
1838	615	8	188
1839	615	8	260
1840	615	8	221
1841	615	8	302
1842	616	8	260
1843	616	8	369
1844	616	8	370
1845	616	8	188
1846	616	8	221
1847	617	8	97
1848	617	8	188
1849	617	8	302
1850	618	8	112
1851	618	8	188
1852	618	8	372
1853	618	8	111
1854	619	8	33
1855	619	8	34
1856	619	8	68
1857	619	8	334
1858	619	8	344
1859	620	8	97
1860	620	8	268
1861	620	8	270
1862	620	8	373
1863	620	8	374
1864	621	8	97
1865	621	8	102
1866	622	8	146
1867	622	8	68
1868	623	8	144
1869	623	8	91
1870	623	8	166
1871	623	8	375
1872	624	8	41
1873	624	8	42
1874	624	8	188
1875	625	8	66
1876	625	8	291
1877	625	8	292
1878	625	8	63
1879	626	8	97
1880	626	8	102
1881	627	8	33
1882	627	8	34
1883	627	8	68
1884	627	8	334
1885	627	8	344
1886	628	8	33
1887	628	8	34
1888	628	8	68
1889	628	8	102
1890	628	8	334
1891	628	8	344
1892	629	8	41
1893	629	8	42
1894	629	8	188
1895	630	8	376
1896	630	8	75
1897	630	8	76
1898	630	8	102
1899	631	8	56
1900	631	8	41
1901	631	8	188
1902	632	8	201
1903	632	8	91
1904	632	8	166
1905	632	8	215
1906	633	8	377
1907	633	8	378
1908	633	8	300
1909	633	8	93
1910	634	8	248
1911	634	8	190
1912	634	8	215
1913	635	8	8
1914	635	8	9
1915	635	8	41
1916	635	8	215
1917	636	8	97
1918	636	8	379
1919	636	8	188
1920	636	8	102
1921	637	8	56
1922	637	8	41
1923	637	8	188
1924	637	8	380
1925	638	8	254
1926	638	8	255
1927	639	8	254
1928	639	8	255
1929	640	8	129
1930	640	8	130
1931	640	8	195
1932	640	8	123
1933	640	8	381
1934	640	8	382
1935	641	8	128
1936	641	8	129
1937	641	8	130
1938	641	8	215
1939	642	8	129
1940	642	8	131
1941	642	8	206
1942	643	8	129
1943	643	8	260
1944	643	8	136
1945	643	8	206
1946	643	8	221
1947	643	8	383
1948	644	8	114
1949	644	8	91
1950	644	8	211
1951	645	8	136
1952	645	8	77
1953	645	8	78
1954	620	8	102
1955	463	8	373
1956	463	8	374
1957	233	8	268
1958	233	8	102
1959	233	8	270
1960	430	8	102
1961	430	8	268
1962	430	8	270
1963	230	8	268
1964	230	8	270
1965	646	8	102
1966	646	8	268
1967	646	8	269
1968	646	8	270
1969	646	8	373
1970	646	8	374
1971	647	8	102
1972	647	8	268
1973	647	8	269
1974	647	8	270
1975	647	8	373
1976	647	8	374
1977	648	8	102
1978	648	8	268
1979	648	8	269
1980	648	8	270
1981	648	8	373
1982	648	8	374
1983	649	8	384
1984	649	8	385
1985	649	8	102
1986	649	8	268
1987	649	8	269
1988	649	8	270
1989	231	8	386
1990	231	8	268
1991	231	8	102
1992	231	8	270
1993	233	8	386
1994	650	8	386
1995	650	8	102
1996	650	8	104
1997	650	8	268
1998	650	8	270
1999	651	8	384
2000	651	8	385
2001	651	8	102
2002	651	8	268
2003	651	8	270
2004	651	8	387
2005	650	8	387
2006	649	8	387
2007	648	8	387
2008	647	8	387
2009	646	8	387
2010	620	8	387
2011	463	8	387
2012	209	8	387
2013	210	8	387
2014	211	8	387
2015	212	8	387
2016	213	8	387
2017	214	8	387
2018	230	8	387
2019	231	8	387
2020	233	8	387
2021	430	8	387
2022	652	8	33
2023	652	8	34
2024	653	8	41
2025	653	8	266
2026	653	8	368
2027	653	8	188
2028	653	8	56
2029	653	8	380
2030	653	8	253
2031	654	8	129
2032	654	8	131
2033	654	8	388
2034	654	8	206
2035	655	8	129
2036	655	8	131
2037	655	8	388
2038	655	8	206
2039	656	8	96
2040	656	8	97
2041	656	8	388
2042	657	8	118
2043	657	8	388
2044	657	8	389
2045	657	8	390
2046	658	8	13
2047	658	8	15
2048	659	8	136
2049	659	8	131
2050	659	8	133
2051	659	8	134
2052	660	8	128
2053	660	8	129
2054	660	8	130
2055	660	8	215
2056	661	8	49
2057	661	8	118
2058	661	8	47
2059	662	8	392
2060	662	8	180
2061	662	8	391
2062	663	8	48
2063	663	8	124
2064	663	8	118
2065	664	8	46
2066	664	8	126
2067	664	8	118
2068	665	8	128
2069	665	8	129
2070	665	8	130
2071	665	8	215
2072	666	8	97
2073	666	8	188
2074	666	8	380
2075	666	8	302
2076	667	8	97
2077	667	8	102
2078	667	8	39
2079	667	8	8
2080	667	8	41
2081	667	8	40
2082	667	8	393
2083	667	8	188
2084	668	8	66
2085	668	8	291
2086	668	8	63
2087	668	8	394
2088	669	8	136
2089	669	8	300
2090	669	8	253
2091	669	8	378
2092	669	8	252
2093	669	8	93
2094	670	8	33
2095	670	8	34
2096	670	8	36
2097	670	8	166
2098	670	8	8
2099	670	8	41
2100	670	8	13
2101	670	8	15
2102	670	8	48
2103	670	8	215
2104	670	8	124
2105	670	8	63
2106	671	8	195
2107	671	8	206
2108	671	8	144
2109	671	8	212
2110	671	8	380
2111	672	8	97
2112	672	8	75
2113	672	8	76
2114	672	8	47
2115	672	8	49
2116	673	8	97
2117	673	8	380
2118	673	8	215
2119	674	8	166
2120	674	8	8
2121	674	8	41
2122	674	8	136
2123	674	8	395
2124	674	8	269
2125	674	8	118
2126	675	8	97
2127	675	8	396
2128	675	8	269
2129	675	8	215
2130	675	8	380
2131	676	8	195
2132	676	8	260
2133	676	8	397
2134	676	8	398
2135	676	8	206
2136	676	8	399
2137	676	8	117
2138	676	8	182
2139	677	8	102
2140	677	8	7
2141	678	8	128
2142	678	8	130
2143	678	8	195
2144	678	8	206
2145	678	8	144
2146	678	8	400
2147	679	8	97
2148	679	8	102
2149	679	8	8
2150	679	8	393
2151	679	8	41
2152	679	8	77
2153	679	8	78
2154	679	8	188
2155	680	8	16
2156	680	8	230
2157	681	8	97
2158	681	8	380
2159	681	8	215
2160	682	8	260
2161	682	8	41
2162	682	8	302
2163	682	8	110
2164	682	8	368
2165	682	8	188
2166	682	8	221
2167	683	8	401
2168	683	8	402
2169	683	8	391
2170	684	8	41
2171	684	8	274
2172	684	8	188
2173	685	8	403
2174	685	8	404
2175	685	8	311
2176	686	8	8
2177	686	8	41
2178	686	8	266
2179	686	8	405
2180	686	8	188
2181	686	8	253
2182	687	8	33
2183	687	8	34
2184	687	8	68
2185	687	8	334
2186	687	8	344
2187	688	8	97
2188	688	8	402
2189	688	8	102
2190	688	8	215
2191	689	8	97
2192	689	8	188
2193	689	8	380
2194	689	8	406
2195	690	8	230
2196	690	8	47
2197	690	8	16
2198	690	8	49
2199	690	8	379
2200	690	8	63
2201	691	8	41
2202	691	8	42
2203	691	8	266
2204	691	8	215
2205	691	8	188
2206	691	8	253
2207	692	8	114
2208	692	8	91
2209	692	8	211
2210	692	8	215
2211	693	8	407
2212	693	8	97
2213	693	8	166
2214	693	8	215
2215	693	8	188
2216	694	8	97
2217	694	8	393
2218	694	8	13
2219	694	8	15
2220	694	8	215
2221	694	8	379
2222	694	8	188
2223	695	8	96
2224	695	8	97
2225	695	8	380
2226	695	8	215
2227	696	8	97
2228	696	8	130
2229	696	8	194
2230	696	8	36
2231	696	8	102
2232	696	8	7
2233	696	8	168
2234	696	8	13
2235	696	8	46
2236	696	8	15
2237	696	8	47
2238	696	8	175
2239	696	8	51
2240	696	8	52
2241	696	8	408
2242	696	8	188
2243	697	8	8
2244	697	8	16
2245	697	8	409
2246	697	8	410
2247	697	8	27
2248	697	8	25
2249	697	8	39
2250	697	8	40
2251	697	8	41
2252	697	8	45
2253	697	8	60
2254	697	8	188
2255	697	8	63
2256	697	8	75
2257	697	8	79
2258	697	8	81
2259	697	8	83
2260	697	8	86
2261	697	8	102
2262	697	8	230
2263	697	8	243
2264	698	8	112
2265	698	8	411
2266	698	8	198
2267	699	8	416
2268	699	8	133
2269	699	8	198
2270	699	8	364
2271	699	8	206
2272	699	8	412
2273	699	8	413
2274	699	8	414
2275	699	8	415
2276	700	8	16
2277	700	8	266
2278	700	8	253
2279	700	8	230
2280	701	8	260
2281	701	8	41
2282	701	8	59
2283	701	8	368
2284	701	8	56
2285	701	8	379
2286	701	8	188
2287	701	8	221
2288	702	8	97
2289	702	8	417
2290	702	8	188
2291	703	8	418
2292	703	8	91
2293	703	8	166
2294	704	8	201
2295	704	8	91
2296	704	8	419
2297	704	8	166
2298	705	8	97
2299	705	8	8
2300	705	8	201
2301	705	8	41
2302	705	8	188
2303	706	8	400
2304	706	8	420
2305	706	8	421
2306	706	8	422
2307	707	8	97
2308	707	8	380
2309	707	8	341
2310	707	8	423
2311	708	8	133
2312	708	8	8
2313	708	8	278
2314	708	8	36
2315	708	8	166
2316	708	8	294
2317	708	8	424
2318	708	8	41
2319	708	8	426
2320	708	8	427
2321	708	8	300
2322	708	8	429
2323	708	8	46
2324	708	8	47
2325	708	8	51
2326	708	8	52
2327	708	8	72
2328	708	8	73
2329	708	8	75
2330	708	8	76
2331	708	8	336
2332	708	8	86
2333	708	8	93
2334	708	8	378
2335	709	8	133
2336	709	8	8
2337	709	8	33
2338	709	8	34
2339	709	8	36
2340	709	8	37
2341	709	8	38
2342	709	8	424
2343	709	8	41
2344	709	8	46
2345	709	8	47
2346	709	8	430
2347	709	8	431
2348	709	8	432
2349	709	8	51
2350	709	8	52
2351	709	8	63
2352	709	8	72
2353	709	8	73
2354	709	8	75
2355	709	8	76
2356	709	8	336
2357	709	8	84
2358	709	8	86
2359	709	8	117
2360	710	8	391
2361	710	8	269
2362	710	8	415
2363	711	8	201
2364	711	8	91
2365	711	8	166
2366	712	8	420
2367	712	8	422
2368	712	8	400
2369	712	8	433
2370	712	8	434
2371	713	8	400
2372	713	8	435
2373	713	8	420
2374	713	8	422
2375	714	8	146
2376	714	8	68
2377	714	8	69
2378	714	8	70
2379	715	8	56
2380	715	8	41
2381	715	8	188
2382	715	8	201
2383	716	8	436
2384	716	8	437
2385	716	8	438
2386	717	8	8
2387	717	8	280
2388	717	8	33
2389	717	8	34
2390	717	8	36
2391	717	8	37
2392	717	8	38
2393	717	8	41
2394	717	8	427
2395	717	8	300
2396	717	8	46
2397	717	8	47
2398	717	8	51
2399	717	8	52
2400	717	8	439
2401	717	8	440
2402	717	8	441
2403	717	8	63
2404	717	8	72
2405	717	8	75
2406	717	8	76
2407	717	8	336
2408	717	8	86
2409	717	8	93
2410	718	8	25
2411	718	8	27
2412	718	8	32
2413	718	8	33
2414	718	8	34
2415	718	8	39
2416	718	8	40
2417	718	8	41
2418	718	8	427
2419	718	8	45
2420	718	8	46
2421	718	8	47
2422	718	8	304
2423	718	8	306
2424	718	8	442
2425	718	8	443
2426	718	8	444
2427	718	8	60
2428	718	8	445
2429	718	8	63
2430	718	8	446
2431	718	8	447
2432	718	8	75
2433	718	8	336
2434	718	8	81
2435	718	8	83
2436	718	8	86
2437	718	8	217
2438	718	8	91
2439	718	8	102
2440	718	8	114
2441	719	8	22
2442	719	8	24
2443	719	8	164
2444	719	8	39
2445	719	8	40
2446	719	8	41
2447	719	8	42
2448	719	8	168
2449	719	8	45
2450	719	8	46
2451	719	8	47
2452	719	8	49
2453	719	8	306
2454	719	8	439
2455	719	8	55
2456	719	8	442
2457	719	8	443
2458	719	8	60
2459	719	8	446
2460	719	8	63
2461	719	8	448
2462	719	8	449
2463	719	8	450
2464	719	8	451
2465	719	8	452
2466	719	8	453
2467	719	8	454
2468	719	8	455
2469	719	8	456
2470	719	8	457
2471	719	8	458
2472	719	8	75
2473	719	8	459
2474	719	8	460
2475	719	8	461
2476	719	8	79
2477	719	8	80
2478	719	8	81
2479	719	8	336
2480	719	8	83
2481	719	8	84
2482	719	8	85
2483	719	8	86
2484	719	8	462
2485	719	8	463
2486	719	8	464
2487	719	8	465
2488	719	8	466
2489	719	8	467
2490	719	8	468
2491	719	8	469
2492	719	8	470
2493	719	8	471
2494	719	8	472
2495	719	8	474
2496	719	8	475
2497	719	8	476
2498	719	8	477
2499	719	8	478
2500	719	8	479
2501	719	8	480
2502	719	8	481
2503	719	8	482
2504	719	8	483
2505	719	8	484
2506	719	8	485
2507	719	8	486
2508	720	8	97
2509	720	8	102
2510	720	8	8
2511	720	8	393
2512	720	8	41
2513	720	8	336
2514	720	8	83
2515	720	8	86
2516	720	8	188
2517	721	8	8
2518	721	8	41
2519	721	8	75
2520	721	8	45
2521	721	8	79
2522	721	8	81
2523	722	8	97
2524	722	8	102
2525	722	8	8
2526	722	8	41
2527	722	8	75
2528	722	8	76
2529	722	8	188
2530	723	8	97
2531	723	8	102
2532	723	8	8
2533	723	8	41
2534	723	8	75
2535	723	8	76
2536	724	8	41
2537	724	8	42
2538	725	8	41
2539	725	8	177
2540	725	8	487
2541	726	8	488
2542	726	8	41
2543	726	8	42
2544	726	8	77
2545	726	8	78
2546	726	8	176
2547	727	8	489
2548	727	8	490
2549	727	8	491
2550	728	8	8
2551	728	8	41
2552	729	8	72
2553	729	8	73
2554	730	8	168
2555	730	8	175
2556	731	8	13
2557	731	8	15
2558	732	8	151
2559	732	8	148
2560	732	8	149
2561	732	8	68
2562	733	8	48
2563	733	8	165
2564	733	8	118
2565	733	8	47
2566	734	8	33
2567	734	8	34
2568	734	8	68
2569	734	8	492
2570	734	8	493
2571	734	8	334
2572	734	8	494
2573	734	8	495
2574	734	8	496
2575	734	8	344
2576	735	8	33
2577	735	8	34
2578	735	8	68
2579	735	8	492
2580	735	8	493
2581	735	8	334
2582	735	8	494
2583	735	8	497
2584	735	8	344
2585	736	8	33
2586	736	8	34
2587	736	8	68
2588	736	8	492
2589	736	8	493
2590	736	8	334
2591	736	8	494
2592	736	8	497
2593	736	8	344
2594	737	8	33
2595	737	8	34
2596	737	8	68
2597	737	8	492
2598	737	8	493
2599	737	8	334
2600	737	8	494
2601	737	8	497
2602	737	8	344
2603	738	8	33
2604	738	8	34
2605	738	8	68
2606	738	8	492
2607	738	8	493
2608	738	8	334
2609	738	8	494
2610	738	8	495
2611	738	8	496
2612	738	8	498
2613	738	8	499
2614	738	8	500
2615	738	8	501
2616	738	8	344
2617	739	8	363
2618	739	8	364
2619	739	8	492
2620	739	8	494
2621	739	8	502
2622	740	8	363
2623	740	8	364
2624	740	8	492
2625	740	8	494
2626	740	8	503
2627	740	8	380
2628	741	8	257
2629	741	8	362
2630	741	8	246
2631	741	8	220
2632	741	8	254
2633	741	8	255
2634	742	8	504
2635	742	8	97
2636	742	8	102
2637	743	8	131
2638	743	8	132
2639	743	8	133
2640	743	8	134
2641	743	8	136
2642	743	8	300
2643	743	8	378
2644	743	8	155
2645	743	8	93
2646	744	8	97
2647	744	8	75
2648	744	8	76
2649	744	8	102
2650	745	8	364
2651	745	8	363
2652	745	8	380
2653	745	8	503
2654	746	8	505
2655	746	8	506
2656	746	8	391
2657	747	8	344
2658	747	8	507
2659	747	8	508
2660	747	8	334
2661	748	8	334
2662	748	8	344
2663	748	8	509
2664	748	8	510
2665	748	8	511
2666	749	8	166
2667	749	8	363
2668	749	8	364
2669	749	8	500
2670	749	8	503
2671	749	8	91
2672	749	8	380
2673	750	8	194
2674	750	8	130
2675	750	8	195
2676	750	8	165
2677	750	8	102
2678	750	8	7
2679	750	8	136
2680	750	8	75
2681	750	8	206
2682	750	8	15
2683	750	8	144
2684	750	8	118
2685	750	8	311
2686	750	8	89
2687	750	8	188
2688	247	8	146
2689	247	8	69
2690	247	8	70
2691	751	8	512
2692	751	8	513
2693	751	8	131
2694	751	8	133
2695	751	8	134
2696	751	8	136
2697	752	8	136
2698	752	8	129
2699	752	8	514
2700	752	8	515
2701	753	8	516
2702	753	8	517
2703	753	8	518
2704	753	8	519
2705	753	8	136
2706	753	8	520
2707	753	8	521
2708	753	8	522
2709	753	8	400
2710	753	8	283
2711	754	8	75
2712	754	8	523
2713	754	8	524
2714	754	8	525
2715	754	8	526
2716	754	8	503
2717	754	8	311
2718	755	8	131
2719	755	8	36
2720	755	8	133
2721	755	8	134
2722	755	8	136
2723	755	8	47
2724	755	8	51
2725	755	8	52
2726	756	8	528
2727	756	8	178
2728	756	8	527
2729	757	8	530
2730	757	8	529
2731	757	8	178
2732	757	8	531
2733	758	8	33
2734	758	8	34
2735	758	8	51
2736	758	8	52
2737	758	8	532
2738	758	8	533
2739	758	8	439
2740	758	8	534
2741	758	8	412
2742	759	8	129
2743	759	8	131
2744	759	8	206
2745	759	8	351
2746	760	8	131
2747	760	8	136
2748	760	8	535
2749	760	8	536
2750	760	8	283
2751	761	8	290
2752	761	8	356
2753	761	8	166
2754	761	8	91
2755	761	8	144
2756	761	8	240
2757	761	8	212
2758	761	8	537
2759	761	8	538
2760	761	8	539
2761	761	8	540
2762	761	8	93
2763	762	8	201
2764	762	8	91
2765	762	8	541
2766	762	8	542
2767	763	8	129
2768	763	8	130
2769	763	8	290
2770	763	8	102
2771	763	8	75
2772	763	8	76
2773	763	8	311
2774	763	8	63
2775	764	8	41
2776	764	8	274
2777	764	8	188
2778	764	8	97
2779	765	8	391
2780	765	8	543
2781	765	8	269
2782	765	8	500
2783	765	8	415
2784	766	8	544
2785	766	8	545
2786	766	8	546
2787	766	8	291
2788	766	8	248
2789	766	8	220
2790	767	8	544
2791	767	8	130
2792	767	8	547
2793	767	8	291
2794	767	8	546
2795	767	8	548
2796	767	8	549
2797	767	8	248
2798	767	8	123
2799	767	8	220
2800	768	8	544
2801	768	8	130
2802	768	8	546
2803	768	8	548
2804	768	8	549
2805	768	8	47
2806	768	8	118
2807	768	8	248
2808	768	8	124
2809	769	8	544
2810	769	8	546
2811	769	8	548
2812	769	8	549
2813	769	8	529
2814	769	8	178
2815	769	8	530
2816	769	8	248
2817	770	8	131
2818	770	8	550
2819	770	8	136
2820	770	8	299
2821	770	8	300
2822	770	8	155
2823	771	8	144
2824	771	8	118
2825	771	8	551
2826	772	8	97
2827	773	8	131
2828	773	8	136
2829	773	8	553
2830	773	8	552
2831	773	8	299
2832	773	8	300
2833	773	8	144
2834	773	8	155
2835	774	8	97
2836	774	8	257
2837	774	8	102
2838	774	8	198
2839	774	8	8
2840	774	8	41
2841	774	8	554
2842	774	8	555
2843	774	8	112
2844	774	8	188
2845	774	8	89
2846	774	8	411
2847	774	8	220
2848	774	8	542
2849	775	8	97
2850	775	8	188
2851	775	8	302
2852	775	8	556
2853	776	8	97
2854	776	8	102
2855	776	8	557
2856	776	8	558
2857	777	8	129
2858	777	8	195
2859	777	8	136
2860	777	8	559
2861	777	8	560
2862	778	8	192
2863	778	8	555
2864	778	8	144
2865	778	8	561
2866	778	8	562
2867	778	8	563
2868	778	8	564
2869	778	8	89
2870	778	8	91
2871	778	8	542
2872	779	8	290
2873	779	8	356
2874	779	8	565
2875	779	8	566
2876	779	8	567
2877	779	8	91
2878	779	8	540
2879	780	8	36
2880	780	8	51
2881	780	8	500
2882	780	8	52
2883	780	8	91
2884	780	8	542
2885	781	8	96
2886	781	8	97
2887	781	8	259
2888	781	8	302
2889	781	8	112
2890	781	8	568
2891	781	8	188
2892	782	8	192
2893	782	8	89
2894	782	8	555
2895	782	8	398
2896	782	8	561
2897	782	8	563
2898	782	8	569
2899	782	8	91
2900	782	8	542
2901	783	8	130
2902	783	8	131
2903	783	8	136
2904	783	8	155
2905	783	8	239
2906	783	8	565
2907	783	8	570
2908	783	8	571
2909	783	8	572
2910	783	8	573
2911	783	8	574
2912	784	8	33
2913	784	8	34
2914	784	8	68
2915	784	8	334
2916	784	8	344
2917	785	8	364
2918	785	8	363
2919	785	8	380
2920	786	8	32
2921	786	8	33
2922	786	8	68
2923	786	8	334
2924	786	8	344
2925	787	8	576
2926	787	8	194
2927	787	8	166
2928	787	8	89
2929	787	8	91
2930	787	8	575
2931	788	8	96
2932	788	8	577
2933	788	8	578
2934	788	8	579
2935	788	8	580
2936	788	8	581
2937	788	8	582
2938	788	8	583
2939	788	8	584
2940	788	8	41
2941	788	8	269
2942	788	8	497
2943	788	8	188
2944	788	8	93
2945	789	8	391
2946	789	8	543
2947	789	8	269
2948	789	8	500
2949	789	8	415
2950	790	8	419
2951	790	8	166
2952	790	8	201
2953	790	8	51
2954	790	8	52
2955	791	8	102
2956	791	8	82
2957	791	8	83
2958	791	8	84
2959	791	8	85
2960	791	8	86
2961	792	8	290
2962	792	8	166
2963	792	8	585
2964	792	8	586
2965	792	8	91
2966	793	8	33
2967	793	8	34
2968	793	8	68
2969	793	8	587
2970	793	8	334
2971	793	8	344
2972	794	8	198
2973	794	8	588
2974	794	8	117
2975	794	8	91
2976	794	8	220
2977	795	8	129
2978	795	8	130
2979	795	8	136
2980	795	8	300
2981	795	8	589
2982	795	8	206
2983	795	8	378
2984	795	8	93
2985	796	8	224
2986	796	8	576
2987	796	8	102
2988	796	8	166
2989	796	8	198
2990	796	8	590
2991	796	8	591
2992	796	8	117
2993	796	8	91
2994	797	8	224
2995	797	8	198
2996	797	8	592
2997	797	8	593
2998	797	8	594
2999	797	8	117
3000	798	8	464
3001	798	8	412
3002	798	8	532
3003	798	8	439
3004	799	8	47
3005	799	8	49
3006	799	8	118
3007	799	8	252
3008	799	8	253
3009	800	8	178
3010	800	8	595
3011	800	8	596
3012	801	8	102
3013	801	8	363
3014	801	8	364
3015	801	8	336
3016	801	8	82
3017	801	8	83
3018	801	8	84
3019	801	8	85
3020	801	8	86
3021	801	8	503
3022	801	8	500
3023	802	8	131
3024	802	8	133
3025	802	8	134
3026	802	8	136
3027	802	8	597
3028	802	8	598
3029	802	8	599
3030	802	8	600
3031	803	8	334
3032	803	8	433
3033	803	8	434
3034	803	8	344
3035	803	8	601
3036	804	8	378
3037	804	8	93
3038	804	8	300
3039	804	8	602
3040	805	8	33
3041	805	8	34
3042	805	8	68
3043	805	8	334
3044	805	8	344
3045	806	8	168
3046	806	8	91
3047	806	8	366
3048	806	8	175
3049	807	8	40
3050	807	8	97
3051	807	8	102
3052	807	8	39
3053	808	8	217
3054	808	8	442
3055	808	8	603
3056	808	8	465
3057	809	8	75
3058	809	8	45
3059	809	8	102
3060	810	8	102
3061	810	8	336
3062	810	8	82
3063	810	8	83
3064	810	8	84
3065	810	8	85
3066	810	8	86
3067	811	8	102
3068	811	8	336
3069	811	8	82
3070	811	8	83
3071	811	8	84
3072	811	8	85
3073	811	8	86
3074	812	8	544
3075	812	8	546
3076	812	8	548
3077	812	8	549
3078	812	8	166
3079	812	8	201
3080	812	8	248
3081	812	8	91
3082	812	8	220
3083	813	8	544
3084	813	8	546
3085	813	8	548
3086	813	8	549
3087	813	8	133
3088	813	8	136
3089	813	8	424
3090	813	8	248
3091	814	8	129
3092	814	8	131
3093	814	8	206
3094	814	8	95
3095	815	8	41
3096	815	8	272
3097	815	8	56
3098	815	8	59
3099	815	8	188
3100	815	8	604
3101	816	8	41
3102	816	8	42
3103	816	8	188
3104	817	8	41
3105	817	8	42
3106	817	8	188
3107	818	8	66
3108	818	8	291
3109	818	8	102
3110	818	8	75
3111	818	8	76
3112	818	8	605
3113	818	8	606
3114	819	8	105
3115	819	8	334
3116	819	8	344
3117	819	8	346
3118	819	8	607
3119	820	8	608
3120	820	8	129
3121	820	8	131
3122	820	8	609
3123	821	8	513
3124	821	8	500
3125	821	8	524
3126	822	8	334
3127	822	8	118
3128	822	8	150
3129	822	8	344
3130	822	8	152
3131	822	8	127
3132	823	8	66
3133	823	8	291
3134	823	8	292
3135	823	8	606
3136	823	8	63
3137	824	8	97
3138	824	8	75
3139	824	8	76
3140	824	8	102
3141	825	8	97
3142	825	8	75
3143	825	8	76
3144	825	8	102
3145	826	8	33
3146	826	8	34
3147	826	8	68
3148	826	8	69
3149	826	8	70
3150	826	8	105
3151	826	8	492
3152	826	8	493
3153	826	8	334
3154	826	8	494
3155	826	8	146
3156	826	8	344
3157	826	8	346
3158	827	8	155
3159	827	8	395
3160	827	8	118
3161	828	8	33
3162	828	8	34
3163	828	8	68
3164	828	8	334
3165	828	8	500
3166	828	8	344
3167	829	8	257
3168	829	8	7
3169	829	8	8
3170	829	8	137
3171	829	8	13
3172	829	8	16
3173	829	8	400
3174	829	8	33
3175	829	8	34
3176	829	8	41
3177	829	8	42
3178	829	8	426
3179	829	8	46
3180	829	8	47
3181	829	8	175
3182	829	8	302
3183	829	8	51
3184	829	8	52
3185	829	8	309
3186	829	8	439
3187	829	8	188
3188	829	8	63
3189	829	8	447
3190	829	8	72
3191	829	8	75
3192	829	8	76
3193	829	8	336
3194	829	8	81
3195	829	8	82
3196	829	8	85
3197	829	8	474
3198	829	8	610
3199	829	8	611
3200	829	8	612
3201	829	8	613
3202	829	8	102
3203	829	8	614
3204	829	8	117
3205	830	8	260
3206	830	8	527
3207	830	8	368
3208	830	8	188
3209	830	8	221
3210	831	8	260
3211	831	8	102
3212	831	8	615
3213	831	8	616
3214	831	8	41
3215	831	8	110
3216	831	8	188
3217	831	8	221
3218	832	8	260
3219	832	8	615
3220	832	8	302
3221	832	8	188
3222	832	8	380
3223	832	8	221
3224	833	8	129
3225	833	8	131
3226	833	8	8
3227	833	8	41
3228	833	8	206
3229	834	8	97
3230	834	8	617
3231	834	8	524
3232	834	8	111
3233	834	8	112
3234	834	8	149
3235	835	8	131
3236	835	8	292
3237	835	8	69
3238	835	8	70
3239	835	8	136
3240	835	8	618
3241	835	8	619
3242	835	8	146
3243	836	8	97
3244	836	8	102
3245	836	8	620
3246	836	8	621
3247	836	8	141
3248	836	8	622
3249	836	8	623
3250	836	8	624
3251	836	8	626
3252	836	8	311
\.


--
-- Name: auth_group_id_seq; Type: SEQUENCE SET; Schema: public; Owner: postgres
--

SELECT pg_catalog.setval('public.auth_group_id_seq', 1, false);


--
-- Name: auth_group_permissions_id_seq; Type: SEQUENCE SET; Schema: public; Owner: postgres
--

SELECT pg_catalog.setval('public.auth_group_permissions_id_seq', 1, false);


--
-- Name: auth_permission_id_seq; Type: SEQUENCE SET; Schema: public; Owner: postgres
--

SELECT pg_catalog.setval('public.auth_permission_id_seq', 44, true);


--
-- Name: auth_user_groups_id_seq; Type: SEQUENCE SET; Schema: public; Owner: postgres
--

SELECT pg_catalog.setval('public.auth_user_groups_id_seq', 1, false);


--
-- Name: auth_user_id_seq; Type: SEQUENCE SET; Schema: public; Owner: postgres
--

SELECT pg_catalog.setval('public.auth_user_id_seq', 3, true);


--
-- Name: auth_user_user_permissions_id_seq; Type: SEQUENCE SET; Schema: public; Owner: postgres
--

SELECT pg_catalog.setval('public.auth_user_user_permissions_id_seq', 44, true);


--
-- Name: django_admin_log_id_seq; Type: SEQUENCE SET; Schema: public; Owner: postgres
--

SELECT pg_catalog.setval('public.django_admin_log_id_seq', 1039, true);


--
-- Name: django_content_type_id_seq; Type: SEQUENCE SET; Schema: public; Owner: postgres
--

SELECT pg_catalog.setval('public.django_content_type_id_seq', 11, true);


--
-- Name: django_migrations_id_seq; Type: SEQUENCE SET; Schema: public; Owner: postgres
--

SELECT pg_catalog.setval('public.django_migrations_id_seq', 35, true);


--
-- Name: forceartsapi_category_id_seq; Type: SEQUENCE SET; Schema: public; Owner: postgres
--

SELECT pg_catalog.setval('public.forceartsapi_category_id_seq', 61, true);


--
-- Name: forceartsapi_contactus_id_seq; Type: SEQUENCE SET; Schema: public; Owner: postgres
--

SELECT pg_catalog.setval('public.forceartsapi_contactus_id_seq', 2, true);


--
-- Name: forceartsapi_wallpaper_id_seq; Type: SEQUENCE SET; Schema: public; Owner: postgres
--

SELECT pg_catalog.setval('public.forceartsapi_wallpaper_id_seq', 836, true);


--
-- Name: taggit_tag_id_seq; Type: SEQUENCE SET; Schema: public; Owner: postgres
--

SELECT pg_catalog.setval('public.taggit_tag_id_seq', 626, true);


--
-- Name: taggit_taggeditem_id_seq; Type: SEQUENCE SET; Schema: public; Owner: postgres
--

SELECT pg_catalog.setval('public.taggit_taggeditem_id_seq', 3252, true);


--
-- Name: auth_group auth_group_name_key; Type: CONSTRAINT; Schema: public; Owner: postgres
--

ALTER TABLE ONLY public.auth_group
    ADD CONSTRAINT auth_group_name_key UNIQUE (name);


--
-- Name: auth_group_permissions auth_group_permissions_group_id_permission_id_0cd325b0_uniq; Type: CONSTRAINT; Schema: public; Owner: postgres
--

ALTER TABLE ONLY public.auth_group_permissions
    ADD CONSTRAINT auth_group_permissions_group_id_permission_id_0cd325b0_uniq UNIQUE (group_id, permission_id);


--
-- Name: auth_group_permissions auth_group_permissions_pkey; Type: CONSTRAINT; Schema: public; Owner: postgres
--

ALTER TABLE ONLY public.auth_group_permissions
    ADD CONSTRAINT auth_group_permissions_pkey PRIMARY KEY (id);


--
-- Name: auth_group auth_group_pkey; Type: CONSTRAINT; Schema: public; Owner: postgres
--

ALTER TABLE ONLY public.auth_group
    ADD CONSTRAINT auth_group_pkey PRIMARY KEY (id);


--
-- Name: auth_permission auth_permission_content_type_id_codename_01ab375a_uniq; Type: CONSTRAINT; Schema: public; Owner: postgres
--

ALTER TABLE ONLY public.auth_permission
    ADD CONSTRAINT auth_permission_content_type_id_codename_01ab375a_uniq UNIQUE (content_type_id, codename);


--
-- Name: auth_permission auth_permission_pkey; Type: CONSTRAINT; Schema: public; Owner: postgres
--

ALTER TABLE ONLY public.auth_permission
    ADD CONSTRAINT auth_permission_pkey PRIMARY KEY (id);


--
-- Name: auth_user_groups auth_user_groups_pkey; Type: CONSTRAINT; Schema: public; Owner: postgres
--

ALTER TABLE ONLY public.auth_user_groups
    ADD CONSTRAINT auth_user_groups_pkey PRIMARY KEY (id);


--
-- Name: auth_user_groups auth_user_groups_user_id_group_id_94350c0c_uniq; Type: CONSTRAINT; Schema: public; Owner: postgres
--

ALTER TABLE ONLY public.auth_user_groups
    ADD CONSTRAINT auth_user_groups_user_id_group_id_94350c0c_uniq UNIQUE (user_id, group_id);


--
-- Name: auth_user auth_user_pkey; Type: CONSTRAINT; Schema: public; Owner: postgres
--

ALTER TABLE ONLY public.auth_user
    ADD CONSTRAINT auth_user_pkey PRIMARY KEY (id);


--
-- Name: auth_user_user_permissions auth_user_user_permissions_pkey; Type: CONSTRAINT; Schema: public; Owner: postgres
--

ALTER TABLE ONLY public.auth_user_user_permissions
    ADD CONSTRAINT auth_user_user_permissions_pkey PRIMARY KEY (id);


--
-- Name: auth_user_user_permissions auth_user_user_permissions_user_id_permission_id_14a6b632_uniq; Type: CONSTRAINT; Schema: public; Owner: postgres
--

ALTER TABLE ONLY public.auth_user_user_permissions
    ADD CONSTRAINT auth_user_user_permissions_user_id_permission_id_14a6b632_uniq UNIQUE (user_id, permission_id);


--
-- Name: auth_user auth_user_username_key; Type: CONSTRAINT; Schema: public; Owner: postgres
--

ALTER TABLE ONLY public.auth_user
    ADD CONSTRAINT auth_user_username_key UNIQUE (username);


--
-- Name: django_admin_log django_admin_log_pkey; Type: CONSTRAINT; Schema: public; Owner: postgres
--

ALTER TABLE ONLY public.django_admin_log
    ADD CONSTRAINT django_admin_log_pkey PRIMARY KEY (id);


--
-- Name: django_content_type django_content_type_app_label_model_76bd3d3b_uniq; Type: CONSTRAINT; Schema: public; Owner: postgres
--

ALTER TABLE ONLY public.django_content_type
    ADD CONSTRAINT django_content_type_app_label_model_76bd3d3b_uniq UNIQUE (app_label, model);


--
-- Name: django_content_type django_content_type_pkey; Type: CONSTRAINT; Schema: public; Owner: postgres
--

ALTER TABLE ONLY public.django_content_type
    ADD CONSTRAINT django_content_type_pkey PRIMARY KEY (id);


--
-- Name: django_migrations django_migrations_pkey; Type: CONSTRAINT; Schema: public; Owner: postgres
--

ALTER TABLE ONLY public.django_migrations
    ADD CONSTRAINT django_migrations_pkey PRIMARY KEY (id);


--
-- Name: django_session django_session_pkey; Type: CONSTRAINT; Schema: public; Owner: postgres
--

ALTER TABLE ONLY public.django_session
    ADD CONSTRAINT django_session_pkey PRIMARY KEY (session_key);


--
-- Name: forceartsapi_category forceartsapi_category_pkey; Type: CONSTRAINT; Schema: public; Owner: postgres
--

ALTER TABLE ONLY public.forceartsapi_category
    ADD CONSTRAINT forceartsapi_category_pkey PRIMARY KEY (id);


--
-- Name: forceartsapi_category forceartsapi_category_rank_key; Type: CONSTRAINT; Schema: public; Owner: postgres
--

ALTER TABLE ONLY public.forceartsapi_category
    ADD CONSTRAINT forceartsapi_category_rank_key UNIQUE (rank);


--
-- Name: forceartsapi_category forceartsapi_category_title_874b9d89_uniq; Type: CONSTRAINT; Schema: public; Owner: postgres
--

ALTER TABLE ONLY public.forceartsapi_category
    ADD CONSTRAINT forceartsapi_category_title_874b9d89_uniq UNIQUE (title);


--
-- Name: forceartsapi_contactus forceartsapi_contactus_pkey; Type: CONSTRAINT; Schema: public; Owner: postgres
--

ALTER TABLE ONLY public.forceartsapi_contactus
    ADD CONSTRAINT forceartsapi_contactus_pkey PRIMARY KEY (id);


--
-- Name: forceartsapi_wallpaper forceartsapi_wallpaper_pkey; Type: CONSTRAINT; Schema: public; Owner: postgres
--

ALTER TABLE ONLY public.forceartsapi_wallpaper
    ADD CONSTRAINT forceartsapi_wallpaper_pkey PRIMARY KEY (id);


--
-- Name: taggit_tag taggit_tag_name_key; Type: CONSTRAINT; Schema: public; Owner: postgres
--

ALTER TABLE ONLY public.taggit_tag
    ADD CONSTRAINT taggit_tag_name_key UNIQUE (name);


--
-- Name: taggit_tag taggit_tag_pkey; Type: CONSTRAINT; Schema: public; Owner: postgres
--

ALTER TABLE ONLY public.taggit_tag
    ADD CONSTRAINT taggit_tag_pkey PRIMARY KEY (id);


--
-- Name: taggit_tag taggit_tag_slug_key; Type: CONSTRAINT; Schema: public; Owner: postgres
--

ALTER TABLE ONLY public.taggit_tag
    ADD CONSTRAINT taggit_tag_slug_key UNIQUE (slug);


--
-- Name: taggit_taggeditem taggit_taggeditem_content_type_id_object_i_4bb97a8e_uniq; Type: CONSTRAINT; Schema: public; Owner: postgres
--

ALTER TABLE ONLY public.taggit_taggeditem
    ADD CONSTRAINT taggit_taggeditem_content_type_id_object_i_4bb97a8e_uniq UNIQUE (content_type_id, object_id, tag_id);


--
-- Name: taggit_taggeditem taggit_taggeditem_pkey; Type: CONSTRAINT; Schema: public; Owner: postgres
--

ALTER TABLE ONLY public.taggit_taggeditem
    ADD CONSTRAINT taggit_taggeditem_pkey PRIMARY KEY (id);


--
-- Name: auth_group_name_a6ea08ec_like; Type: INDEX; Schema: public; Owner: postgres
--

CREATE INDEX auth_group_name_a6ea08ec_like ON public.auth_group USING btree (name varchar_pattern_ops);


--
-- Name: auth_group_permissions_group_id_b120cbf9; Type: INDEX; Schema: public; Owner: postgres
--

CREATE INDEX auth_group_permissions_group_id_b120cbf9 ON public.auth_group_permissions USING btree (group_id);


--
-- Name: auth_group_permissions_permission_id_84c5c92e; Type: INDEX; Schema: public; Owner: postgres
--

CREATE INDEX auth_group_permissions_permission_id_84c5c92e ON public.auth_group_permissions USING btree (permission_id);


--
-- Name: auth_permission_content_type_id_2f476e4b; Type: INDEX; Schema: public; Owner: postgres
--

CREATE INDEX auth_permission_content_type_id_2f476e4b ON public.auth_permission USING btree (content_type_id);


--
-- Name: auth_user_groups_group_id_97559544; Type: INDEX; Schema: public; Owner: postgres
--

CREATE INDEX auth_user_groups_group_id_97559544 ON public.auth_user_groups USING btree (group_id);


--
-- Name: auth_user_groups_user_id_6a12ed8b; Type: INDEX; Schema: public; Owner: postgres
--

CREATE INDEX auth_user_groups_user_id_6a12ed8b ON public.auth_user_groups USING btree (user_id);


--
-- Name: auth_user_user_permissions_permission_id_1fbb5f2c; Type: INDEX; Schema: public; Owner: postgres
--

CREATE INDEX auth_user_user_permissions_permission_id_1fbb5f2c ON public.auth_user_user_permissions USING btree (permission_id);


--
-- Name: auth_user_user_permissions_user_id_a95ead1b; Type: INDEX; Schema: public; Owner: postgres
--

CREATE INDEX auth_user_user_permissions_user_id_a95ead1b ON public.auth_user_user_permissions USING btree (user_id);


--
-- Name: auth_user_username_6821ab7c_like; Type: INDEX; Schema: public; Owner: postgres
--

CREATE INDEX auth_user_username_6821ab7c_like ON public.auth_user USING btree (username varchar_pattern_ops);


--
-- Name: django_admin_log_content_type_id_c4bce8eb; Type: INDEX; Schema: public; Owner: postgres
--

CREATE INDEX django_admin_log_content_type_id_c4bce8eb ON public.django_admin_log USING btree (content_type_id);


--
-- Name: django_admin_log_user_id_c564eba6; Type: INDEX; Schema: public; Owner: postgres
--

CREATE INDEX django_admin_log_user_id_c564eba6 ON public.django_admin_log USING btree (user_id);


--
-- Name: django_session_expire_date_a5c62663; Type: INDEX; Schema: public; Owner: postgres
--

CREATE INDEX django_session_expire_date_a5c62663 ON public.django_session USING btree (expire_date);


--
-- Name: django_session_session_key_c0390e0f_like; Type: INDEX; Schema: public; Owner: postgres
--

CREATE INDEX django_session_session_key_c0390e0f_like ON public.django_session USING btree (session_key varchar_pattern_ops);


--
-- Name: forceartsapi_category_title_874b9d89_like; Type: INDEX; Schema: public; Owner: postgres
--

CREATE INDEX forceartsapi_category_title_874b9d89_like ON public.forceartsapi_category USING btree (title varchar_pattern_ops);


--
-- Name: forceartsapi_wallpaper_collection_id_54433960; Type: INDEX; Schema: public; Owner: postgres
--

CREATE INDEX forceartsapi_wallpaper_collection_id_54433960 ON public.forceartsapi_wallpaper USING btree (collection_id);


--
-- Name: taggit_tag_name_58eb2ed9_like; Type: INDEX; Schema: public; Owner: postgres
--

CREATE INDEX taggit_tag_name_58eb2ed9_like ON public.taggit_tag USING btree (name varchar_pattern_ops);


--
-- Name: taggit_tag_slug_6be58b2c_like; Type: INDEX; Schema: public; Owner: postgres
--

CREATE INDEX taggit_tag_slug_6be58b2c_like ON public.taggit_tag USING btree (slug varchar_pattern_ops);


--
-- Name: taggit_taggeditem_content_type_id_9957a03c; Type: INDEX; Schema: public; Owner: postgres
--

CREATE INDEX taggit_taggeditem_content_type_id_9957a03c ON public.taggit_taggeditem USING btree (content_type_id);


--
-- Name: taggit_taggeditem_content_type_id_object_id_196cc965_idx; Type: INDEX; Schema: public; Owner: postgres
--

CREATE INDEX taggit_taggeditem_content_type_id_object_id_196cc965_idx ON public.taggit_taggeditem USING btree (content_type_id, object_id);


--
-- Name: taggit_taggeditem_object_id_e2d7d1df; Type: INDEX; Schema: public; Owner: postgres
--

CREATE INDEX taggit_taggeditem_object_id_e2d7d1df ON public.taggit_taggeditem USING btree (object_id);


--
-- Name: taggit_taggeditem_tag_id_f4f5b767; Type: INDEX; Schema: public; Owner: postgres
--

CREATE INDEX taggit_taggeditem_tag_id_f4f5b767 ON public.taggit_taggeditem USING btree (tag_id);


--
-- Name: auth_group_permissions auth_group_permissio_permission_id_84c5c92e_fk_auth_perm; Type: FK CONSTRAINT; Schema: public; Owner: postgres
--

ALTER TABLE ONLY public.auth_group_permissions
    ADD CONSTRAINT auth_group_permissio_permission_id_84c5c92e_fk_auth_perm FOREIGN KEY (permission_id) REFERENCES public.auth_permission(id) DEFERRABLE INITIALLY DEFERRED;


--
-- Name: auth_group_permissions auth_group_permissions_group_id_b120cbf9_fk_auth_group_id; Type: FK CONSTRAINT; Schema: public; Owner: postgres
--

ALTER TABLE ONLY public.auth_group_permissions
    ADD CONSTRAINT auth_group_permissions_group_id_b120cbf9_fk_auth_group_id FOREIGN KEY (group_id) REFERENCES public.auth_group(id) DEFERRABLE INITIALLY DEFERRED;


--
-- Name: auth_permission auth_permission_content_type_id_2f476e4b_fk_django_co; Type: FK CONSTRAINT; Schema: public; Owner: postgres
--

ALTER TABLE ONLY public.auth_permission
    ADD CONSTRAINT auth_permission_content_type_id_2f476e4b_fk_django_co FOREIGN KEY (content_type_id) REFERENCES public.django_content_type(id) DEFERRABLE INITIALLY DEFERRED;


--
-- Name: auth_user_groups auth_user_groups_group_id_97559544_fk_auth_group_id; Type: FK CONSTRAINT; Schema: public; Owner: postgres
--

ALTER TABLE ONLY public.auth_user_groups
    ADD CONSTRAINT auth_user_groups_group_id_97559544_fk_auth_group_id FOREIGN KEY (group_id) REFERENCES public.auth_group(id) DEFERRABLE INITIALLY DEFERRED;


--
-- Name: auth_user_groups auth_user_groups_user_id_6a12ed8b_fk_auth_user_id; Type: FK CONSTRAINT; Schema: public; Owner: postgres
--

ALTER TABLE ONLY public.auth_user_groups
    ADD CONSTRAINT auth_user_groups_user_id_6a12ed8b_fk_auth_user_id FOREIGN KEY (user_id) REFERENCES public.auth_user(id) DEFERRABLE INITIALLY DEFERRED;


--
-- Name: auth_user_user_permissions auth_user_user_permi_permission_id_1fbb5f2c_fk_auth_perm; Type: FK CONSTRAINT; Schema: public; Owner: postgres
--

ALTER TABLE ONLY public.auth_user_user_permissions
    ADD CONSTRAINT auth_user_user_permi_permission_id_1fbb5f2c_fk_auth_perm FOREIGN KEY (permission_id) REFERENCES public.auth_permission(id) DEFERRABLE INITIALLY DEFERRED;


--
-- Name: auth_user_user_permissions auth_user_user_permissions_user_id_a95ead1b_fk_auth_user_id; Type: FK CONSTRAINT; Schema: public; Owner: postgres
--

ALTER TABLE ONLY public.auth_user_user_permissions
    ADD CONSTRAINT auth_user_user_permissions_user_id_a95ead1b_fk_auth_user_id FOREIGN KEY (user_id) REFERENCES public.auth_user(id) DEFERRABLE INITIALLY DEFERRED;


--
-- Name: django_admin_log django_admin_log_content_type_id_c4bce8eb_fk_django_co; Type: FK CONSTRAINT; Schema: public; Owner: postgres
--

ALTER TABLE ONLY public.django_admin_log
    ADD CONSTRAINT django_admin_log_content_type_id_c4bce8eb_fk_django_co FOREIGN KEY (content_type_id) REFERENCES public.django_content_type(id) DEFERRABLE INITIALLY DEFERRED;


--
-- Name: django_admin_log django_admin_log_user_id_c564eba6_fk_auth_user_id; Type: FK CONSTRAINT; Schema: public; Owner: postgres
--

ALTER TABLE ONLY public.django_admin_log
    ADD CONSTRAINT django_admin_log_user_id_c564eba6_fk_auth_user_id FOREIGN KEY (user_id) REFERENCES public.auth_user(id) DEFERRABLE INITIALLY DEFERRED;


--
-- Name: forceartsapi_wallpaper forceartsapi_wallpap_collection_id_54433960_fk_forcearts; Type: FK CONSTRAINT; Schema: public; Owner: postgres
--

ALTER TABLE ONLY public.forceartsapi_wallpaper
    ADD CONSTRAINT forceartsapi_wallpap_collection_id_54433960_fk_forcearts FOREIGN KEY (collection_id) REFERENCES public.forceartsapi_category(id) DEFERRABLE INITIALLY DEFERRED;


--
-- Name: taggit_taggeditem taggit_taggeditem_content_type_id_9957a03c_fk_django_co; Type: FK CONSTRAINT; Schema: public; Owner: postgres
--

ALTER TABLE ONLY public.taggit_taggeditem
    ADD CONSTRAINT taggit_taggeditem_content_type_id_9957a03c_fk_django_co FOREIGN KEY (content_type_id) REFERENCES public.django_content_type(id) DEFERRABLE INITIALLY DEFERRED;


--
-- Name: taggit_taggeditem taggit_taggeditem_tag_id_f4f5b767_fk_taggit_tag_id; Type: FK CONSTRAINT; Schema: public; Owner: postgres
--

ALTER TABLE ONLY public.taggit_taggeditem
    ADD CONSTRAINT taggit_taggeditem_tag_id_f4f5b767_fk_taggit_tag_id FOREIGN KEY (tag_id) REFERENCES public.taggit_tag(id) DEFERRABLE INITIALLY DEFERRED;


--
-- PostgreSQL database dump complete
--

